feature,held_boot,state,threshold,batches,alert_rate
first_raw_q10,1427f41c-8aa4-4a4e-8fd2-31f30cdcd65e,unloaded,442393.8,12,0.0
first_raw_q10,1427f41c-8aa4-4a4e-8fd2-31f30cdcd65e,sham,442393.8,12,0.16666666666666666
first_raw_q10,1427f41c-8aa4-4a4e-8fd2-31f30cdcd65e,hiding,442393.8,12,0.16666666666666666
first_raw_q10,48c03e11-137a-4048-98c3-210b601631e0,unloaded,442965.345,12,0.0
first_raw_q10,48c03e11-137a-4048-98c3-210b601631e0,sham,442965.345,12,0.08333333333333333
first_raw_q10,48c03e11-137a-4048-98c3-210b601631e0,hiding,442965.345,12,0.16666666666666666
first_raw_q10,7d9cd8f6-f1b9-4a3a-a784-7b3453a4210d,unloaded,443182.345,12,0.0
first_raw_q10,7d9cd8f6-f1b9-4a3a-a784-7b3453a4210d,sham,443182.345,12,0.08333333333333333
first_raw_q10,7d9cd8f6-f1b9-4a3a-a784-7b3453a4210d,hiding,443182.345,12,0.16666666666666666
first_raw_median,1427f41c-8aa4-4a4e-8fd2-31f30cdcd65e,unloaded,503219.44999999995,12,0.0
first_raw_median,1427f41c-8aa4-4a4e-8fd2-31f30cdcd65e,sham,503219.44999999995,12,0.08333333333333333
first_raw_median,1427f41c-8aa4-4a4e-8fd2-31f30cdcd65e,hiding,503219.44999999995,12,0.25
first_raw_median,48c03e11-137a-4048-98c3-210b601631e0,unloaded,505216.55,12,0.0
first_raw_median,48c03e11-137a-4048-98c3-210b601631e0,sham,505216.55,12,0.08333333333333333
first_raw_median,48c03e11-137a-4048-98c3-210b601631e0,hiding,505216.55,12,0.25
first_raw_median,7d9cd8f6-f1b9-4a3a-a784-7b3453a4210d,unloaded,493854.89999999997,12,0.0
first_raw_median,7d9cd8f6-f1b9-4a3a-a784-7b3453a4210d,sham,493854.89999999997,12,0.16666666666666666
first_raw_median,7d9cd8f6-f1b9-4a3a-a784-7b3453a4210d,hiding,493854.89999999997,12,0.25
first_div_last_raw_median,1427f41c-8aa4-4a4e-8fd2-31f30cdcd65e,unloaded,426.37901798154115,12,0.0
first_div_last_raw_median,1427f41c-8aa4-4a4e-8fd2-31f30cdcd65e,sham,426.37901798154115,12,0.16666666666666666
first_div_last_raw_median,1427f41c-8aa4-4a4e-8fd2-31f30cdcd65e,hiding,426.37901798154115,12,0.3333333333333333
first_div_last_raw_median,48c03e11-137a-4048-98c3-210b601631e0,unloaded,442.00222968542164,12,0.0
first_div_last_raw_median,48c03e11-137a-4048-98c3-210b601631e0,sham,442.00222968542164,12,0.08333333333333333
first_div_last_raw_median,48c03e11-137a-4048-98c3-210b601631e0,hiding,442.00222968542164,12,0.25
first_div_last_raw_median,7d9cd8f6-f1b9-4a3a-a784-7b3453a4210d,unloaded,444.01014942311843,12,0.0
first_div_last_raw_median,7d9cd8f6-f1b9-4a3a-a784-7b3453a4210d,sham,444.01014942311843,12,0.08333333333333333
first_div_last_raw_median,7d9cd8f6-f1b9-4a3a-a784-7b3453a4210d,hiding,444.01014942311843,12,0.25
