feature,factor_cells,attack_higher_fraction,median_attack_over_normal,min_attack_over_normal,max_attack_over_normal,median_attack_minus_normal
first_raw_q10,36,1.0,1.9519213655288659,1.427576578421538,3.885669353096063,1473979.8
first_raw_median,36,1.0,1.8981364437178736,1.3102103965429819,3.7465911082135515,1532676.5
first_raw_q90,36,0.9722222222222222,1.8028286471138935,0.6607542158717398,3.3032659860822573,2231359.700000001
first_oncpu_median,36,1.0,1.8917768594332638,1.5102919772363999,2.2502505800154884,1460686.5
first_accounted_median,36,1.0,1.897624976169175,1.5102919772363999,2.2586300441114258,1455164.25
last_raw_median,36,0.5555555555555556,1.017029808816762,0.20967470855169673,4.534998289428669,97.75
last_oncpu_median,36,0.5555555555555556,1.017029808816762,0.20967470855169673,4.534998289428669,97.75
last_accounted_median,36,0.5555555555555556,1.017029808816762,0.20967470855169673,4.534998289428669,97.75
first_minus_last_raw_median,36,1.0,1.9074418809299827,1.2971749244763626,3.780678146795344,1525298.25
first_div_last_raw_median,36,0.9166666666666666,1.7191519467566565,0.41322235459704765,8.271285074395422,211.2478158520626
first_minus_last_oncpu_median,36,1.0,1.9062666964411825,1.5136338696086693,2.258215125057305,1461643.5
first_div_last_oncpu_median,36,0.9166666666666666,1.7152293295297443,0.41322235459704765,8.271285074395422,100.38513205278589
