batch_id,boot_id,campaign_position,label,condition,visible_cardinality,filename_length,hidden_slot,actual_normal_hidden_index,iterate_calls_per_listing,filldir64_calls_per_listing,filldir64_nested_fraction,first_raw_q10,first_raw_median,first_raw_q90,first_oncpu_median,first_accounted_median,last_raw_median,last_oncpu_median,last_accounted_median,first_minus_last_raw_median,first_div_last_raw_median,first_minus_last_oncpu_median,first_div_last_oncpu_median
20260919T074542.936317Z_7085eaa9,7d9cd8f6-f1b9-4a3a-a784-7b3453a4210d,0,normal,cpu,8,160,middle,3,2.0,11.0,1.0,152184.4,158637.0,268383.10000000003,158637.0,158637.0,5863.5,5863.5,5863.5,153065.5,26.162138677288873,153065.5,26.162138677288873
20260919T074547.969008Z_4d1fe21f,7d9cd8f6-f1b9-4a3a-a784-7b3453a4210d,1,rootkit,baseline,1024,160,late,,7.0,2063.0,1.0,4077599.0,4221876.0,4959538.800000001,4221876.0,4221876.0,33139.5,33139.5,33139.5,4197692.0,136.40921052413043,4197692.0,136.40921052413043
20260919T074555.721728Z_d3099796,7d9cd8f6-f1b9-4a3a-a784-7b3453a4210d,2,normal,baseline,1024,32,early,1008,3.0,1028.0,1.0,6167000.2,6476851.0,8500133.3,6476851.0,6472818.5,8356.5,8356.5,8356.5,6466770.0,777.1066945732246,6466770.0,777.1066945732246
20260919T074608.295662Z_d607f65c,7d9cd8f6-f1b9-4a3a-a784-7b3453a4210d,3,normal,cpu,1024,160,middle,254,7.0,1032.0,1.0,4876197.4,5550763.5,6584141.1000000015,2581325.5,2578115.0,8602.5,8602.5,8602.5,5539661.0,604.9859609296177,2574749.0,282.2523726729371
20260919T074619.871951Z_d47b6368,7d9cd8f6-f1b9-4a3a-a784-7b3453a4210d,4,normal,cpu,8,32,middle,10,2.0,11.0,1.0,142906.2,168471.0,191993.50000000012,168471.0,168471.0,9020.0,9020.0,9020.0,156075.0,21.214715175224804,156075.0,21.214715175224804
20260919T074624.056251Z_4cbdd190,7d9cd8f6-f1b9-4a3a-a784-7b3453a4210d,5,normal,baseline,128,160,early,41,2.0,131.0,1.0,1512774.6,1651398.0,3076953.1000000006,1639670.0,1637009.5,8001.0,8001.0,8001.0,1644809.0,222.42807739592791,1633081.0,222.42807739592791
20260919T074629.391405Z_dd28233e,7d9cd8f6-f1b9-4a3a-a784-7b3453a4210d,6,rootkit,baseline,1024,32,early,,3.0,2055.0,1.0,12627712.2,13627045.0,14403334.600000001,13627045.0,13589579.0,7536.0,7536.0,7536.0,13597720.5,1754.7526582391386,13597720.5,1754.7526582391386
20260919T074643.996353Z_2d592fdd,7d9cd8f6-f1b9-4a3a-a784-7b3453a4210d,7,normal,cpu,1024,32,early,1008,3.0,1028.0,1.0,9320508.3,12562467.0,15818716.200000001,6772764.5,6772764.5,11518.5,11518.5,11518.5,12550796.0,1226.4982168141325,6759349.0,665.3143201018979
20260919T074650.583514Z_7ddc3f90,7d9cd8f6-f1b9-4a3a-a784-7b3453a4210d,8,normal,baseline,128,160,late,41,2.0,131.0,1.0,1534547.2,1597568.0,2141489.0000000037,1590495.5,1575006.5,7062.0,7062.0,7062.0,1591061.5,233.1472664541515,1583732.5,233.1472664541515
20260919T074654.991524Z_8a3dd703,7d9cd8f6-f1b9-4a3a-a784-7b3453a4210d,9,rootkit,baseline,128,160,middle,,2.0,261.0,1.0,2983367.3,3134716.0,3852294.2000000016,3134716.0,3134716.0,27657.0,27657.0,27657.0,3084895.5,169.35086499690132,3084895.5,168.55253815497315
20260919T074700.275821Z_241fc6f6,7d9cd8f6-f1b9-4a3a-a784-7b3453a4210d,10,rootkit,baseline,1024,160,middle,,7.0,2063.0,1.0,4097866.2,4194293.5,5013425.600000001,4194293.5,4190652.0,7147.0,7147.0,7147.0,4188673.5,614.3932363469834,4188673.5,614.3932363469834
20260919T074708.308829Z_c8f0d5c7,7d9cd8f6-f1b9-4a3a-a784-7b3453a4210d,11,normal,baseline,1024,160,middle,254,7.0,1032.0,1.0,2086973.5,2195848.5,2659744.800000001,2195848.5,2190151.0,8017.0,8017.0,8017.0,2164736.5,287.6695897182591,2164736.5,287.6695897182591
20260919T074713.916807Z_d8c846d7,7d9cd8f6-f1b9-4a3a-a784-7b3453a4210d,12,normal,baseline,8,32,late,10,2.0,11.0,1.0,171175.8,190606.0,226273.60000000003,190606.0,190606.0,5701.0,5701.0,5701.0,184878.0,33.13983752818186,184878.0,33.13983752818186
20260919T074718.066384Z_b133fd22,7d9cd8f6-f1b9-4a3a-a784-7b3453a4210d,13,rootkit,baseline,8,160,middle,,2.0,21.0,1.0,278177.7,317005.0,345013.8000000001,317005.0,317005.0,5738.5,5738.5,5738.5,308969.0,54.741228416778,308969.0,54.741228416778
20260919T074730.159910Z_f182bf6d,7d9cd8f6-f1b9-4a3a-a784-7b3453a4210d,14,rootkit,cpu,1024,160,middle,,7.0,2063.0,1.0,6961145.2,10526718.5,12717973.2,4791191.5,4789438.5,9875.5,9875.5,9875.5,10515999.0,1024.7911620791829,4761177.5,520.3995320796196
20260919T074737.800042Z_9d8e85ac,7d9cd8f6-f1b9-4a3a-a784-7b3453a4210d,15,normal,baseline,1024,32,middle,1008,3.0,1028.0,1.0,6067274.9,6546747.0,7822053.800000001,6546747.0,6528487.0,7396.0,7396.0,7396.0,6539791.5,858.1559850923493,6539791.5,858.1559850923493
20260919T074743.440013Z_4fea81a1,7d9cd8f6-f1b9-4a3a-a784-7b3453a4210d,16,rootkit,baseline,128,160,late,,2.0,261.0,1.0,3007054.7,3171532.5,3644587.7,3150140.5,3141580.5,25944.5,25944.5,25944.5,3164503.0,155.21939535926674,3142426.5,154.1637868713038
20260919T074753.994886Z_04a89fd2,7d9cd8f6-f1b9-4a3a-a784-7b3453a4210d,17,rootkit,cpu,8,160,early,,2.0,21.0,1.0,283081.3,342990.5,444849.5000000001,342990.5,342990.5,8655.5,8655.5,8655.5,328292.0,41.69030313559802,328292.0,41.69030313559802
20260919T074758.066228Z_a4ef7de4,7d9cd8f6-f1b9-4a3a-a784-7b3453a4210d,18,rootkit,baseline,8,32,early,,2.0,21.0,1.0,290358.1,311315.0,462282.6,311315.0,311315.0,5773.5,5773.5,5773.5,305601.0,53.99507563204116,305601.0,53.99507563204116
20260919T074809.817052Z_ae4bf593,7d9cd8f6-f1b9-4a3a-a784-7b3453a4210d,19,normal,cpu,1024,160,late,254,7.0,1032.0,1.0,2459308.7,5133992.0,6594756.1000000015,2482023.5,2478778.0,7141.5,7141.5,7141.5,5112039.5,535.8333770311715,2474010.0,323.0122114607152
20260919T074821.618610Z_3ea9823e,7d9cd8f6-f1b9-4a3a-a784-7b3453a4210d,20,rootkit,cpu,128,32,early,,2.0,261.0,1.0,5236460.1,5815698.5,6622406.300000004,3033555.0,3033555.0,13414.5,13414.5,13414.5,5808830.5,450.97367240174776,3017962.5,241.29256871685706
20260919T074833.883710Z_eb30ea76,7d9cd8f6-f1b9-4a3a-a784-7b3453a4210d,21,rootkit,cpu,1024,32,late,,3.0,2055.0,1.0,22975195.3,27368673.0,32579084.80000001,14225560.0,14225560.0,14312.5,14312.5,14312.5,27352806.5,1827.256503906682,14213604.5,1066.3440582337716
20260919T074849.825503Z_640964a2,7d9cd8f6-f1b9-4a3a-a784-7b3453a4210d,22,normal,cpu,1024,160,early,254,7.0,1032.0,1.0,2078585.8,5272496.0,6183574.200000002,2599071.0,2570277.0,15659.5,15659.5,15659.5,5259401.0,312.5320723951497,2591134.5,173.22045894537493
20260919T074855.405949Z_a0f6aa83,7d9cd8f6-f1b9-4a3a-a784-7b3453a4210d,23,rootkit,baseline,8,160,early,,2.0,21.0,1.0,283375.2,321374.0,373351.9,321374.0,321374.0,5688.5,5688.5,5688.5,315734.0,55.81681946513383,315734.0,55.81681946513383
20260919T074859.695798Z_8c4278a9,7d9cd8f6-f1b9-4a3a-a784-7b3453a4210d,24,rootkit,baseline,128,32,early,,2.0,261.0,1.0,2742874.4,2919367.0,4596634.100000002,2919367.0,2919367.0,7166.0,7166.0,7166.0,2912351.5,406.3272959857872,2912351.5,404.4634796173507
20260919T074910.547490Z_8a5b64d7,7d9cd8f6-f1b9-4a3a-a784-7b3453a4210d,25,rootkit,cpu,128,160,early,,2.0,261.0,1.0,5480851.2,6278646.0,8512286.8,3325079.5,3308825.0,10778.0,10778.0,10778.0,6266892.0,607.1090218813391,3314933.5,318.9707996442453
20260919T074916.615857Z_3d52412f,7d9cd8f6-f1b9-4a3a-a784-7b3453a4210d,26,normal,baseline,1024,160,late,254,7.0,1032.0,1.0,2078699.4,2150421.0,2468450.3000000007,2150421.0,2147156.0,7307.5,7307.5,7307.5,2144240.5,322.90392929265585,2144240.5,321.31239414201025
20260919T074930.029651Z_75da707f,7d9cd8f6-f1b9-4a3a-a784-7b3453a4210d,27,rootkit,cpu,1024,32,middle,,3.0,2055.0,1.0,22568368.6,27851566.5,35979108.10000001,14669027.0,14619607.0,16885.0,16885.0,16885.0,27835394.5,1710.116354954168,14629065.0,963.5265694769382
20260919T074944.454946Z_9e17af97,7d9cd8f6-f1b9-4a3a-a784-7b3453a4210d,28,normal,cpu,1024,32,late,1008,3.0,1028.0,1.0,9294770.3,12561935.0,15849731.500000004,6801740.5,6778577.5,10774.5,10774.5,10774.5,12545369.0,1171.0931009878905,6789050.0,637.0313032709292
20260919T074956.611078Z_f3ed17a0,7d9cd8f6-f1b9-4a3a-a784-7b3453a4210d,29,normal,cpu,128,32,late,129,2.0,131.0,1.0,1536909.4,4425548.0,5519195.600000003,1689973.0,1689973.0,11834.5,11834.5,11834.5,4415174.0,213.88455121150952,1678889.0,172.42762636156613
20260919T075008.931271Z_f850a6e6,7d9cd8f6-f1b9-4a3a-a784-7b3453a4210d,30,rootkit,cpu,1024,160,late,,7.0,2063.0,1.0,7018147.0,10199785.5,10951905.600000001,4759866.0,4750825.5,13135.0,13135.0,13135.0,10184989.5,774.2622999670642,4748176.0,351.05617489599274
20260919T075017.300383Z_d1b473cc,7d9cd8f6-f1b9-4a3a-a784-7b3453a4210d,31,normal,baseline,8,160,early,3,2.0,11.0,1.0,191941.5,208928.5,286174.7,208928.5,208928.5,5875.0,5875.0,5875.0,203214.5,36.56476183475448,203214.5,36.56476183475448
20260919T075022.065956Z_072e01a3,7d9cd8f6-f1b9-4a3a-a784-7b3453a4210d,32,normal,baseline,1024,32,late,1008,3.0,1028.0,1.0,6118150.5,6529351.5,8016978.7,6529351.5,6501603.5,7690.0,7690.0,7690.0,6503598.5,850.4913088162609,6503598.5,849.527784499139
20260919T075028.031717Z_7e9af9d6,7d9cd8f6-f1b9-4a3a-a784-7b3453a4210d,33,normal,baseline,1024,160,early,254,7.0,1032.0,1.0,2108283.7,2232528.0,2402171.3000000003,2232528.0,2225035.0,32724.5,32724.5,32724.5,2210732.0,73.43924209654796,2210732.0,73.43924209654796
20260919T075039.821038Z_104086eb,7d9cd8f6-f1b9-4a3a-a784-7b3453a4210d,34,normal,cpu,128,160,early,41,2.0,131.0,1.0,1682045.8,4630274.5,4974404.3,1732442.0,1728334.5,17759.0,17759.0,17759.0,4615446.5,223.7665671163938,1717806.5,93.32651378577555
20260919T075050.534574Z_d141471b,7d9cd8f6-f1b9-4a3a-a784-7b3453a4210d,35,rootkit,cpu,128,160,late,,2.0,261.0,1.0,5817062.8,6317889.0,9367574.6,3291994.5,3271736.0,11896.0,11896.0,11896.0,6307006.0,620.8816418390718,3281794.0,279.5546969694914
20260919T075101.386132Z_b2a63ed5,7d9cd8f6-f1b9-4a3a-a784-7b3453a4210d,36,rootkit,cpu,128,32,late,,2.0,261.0,1.0,2804002.7,5798399.0,8392982.8,3110915.0,3110915.0,12232.0,12232.0,12232.0,5727253.0,433.0990606201485,3101490.5,269.70372044240753
20260919T075105.947470Z_6a8cdd9b,7d9cd8f6-f1b9-4a3a-a784-7b3453a4210d,37,rootkit,baseline,8,32,late,,2.0,21.0,1.0,270847.2,289621.5,419079.30000000005,289621.5,289621.5,5730.5,5730.5,5730.5,283892.5,51.19691594210804,283892.5,51.19691594210804
20260919T075116.713190Z_0dcda59f,7d9cd8f6-f1b9-4a3a-a784-7b3453a4210d,38,normal,cpu,8,32,early,10,2.0,11.0,1.0,142413.5,160656.5,548368.2000000041,160656.5,160656.5,5768.0,5768.0,5768.0,153106.5,25.411101242113112,153106.5,25.411101242113112
20260919T075127.064298Z_3a0b8d70,7d9cd8f6-f1b9-4a3a-a784-7b3453a4210d,39,rootkit,cpu,8,32,late,,2.0,21.0,1.0,261152.2,308039.5,415506.6000000001,308039.5,308039.5,9778.0,9778.0,9778.0,295532.5,30.71531653091311,295532.5,30.71531653091311
20260919T075138.283654Z_991183c1,7d9cd8f6-f1b9-4a3a-a784-7b3453a4210d,40,normal,cpu,128,160,middle,41,2.0,131.0,1.0,1499388.0,4574439.5,5125609.100000001,1790279.0,1790279.0,13435.5,13435.5,13435.5,4564000.5,230.00333280888006,1775846.0,125.35571723801162
20260919T075149.134470Z_4781d40a,7d9cd8f6-f1b9-4a3a-a784-7b3453a4210d,41,normal,cpu,8,32,late,10,2.0,11.0,1.0,143977.5,166048.5,221576.7,166048.5,166048.5,8989.0,8989.0,8989.0,156734.0,20.232635305271423,156734.0,20.232635305271423
20260919T075154.310693Z_9d128477,7d9cd8f6-f1b9-4a3a-a784-7b3453a4210d,42,rootkit,baseline,1024,160,early,,7.0,2063.0,1.0,4099075.7,4289392.0,4976865.4,4289392.0,4289392.0,6861.5,6861.5,6861.5,4277462.0,607.4369070280891,4277462.0,607.4369070280891
20260919T075201.382586Z_63535cb9,7d9cd8f6-f1b9-4a3a-a784-7b3453a4210d,43,rootkit,baseline,8,32,middle,,2.0,21.0,1.0,276548.3,310959.0,693607.9000000025,310959.0,308275.0,5840.5,5840.5,5840.5,305336.0,53.87781784982901,305336.0,53.87781784982901
20260919T075206.419123Z_4cb8abd0,7d9cd8f6-f1b9-4a3a-a784-7b3453a4210d,44,normal,baseline,8,160,middle,3,2.0,11.0,1.0,181553.3,209896.5,236526.7,209896.5,209896.5,5749.5,5749.5,5749.5,204124.0,36.09587959827732,204124.0,36.09587959827732
20260919T075210.579370Z_77f002b2,7d9cd8f6-f1b9-4a3a-a784-7b3453a4210d,45,rootkit,baseline,8,160,late,,2.0,21.0,1.0,296336.5,321585.5,412895.4000000001,321585.5,321585.5,5753.5,5753.5,5753.5,315983.5,57.70964443411573,315983.5,57.70964443411573
20260919T075220.894163Z_885b9f02,7d9cd8f6-f1b9-4a3a-a784-7b3453a4210d,46,rootkit,cpu,8,160,middle,,2.0,21.0,1.0,287159.7,313681.0,346275.70000000007,313681.0,313681.0,9181.0,9181.0,9181.0,302515.0,33.999766239785224,302515.0,33.999766239785224
20260919T075232.273915Z_a1d4abb1,7d9cd8f6-f1b9-4a3a-a784-7b3453a4210d,47,normal,cpu,128,32,middle,129,2.0,131.0,1.0,1552011.1,4458317.0,5245147.500000001,1728658.0,1728658.0,15247.5,15247.5,15247.5,4443775.0,257.8633149927524,1713964.0,127.10348845564084
20260919T075236.742049Z_17a29e72,7d9cd8f6-f1b9-4a3a-a784-7b3453a4210d,48,normal,baseline,128,160,middle,41,2.0,131.0,1.0,1507915.2,1589397.0,2546494.000000002,1589397.0,1571893.0,15388.5,15388.5,15388.5,1554622.5,164.55327504243235,1554622.5,164.55327504243235
20260919T075247.259403Z_a348dede,7d9cd8f6-f1b9-4a3a-a784-7b3453a4210d,49,rootkit,cpu,8,32,middle,,2.0,21.0,1.0,239490.1,263969.5,401006.8000000001,263969.5,263969.5,5703.5,5703.5,5703.5,256581.5,43.38646661861118,256581.5,43.19915546609684
20260919T075259.163008Z_aa38a39d,7d9cd8f6-f1b9-4a3a-a784-7b3453a4210d,50,rootkit,cpu,1024,32,early,,3.0,2055.0,1.0,22927765.7,25598405.5,31482863.20000001,13717815.0,13717815.0,10542.5,10542.5,10542.5,25579407.0,2280.86086415384,13698940.0,1268.8058659788114
20260919T075306.554479Z_e796ad32,7d9cd8f6-f1b9-4a3a-a784-7b3453a4210d,51,normal,baseline,8,32,middle,10,2.0,11.0,1.0,159327.0,184264.5,209976.4,184264.5,184264.5,5696.0,5696.0,5696.0,178570.5,33.17041936254458,178570.5,33.17041936254458
20260919T075310.852055Z_b9eedd9c,7d9cd8f6-f1b9-4a3a-a784-7b3453a4210d,52,normal,baseline,128,32,middle,129,2.0,131.0,1.0,1434017.7,1519051.5,1679894.8000000003,1513412.0,1513412.0,6434.0,6434.0,6434.0,1513114.5,237.29046087661345,1507475.0,237.29046087661345
20260919T075321.587328Z_a463cc9f,7d9cd8f6-f1b9-4a3a-a784-7b3453a4210d,53,rootkit,cpu,8,32,early,,2.0,21.0,1.0,256098.5,290565.5,362336.6000000001,290565.5,290565.5,7224.0,7224.0,7224.0,280719.0,43.9098306331204,280719.0,43.9098306331204
20260919T075332.504626Z_22040369,7d9cd8f6-f1b9-4a3a-a784-7b3453a4210d,54,normal,cpu,128,160,late,41,2.0,131.0,1.0,1549536.7,4796113.5,5916461.200000003,1802740.5,1770065.5,13043.0,13043.0,13043.0,4786682.5,282.21531084015646,1793309.5,153.38208928658946
20260919T075337.641893Z_c439c912,7d9cd8f6-f1b9-4a3a-a784-7b3453a4210d,55,rootkit,baseline,1024,32,late,,3.0,2055.0,1.0,12525172.4,14692677.0,16327937.4,14692677.0,14684717.0,7107.0,7107.0,7107.0,14686524.5,1882.5874374922596,14686524.5,1882.5874374922596
20260919T075351.599396Z_50687ad5,7d9cd8f6-f1b9-4a3a-a784-7b3453a4210d,56,normal,cpu,128,32,early,129,2.0,131.0,1.0,1378346.6,1552264.0,4513367.7,1523652.5,1504488.5,11700.0,11700.0,11700.0,1536452.0,217.97135544227805,1504524.5,137.79839869212668
20260919T075356.094677Z_d7940bc3,7d9cd8f6-f1b9-4a3a-a784-7b3453a4210d,57,normal,baseline,8,32,early,10,2.0,11.0,1.0,171226.9,190536.0,248024.8000000004,190536.0,190536.0,5688.5,5688.5,5688.5,185019.0,34.47106717365605,185019.0,34.47106717365605
20260919T075400.318620Z_9fc55d52,7d9cd8f6-f1b9-4a3a-a784-7b3453a4210d,58,normal,baseline,8,160,late,3,2.0,11.0,1.0,178895.7,204563.0,309983.3,204563.0,204563.0,5643.0,5643.0,5643.0,198763.0,36.131964897504105,198763.0,36.131964897504105
20260919T075404.716092Z_55374bcc,7d9cd8f6-f1b9-4a3a-a784-7b3453a4210d,59,normal,baseline,128,32,early,129,2.0,131.0,1.0,1414015.0,1485003.5,1644236.8,1485003.5,1478398.0,6152.0,6152.0,6152.0,1478918.0,237.5730616346189,1478918.0,237.5730616346189
20260919T075415.174436Z_8e60f8ea,7d9cd8f6-f1b9-4a3a-a784-7b3453a4210d,60,normal,cpu,8,160,early,3,2.0,11.0,1.0,153122.0,185654.5,259608.10000000003,185654.5,184858.0,9142.0,9142.0,9142.0,172843.0,21.356421478463133,172843.0,21.356421478463133
20260919T075420.050043Z_40b8310f,7d9cd8f6-f1b9-4a3a-a784-7b3453a4210d,61,rootkit,baseline,1024,32,middle,,3.0,2055.0,1.0,12411104.9,13983903.5,14937635.4,13983903.5,13964226.0,7358.5,7358.5,7358.5,13976984.5,1752.3891900353713,13976984.5,1752.3891900353713
20260919T075434.155935Z_b33ada90,7d9cd8f6-f1b9-4a3a-a784-7b3453a4210d,62,normal,cpu,1024,32,middle,1008,3.0,1028.0,1.0,10874565.5,12675228.0,15512582.600000001,6814745.0,6785231.5,9744.0,9744.0,9744.0,12668028.0,1250.0745238112436,6806008.5,682.2075744084829
20260919T075439.759429Z_cce978ea,7d9cd8f6-f1b9-4a3a-a784-7b3453a4210d,63,rootkit,baseline,128,160,early,,2.0,261.0,1.0,2989252.4,3042989.5,4016608.9000000004,3042989.5,3032019.0,33220.0,33220.0,33220.0,3020977.0,91.91225387003968,3020977.0,91.91225387003968
20260919T075450.836035Z_4417b873,7d9cd8f6-f1b9-4a3a-a784-7b3453a4210d,64,normal,cpu,8,160,late,3,2.0,11.0,1.0,153529.2,177920.5,209089.8,177920.5,177920.5,8947.5,8947.5,8947.5,168083.5,20.571000848987186,168083.5,20.571000848987186
20260919T075455.117202Z_ab3640ab,7d9cd8f6-f1b9-4a3a-a784-7b3453a4210d,65,rootkit,baseline,128,32,late,,2.0,261.0,1.0,2799706.3,2901700.0,3352640.1000000006,2901700.0,2901700.0,6116.0,6116.0,6116.0,2895445.0,471.1884398852162,2895445.0,469.916163618344
20260919T075505.792956Z_1a6308e3,7d9cd8f6-f1b9-4a3a-a784-7b3453a4210d,66,rootkit,cpu,8,160,late,,2.0,21.0,1.0,282202.2,350146.0,537917.3,350146.0,350146.0,9423.5,9423.5,9423.5,335081.5,34.57843663935675,335081.5,34.57843663935675
20260919T075510.600948Z_16628bea,7d9cd8f6-f1b9-4a3a-a784-7b3453a4210d,67,normal,baseline,128,32,late,129,2.0,131.0,1.0,1425841.5,1527349.0,1891623.1000000006,1527349.0,1512323.0,6540.0,6540.0,6540.0,1511572.5,237.58314562347667,1513429.5,237.58314562347667
20260919T075521.389553Z_8e749153,7d9cd8f6-f1b9-4a3a-a784-7b3453a4210d,68,rootkit,cpu,128,32,middle,,2.0,261.0,1.0,2960153.4,6001894.5,9167483.0,3172068.5,3152189.0,10664.5,10664.5,10664.5,5991842.0,489.58250048538736,3156351.0,280.7060862157946
20260919T075533.764340Z_0ead9873,7d9cd8f6-f1b9-4a3a-a784-7b3453a4210d,69,rootkit,cpu,1024,160,early,,7.0,2063.0,1.0,6714881.4,10428631.5,11336320.1,4849554.5,4836586.0,9734.0,9734.0,9734.0,10422333.0,805.0055244992907,4843292.0,474.54500323754564
20260919T075540.635776Z_d4a442b5,7d9cd8f6-f1b9-4a3a-a784-7b3453a4210d,70,rootkit,baseline,128,32,middle,,2.0,261.0,1.0,2776711.2,2850853.5,3127815.1000000006,2850853.5,2848002.5,6557.0,6557.0,6557.0,2836618.0,440.5715831720996,2836618.0,440.5715831720996
20260919T075551.675014Z_fc2b18bc,7d9cd8f6-f1b9-4a3a-a784-7b3453a4210d,71,rootkit,cpu,128,160,middle,,2.0,261.0,1.0,5826126.0,6330195.0,8814240.9,3268241.5,3259638.5,10238.5,10238.5,10238.5,6316296.5,702.718773328394,3256746.0,337.07270672115465
