boot_id,method,normal_n,normal_fpr,sham_n,sham_fpr,attack_n,attack_recall,attack_updates,attack_update_rate,normal_updates,normal_update_rate,max_window_attack_fraction,unknown_rate
b7600d17-1e0b-43ba-96cd-edb4c442fe93,fixed,200,0.485,20,0.8,160,1.0,0,0.0,0,0.0,0.0,0.0
b7600d17-1e0b-43ba-96cd-edb4c442fe93,blind,200,0.095,20,0.75,160,0.175,160,1.0,200,1.0,1.0,0.0
b7600d17-1e0b-43ba-96cd-edb4c442fe93,guarded,200,0.1,20,0.75,160,1.0,6,0.0375,200,1.0,0.3,0.0
d9aa7d65-0706-41a8-86e5-68d32ab33683,fixed,200,0.535,20,0.55,160,1.0,0,0.0,0,0.0,0.0,0.0
d9aa7d65-0706-41a8-86e5-68d32ab33683,blind,200,0.17,20,1.0,160,0.30625,160,1.0,200,1.0,1.0,0.0
d9aa7d65-0706-41a8-86e5-68d32ab33683,guarded,200,0.195,20,1.0,160,1.0,0,0.0,192,0.96,0.0,0.0
f7aaa215-6074-4abe-9e1b-80af7b615811,fixed,200,0.715,20,1.0,160,1.0,0,0.0,0,0.0,0.0,0.0
f7aaa215-6074-4abe-9e1b-80af7b615811,blind,200,0.165,20,0.85,160,0.1375,160,1.0,200,1.0,1.0,0.0
f7aaa215-6074-4abe-9e1b-80af7b615811,guarded,200,0.18,20,0.85,160,1.0,2,0.0125,200,1.0,0.1,0.0
78de548c-168e-47a4-b0a0-06fb0a2759b0,fixed,200,0.68,20,0.95,160,1.0,0,0.0,0,0.0,0.0,0.0
78de548c-168e-47a4-b0a0-06fb0a2759b0,blind,200,0.105,20,0.45,160,0.09375,160,1.0,200,1.0,1.0,0.0
78de548c-168e-47a4-b0a0-06fb0a2759b0,guarded,200,0.13,20,0.55,160,1.0,0,0.0,199,0.995,0.0,0.0
d3e31330-37b4-4c44-bd02-2615e3fcaaa1,fixed,200,0.57,20,0.65,160,1.0,0,0.0,0,0.0,0.0,0.0
d3e31330-37b4-4c44-bd02-2615e3fcaaa1,blind,200,0.065,20,0.35,160,0.1125,160,1.0,200,1.0,1.0,0.0
d3e31330-37b4-4c44-bd02-2615e3fcaaa1,guarded,200,0.1,20,0.5,160,1.0,0,0.0,199,0.995,0.0,0.0
