seed,source_scenario,target_scenario,threshold,tp,fp,tn,fn,recall,fpr,precision,f1,accuracy,mcc
0,default,default,31.997882893008402,100,5,70,0,1.0,0.06666666666666667,0.9523809523809523,0.975609756097561,0.9714285714285714,0.9428090415820634
0,default,file_count,31.997882893008402,100,150,0,0,1.0,1.0,0.4,0.5714285714285715,0.4,nan
0,default,filename_length,31.997882893008402,100,23,127,0,1.0,0.15333333333333332,0.8130081300813008,0.8968609865470852,0.908,0.8296667303615559
0,default,ls_basic,31.997882893008402,100,150,0,0,1.0,1.0,0.4,0.5714285714285715,0.4,nan
0,default,system_load,31.997882893008402,100,148,2,0,1.0,0.9866666666666667,0.4032258064516129,0.5747126436781609,0.408,0.07332355751067665
1,default,default,1072.9358224005168,0,0,75,100,0.0,0.0,nan,nan,0.42857142857142855,nan
1,default,file_count,1072.9358224005168,100,150,0,0,1.0,1.0,0.4,0.5714285714285715,0.4,nan
1,default,filename_length,1072.9358224005168,0,0,150,100,0.0,0.0,nan,nan,0.6,nan
1,default,ls_basic,1072.9358224005168,100,150,0,0,1.0,1.0,0.4,0.5714285714285715,0.4,nan
1,default,system_load,1072.9358224005168,100,148,2,0,1.0,0.9866666666666667,0.4032258064516129,0.5747126436781609,0.408,0.07332355751067665
2,default,default,30.258509891886405,100,7,68,0,1.0,0.09333333333333334,0.9345794392523364,0.966183574879227,0.96,0.9205172594373874
2,default,file_count,30.258509891886405,100,150,0,0,1.0,1.0,0.4,0.5714285714285715,0.4,nan
2,default,filename_length,30.258509891886405,100,24,126,0,1.0,0.16,0.8064516129032258,0.8928571428571428,0.904,0.8230548917531015
2,default,ls_basic,30.258509891886405,100,150,0,0,1.0,1.0,0.4,0.5714285714285715,0.4,nan
2,default,system_load,30.258509891886405,100,149,1,0,1.0,0.9933333333333333,0.40160642570281124,0.5730659025787965,0.404,0.05174336838042219
3,default,default,78.98084397008732,100,1,74,0,1.0,0.013333333333333334,0.9900990099009901,0.9950248756218906,0.9942857142857143,0.988381348351423
3,default,file_count,78.98084397008732,100,150,0,0,1.0,1.0,0.4,0.5714285714285715,0.4,nan
3,default,filename_length,78.98084397008732,100,3,147,0,1.0,0.02,0.970873786407767,0.9852216748768473,0.988,0.9754262200082647
3,default,ls_basic,78.98084397008732,100,150,0,0,1.0,1.0,0.4,0.5714285714285715,0.4,nan
3,default,system_load,78.98084397008732,100,148,2,0,1.0,0.9866666666666667,0.4032258064516129,0.5747126436781609,0.408,0.07332355751067665
4,default,default,55.35340625071971,100,5,70,0,1.0,0.06666666666666667,0.9523809523809523,0.975609756097561,0.9714285714285714,0.9428090415820634
4,default,file_count,55.35340625071971,100,150,0,0,1.0,1.0,0.4,0.5714285714285715,0.4,nan
4,default,filename_length,55.35340625071971,100,8,142,0,1.0,0.05333333333333334,0.9259259259259259,0.9615384615384615,0.968,0.9362388636862621
4,default,ls_basic,55.35340625071971,100,150,0,0,1.0,1.0,0.4,0.5714285714285715,0.4,nan
4,default,system_load,55.35340625071971,100,148,2,0,1.0,0.9866666666666667,0.4032258064516129,0.5747126436781609,0.408,0.07332355751067665
5,default,default,56.82266470479793,100,1,74,0,1.0,0.013333333333333334,0.9900990099009901,0.9950248756218906,0.9942857142857143,0.988381348351423
5,default,file_count,56.82266470479793,100,150,0,0,1.0,1.0,0.4,0.5714285714285715,0.4,nan
5,default,filename_length,56.82266470479793,100,2,148,0,1.0,0.013333333333333334,0.9803921568627451,0.99009900990099,0.992,0.9835244081556433
5,default,ls_basic,56.82266470479793,100,150,0,0,1.0,1.0,0.4,0.5714285714285715,0.4,nan
5,default,system_load,56.82266470479793,100,148,2,0,1.0,0.9866666666666667,0.4032258064516129,0.5747126436781609,0.408,0.07332355751067665
6,default,default,77.03173094924892,100,2,73,0,1.0,0.02666666666666667,0.9803921568627451,0.99009900990099,0.9885714285714285,0.9768563691828352
6,default,file_count,77.03173094924892,100,150,0,0,1.0,1.0,0.4,0.5714285714285715,0.4,nan
6,default,filename_length,77.03173094924892,100,1,149,0,1.0,0.006666666666666667,0.9900990099009901,0.9950248756218906,0.996,0.9917148530878135
6,default,ls_basic,77.03173094924892,100,150,0,0,1.0,1.0,0.4,0.5714285714285715,0.4,nan
6,default,system_load,77.03173094924892,100,148,2,0,1.0,0.9866666666666667,0.4032258064516129,0.5747126436781609,0.408,0.07332355751067665
7,default,default,41.78158939106996,100,4,71,0,1.0,0.05333333333333334,0.9615384615384616,0.9803921568627451,0.9771428571428571,0.9540735874430286
7,default,file_count,41.78158939106996,100,150,0,0,1.0,1.0,0.4,0.5714285714285715,0.4,nan
7,default,filename_length,41.78158939106996,100,7,143,0,1.0,0.04666666666666667,0.9345794392523364,0.966183574879227,0.972,0.9439098114159146
7,default,ls_basic,41.78158939106996,100,150,0,0,1.0,1.0,0.4,0.5714285714285715,0.4,nan
7,default,system_load,41.78158939106996,100,149,1,0,1.0,0.9933333333333333,0.40160642570281124,0.5730659025787965,0.404,0.05174336838042219
8,default,default,21.285526071153527,100,7,68,0,1.0,0.09333333333333334,0.9345794392523364,0.966183574879227,0.96,0.9205172594373874
8,default,file_count,21.285526071153527,100,150,0,0,1.0,1.0,0.4,0.5714285714285715,0.4,nan
8,default,filename_length,21.285526071153527,100,37,113,0,1.0,0.24666666666666667,0.7299270072992701,0.8438818565400844,0.852,0.7415378247256059
8,default,ls_basic,21.285526071153527,100,150,0,0,1.0,1.0,0.4,0.5714285714285715,0.4,nan
8,default,system_load,21.285526071153527,100,150,0,0,1.0,1.0,0.4,0.5714285714285715,0.4,nan
9,default,default,131.68043934103937,100,0,75,0,1.0,0.0,1.0,1.0,1.0,1.0
9,default,file_count,131.68043934103937,100,150,0,0,1.0,1.0,0.4,0.5714285714285715,0.4,nan
9,default,filename_length,131.68043934103937,100,0,150,0,1.0,0.0,1.0,1.0,1.0,1.0
9,default,ls_basic,131.68043934103937,100,150,0,0,1.0,1.0,0.4,0.5714285714285715,0.4,nan
9,default,system_load,131.68043934103937,100,148,2,0,1.0,0.9866666666666667,0.4032258064516129,0.5747126436781609,0.408,0.07332355751067665
10,default,default,79.36960273380987,100,2,73,0,1.0,0.02666666666666667,0.9803921568627451,0.99009900990099,0.9885714285714285,0.9768563691828352
10,default,file_count,79.36960273380987,100,150,0,0,1.0,1.0,0.4,0.5714285714285715,0.4,nan
10,default,filename_length,79.36960273380987,100,2,148,0,1.0,0.013333333333333334,0.9803921568627451,0.99009900990099,0.992,0.9835244081556433
10,default,ls_basic,79.36960273380987,100,150,0,0,1.0,1.0,0.4,0.5714285714285715,0.4,nan
10,default,system_load,79.36960273380987,100,148,2,0,1.0,0.9866666666666667,0.4032258064516129,0.5747126436781609,0.408,0.07332355751067665
11,default,default,29.335812305346888,100,3,72,0,1.0,0.04,0.970873786407767,0.9852216748768473,0.9828571428571429,0.9654215840509556
11,default,file_count,29.335812305346888,100,150,0,0,1.0,1.0,0.4,0.5714285714285715,0.4,nan
11,default,filename_length,29.335812305346888,100,11,139,0,1.0,0.07333333333333333,0.9009009009009009,0.947867298578199,0.956,0.913692965297881
11,default,ls_basic,29.335812305346888,100,150,0,0,1.0,1.0,0.4,0.5714285714285715,0.4,nan
11,default,system_load,29.335812305346888,100,149,1,0,1.0,0.9933333333333333,0.40160642570281124,0.5730659025787965,0.404,0.05174336838042219
12,default,default,75.55265124123113,100,4,71,0,1.0,0.05333333333333334,0.9615384615384616,0.9803921568627451,0.9771428571428571,0.9540735874430286
12,default,file_count,75.55265124123113,100,150,0,0,1.0,1.0,0.4,0.5714285714285715,0.4,nan
12,default,filename_length,75.55265124123113,100,6,144,0,1.0,0.04,0.9433962264150944,0.970873786407767,0.976,0.9516619028617729
12,default,ls_basic,75.55265124123113,100,150,0,0,1.0,1.0,0.4,0.5714285714285715,0.4,nan
12,default,system_load,75.55265124123113,100,148,2,0,1.0,0.9866666666666667,0.4032258064516129,0.5747126436781609,0.408,0.07332355751067665
13,default,default,21.13357218308174,100,13,62,0,1.0,0.17333333333333334,0.8849557522123894,0.9389671361502347,0.9257142857142857,0.8553148086107878
13,default,file_count,21.13357218308174,100,150,0,0,1.0,1.0,0.4,0.5714285714285715,0.4,nan
13,default,filename_length,21.13357218308174,100,42,108,0,1.0,0.28,0.704225352112676,0.8264462809917354,0.832,0.712068994916312
13,default,ls_basic,21.13357218308174,100,150,0,0,1.0,1.0,0.4,0.5714285714285715,0.4,nan
13,default,system_load,21.13357218308174,100,149,1,0,1.0,0.9933333333333333,0.40160642570281124,0.5730659025787965,0.404,0.05174336838042219
14,default,default,52.71732314758167,100,1,74,0,1.0,0.013333333333333334,0.9900990099009901,0.9950248756218906,0.9942857142857143,0.988381348351423
14,default,file_count,52.71732314758167,100,150,0,0,1.0,1.0,0.4,0.5714285714285715,0.4,nan
14,default,filename_length,52.71732314758167,100,6,144,0,1.0,0.04,0.9433962264150944,0.970873786407767,0.976,0.9516619028617729
14,default,ls_basic,52.71732314758167,100,150,0,0,1.0,1.0,0.4,0.5714285714285715,0.4,nan
14,default,system_load,52.71732314758167,100,148,2,0,1.0,0.9866666666666667,0.4032258064516129,0.5747126436781609,0.408,0.07332355751067665
15,default,default,54.723135368404876,100,2,73,0,1.0,0.02666666666666667,0.9803921568627451,0.99009900990099,0.9885714285714285,0.9768563691828352
15,default,file_count,54.723135368404876,100,150,0,0,1.0,1.0,0.4,0.5714285714285715,0.4,nan
15,default,filename_length,54.723135368404876,100,5,145,0,1.0,0.03333333333333333,0.9523809523809523,0.975609756097561,0.98,0.959497222838566
15,default,ls_basic,54.723135368404876,100,150,0,0,1.0,1.0,0.4,0.5714285714285715,0.4,nan
15,default,system_load,54.723135368404876,100,148,2,0,1.0,0.9866666666666667,0.4032258064516129,0.5747126436781609,0.408,0.07332355751067665
16,default,default,20.48958018858773,100,14,61,0,1.0,0.18666666666666668,0.8771929824561403,0.9345794392523363,0.92,0.8446598678744367
16,default,file_count,20.48958018858773,100,150,0,0,1.0,1.0,0.4,0.5714285714285715,0.4,nan
16,default,filename_length,20.48958018858773,100,42,108,0,1.0,0.28,0.704225352112676,0.8264462809917354,0.832,0.712068994916312
16,default,ls_basic,20.48958018858773,100,150,0,0,1.0,1.0,0.4,0.5714285714285715,0.4,nan
16,default,system_load,20.48958018858773,100,150,0,0,1.0,1.0,0.4,0.5714285714285715,0.4,nan
17,default,default,21.3147688926648,100,7,68,0,1.0,0.09333333333333334,0.9345794392523364,0.966183574879227,0.96,0.9205172594373874
17,default,file_count,21.3147688926648,100,150,0,0,1.0,1.0,0.4,0.5714285714285715,0.4,nan
17,default,filename_length,21.3147688926648,100,28,122,0,1.0,0.18666666666666668,0.78125,0.8771929824561403,0.888,0.797130269571208
17,default,ls_basic,21.3147688926648,100,150,0,0,1.0,1.0,0.4,0.5714285714285715,0.4,nan
17,default,system_load,21.3147688926648,100,150,0,0,1.0,1.0,0.4,0.5714285714285715,0.4,nan
18,default,default,38.72630879110577,100,6,69,0,1.0,0.08,0.9433962264150944,0.970873786407767,0.9657142857142857,0.9316246713681894
18,default,file_count,38.72630879110577,100,150,0,0,1.0,1.0,0.4,0.5714285714285715,0.4,nan
18,default,filename_length,38.72630879110577,100,11,139,0,1.0,0.07333333333333333,0.9009009009009009,0.947867298578199,0.956,0.913692965297881
18,default,ls_basic,38.72630879110577,100,150,0,0,1.0,1.0,0.4,0.5714285714285715,0.4,nan
18,default,system_load,38.72630879110577,100,149,1,0,1.0,0.9933333333333333,0.40160642570281124,0.5730659025787965,0.404,0.05174336838042219
19,default,default,23.878721795016187,100,15,60,0,1.0,0.2,0.8695652173913043,0.9302325581395349,0.9142857142857143,0.8340576562282991
19,default,file_count,23.878721795016187,100,150,0,0,1.0,1.0,0.4,0.5714285714285715,0.4,nan
19,default,filename_length,23.878721795016187,100,34,116,0,1.0,0.22666666666666666,0.746268656716418,0.8547008547008548,0.864,0.7596804774776673
19,default,ls_basic,23.878721795016187,100,150,0,0,1.0,1.0,0.4,0.5714285714285715,0.4,nan
19,default,system_load,23.878721795016187,100,150,0,0,1.0,1.0,0.4,0.5714285714285715,0.4,nan
20,default,default,67.90789883576589,100,2,73,0,1.0,0.02666666666666667,0.9803921568627451,0.99009900990099,0.9885714285714285,0.9768563691828352
20,default,file_count,67.90789883576589,100,150,0,0,1.0,1.0,0.4,0.5714285714285715,0.4,nan
20,default,filename_length,67.90789883576589,100,5,145,0,1.0,0.03333333333333333,0.9523809523809523,0.975609756097561,0.98,0.959497222838566
20,default,ls_basic,67.90789883576589,100,150,0,0,1.0,1.0,0.4,0.5714285714285715,0.4,nan
20,default,system_load,67.90789883576589,100,148,2,0,1.0,0.9866666666666667,0.4032258064516129,0.5747126436781609,0.408,0.07332355751067665
21,default,default,25.989401539668073,100,9,66,0,1.0,0.12,0.9174311926605505,0.9569377990430622,0.9485714285714286,0.8985207006748839
21,default,file_count,25.989401539668073,100,150,0,0,1.0,1.0,0.4,0.5714285714285715,0.4,nan
21,default,filename_length,25.989401539668073,100,23,127,0,1.0,0.15333333333333332,0.8130081300813008,0.8968609865470852,0.908,0.8296667303615559
21,default,ls_basic,25.989401539668073,100,150,0,0,1.0,1.0,0.4,0.5714285714285715,0.4,nan
21,default,system_load,25.989401539668073,100,149,1,0,1.0,0.9933333333333333,0.40160642570281124,0.5730659025787965,0.404,0.05174336838042219
22,default,default,57.14026642409288,100,4,71,0,1.0,0.05333333333333334,0.9615384615384616,0.9803921568627451,0.9771428571428571,0.9540735874430286
22,default,file_count,57.14026642409288,100,150,0,0,1.0,1.0,0.4,0.5714285714285715,0.4,nan
22,default,filename_length,57.14026642409288,100,8,142,0,1.0,0.05333333333333334,0.9259259259259259,0.9615384615384615,0.968,0.9362388636862621
22,default,ls_basic,57.14026642409288,100,150,0,0,1.0,1.0,0.4,0.5714285714285715,0.4,nan
22,default,system_load,57.14026642409288,100,148,2,0,1.0,0.9866666666666667,0.4032258064516129,0.5747126436781609,0.408,0.07332355751067665
23,default,default,37.751880972200425,100,4,71,0,1.0,0.05333333333333334,0.9615384615384616,0.9803921568627451,0.9771428571428571,0.9540735874430286
23,default,file_count,37.751880972200425,100,150,0,0,1.0,1.0,0.4,0.5714285714285715,0.4,nan
23,default,filename_length,37.751880972200425,100,20,130,0,1.0,0.13333333333333333,0.8333333333333334,0.9090909090909091,0.92,0.8498365855987975
23,default,ls_basic,37.751880972200425,100,150,0,0,1.0,1.0,0.4,0.5714285714285715,0.4,nan
23,default,system_load,37.751880972200425,100,149,1,0,1.0,0.9933333333333333,0.40160642570281124,0.5730659025787965,0.404,0.05174336838042219
24,default,default,28.71435265366132,100,8,67,0,1.0,0.10666666666666667,0.9259259259259259,0.9615384615384615,0.9542857142857143,0.9094836413191612
24,default,file_count,28.71435265366132,100,150,0,0,1.0,1.0,0.4,0.5714285714285715,0.4,nan
24,default,filename_length,28.71435265366132,100,21,129,0,1.0,0.14,0.8264462809917356,0.904977375565611,0.916,0.8430562268632458
24,default,ls_basic,28.71435265366132,100,150,0,0,1.0,1.0,0.4,0.5714285714285715,0.4,nan
24,default,system_load,28.71435265366132,100,149,1,0,1.0,0.9933333333333333,0.40160642570281124,0.5730659025787965,0.404,0.05174336838042219
25,default,default,40.41447371888346,100,3,72,0,1.0,0.04,0.970873786407767,0.9852216748768473,0.9828571428571429,0.9654215840509556
25,default,file_count,40.41447371888346,100,150,0,0,1.0,1.0,0.4,0.5714285714285715,0.4,nan
25,default,filename_length,40.41447371888346,100,11,139,0,1.0,0.07333333333333333,0.9009009009009009,0.947867298578199,0.956,0.913692965297881
25,default,ls_basic,40.41447371888346,100,150,0,0,1.0,1.0,0.4,0.5714285714285715,0.4,nan
25,default,system_load,40.41447371888346,100,148,2,0,1.0,0.9866666666666667,0.4032258064516129,0.5747126436781609,0.408,0.07332355751067665
26,default,default,28.726966326579873,100,7,68,0,1.0,0.09333333333333334,0.9345794392523364,0.966183574879227,0.96,0.9205172594373874
26,default,file_count,28.726966326579873,100,150,0,0,1.0,1.0,0.4,0.5714285714285715,0.4,nan
26,default,filename_length,28.726966326579873,100,22,128,0,1.0,0.14666666666666667,0.819672131147541,0.9009009009009009,0.912,0.8363333975829067
26,default,ls_basic,28.726966326579873,100,150,0,0,1.0,1.0,0.4,0.5714285714285715,0.4,nan
26,default,system_load,28.726966326579873,100,150,0,0,1.0,1.0,0.4,0.5714285714285715,0.4,nan
27,default,default,65.08810124030832,100,1,74,0,1.0,0.013333333333333334,0.9900990099009901,0.9950248756218906,0.9942857142857143,0.988381348351423
27,default,file_count,65.08810124030832,100,150,0,0,1.0,1.0,0.4,0.5714285714285715,0.4,nan
27,default,filename_length,65.08810124030832,100,5,145,0,1.0,0.03333333333333333,0.9523809523809523,0.975609756097561,0.98,0.959497222838566
27,default,ls_basic,65.08810124030832,100,150,0,0,1.0,1.0,0.4,0.5714285714285715,0.4,nan
27,default,system_load,65.08810124030832,100,148,2,0,1.0,0.9866666666666667,0.4032258064516129,0.5747126436781609,0.408,0.07332355751067665
28,default,default,27.592565127551193,100,12,63,0,1.0,0.16,0.8928571428571429,0.9433962264150945,0.9314285714285714,0.8660254037844386
28,default,file_count,27.592565127551193,100,150,0,0,1.0,1.0,0.4,0.5714285714285715,0.4,nan
28,default,filename_length,27.592565127551193,100,32,118,0,1.0,0.21333333333333335,0.7575757575757576,0.8620689655172413,0.872,0.7719841941125453
28,default,ls_basic,27.592565127551193,100,150,0,0,1.0,1.0,0.4,0.5714285714285715,0.4,nan
28,default,system_load,27.592565127551193,100,149,1,0,1.0,0.9933333333333333,0.40160642570281124,0.5730659025787965,0.404,0.05174336838042219
29,default,default,64.43184870537053,100,5,70,0,1.0,0.06666666666666667,0.9523809523809523,0.975609756097561,0.9714285714285714,0.9428090415820634
29,default,file_count,64.43184870537053,100,150,0,0,1.0,1.0,0.4,0.5714285714285715,0.4,nan
29,default,filename_length,64.43184870537053,100,5,145,0,1.0,0.03333333333333333,0.9523809523809523,0.975609756097561,0.98,0.959497222838566
29,default,ls_basic,64.43184870537053,100,150,0,0,1.0,1.0,0.4,0.5714285714285715,0.4,nan
29,default,system_load,64.43184870537053,100,148,2,0,1.0,0.9866666666666667,0.4032258064516129,0.5747126436781609,0.408,0.07332355751067665
