seed,replay,threshold,method,tp,fp,tn,fn,recall,fpr,precision,f1,accuracy,mcc,attack_updates,normal_updates,contamination_rate,benign_update_acceptance,first_detection_delay
0,normal_drift_system_load,31.997882893008402,fixed,0,98,2,0,nan,0.98,0.0,nan,0.02,nan,0,0,nan,0.0,nan
0,normal_drift_system_load,31.997882893008402,blind_50,0,13,87,0,nan,0.13,0.0,nan,0.87,nan,0,100,0.0,1.0,nan
0,normal_drift_system_load,31.997882893008402,score_gated,0,98,2,0,nan,0.98,0.0,nan,0.02,nan,0,2,0.0,0.02,nan
0,normal_drift_system_load,31.997882893008402,dual_anchor,0,98,2,0,nan,0.98,0.0,nan,0.02,nan,0,2,0.0,0.02,nan
0,persistent_rootkit_default,31.997882893008402,fixed,100,0,0,0,1.0,nan,1.0,1.0,1.0,nan,0,0,nan,nan,0.0
0,persistent_rootkit_default,31.997882893008402,blind_50,14,0,0,86,0.14,nan,1.0,0.24561403508771928,0.14,nan,100,0,1.0,nan,0.0
0,persistent_rootkit_default,31.997882893008402,score_gated,100,0,0,0,1.0,nan,1.0,1.0,1.0,nan,0,0,nan,nan,0.0
0,persistent_rootkit_default,31.997882893008402,dual_anchor,100,0,0,0,1.0,nan,1.0,1.0,1.0,nan,0,0,nan,nan,0.0
0,persistent_rootkit_system_load,31.997882893008402,fixed,100,0,0,0,1.0,nan,1.0,1.0,1.0,nan,0,0,nan,nan,0.0
0,persistent_rootkit_system_load,31.997882893008402,blind_50,13,0,0,87,0.13,nan,1.0,0.23008849557522126,0.13,nan,100,0,1.0,nan,0.0
0,persistent_rootkit_system_load,31.997882893008402,score_gated,100,0,0,0,1.0,nan,1.0,1.0,1.0,nan,0,0,nan,nan,0.0
0,persistent_rootkit_system_load,31.997882893008402,dual_anchor,100,0,0,0,1.0,nan,1.0,1.0,1.0,nan,0,0,nan,nan,0.0
0,drift_then_rootkit,31.997882893008402,fixed,100,50,0,0,1.0,1.0,0.6666666666666666,0.8,0.6666666666666666,nan,0,0,nan,0.0,0.0
0,drift_then_rootkit,31.997882893008402,blind_50,19,9,41,81,0.19,0.18,0.6785714285714286,0.29687500000000006,0.4,0.012098347962395683,100,50,0.6666666666666666,1.0,0.0
0,drift_then_rootkit,31.997882893008402,score_gated,100,50,0,0,1.0,1.0,0.6666666666666666,0.8,0.6666666666666666,nan,0,0,nan,0.0,0.0
0,drift_then_rootkit,31.997882893008402,dual_anchor,100,50,0,0,1.0,1.0,0.6666666666666666,0.8,0.6666666666666666,nan,0,0,nan,0.0,0.0
1,normal_drift_system_load,1072.9358224005168,fixed,0,98,2,0,nan,0.98,0.0,nan,0.02,nan,0,0,nan,0.0,nan
1,normal_drift_system_load,1072.9358224005168,blind_50,0,3,97,0,nan,0.03,0.0,nan,0.97,nan,0,100,0.0,1.0,nan
1,normal_drift_system_load,1072.9358224005168,score_gated,0,98,2,0,nan,0.98,0.0,nan,0.02,nan,0,2,0.0,0.02,nan
1,normal_drift_system_load,1072.9358224005168,dual_anchor,0,98,2,0,nan,0.98,0.0,nan,0.02,nan,0,2,0.0,0.02,nan
1,persistent_rootkit_default,1072.9358224005168,fixed,0,0,0,100,0.0,nan,nan,nan,0.0,nan,0,0,nan,nan,inf
1,persistent_rootkit_default,1072.9358224005168,blind_50,0,0,0,100,0.0,nan,nan,nan,0.0,nan,100,0,1.0,nan,inf
1,persistent_rootkit_default,1072.9358224005168,score_gated,0,0,0,100,0.0,nan,nan,nan,0.0,nan,100,0,1.0,nan,inf
1,persistent_rootkit_default,1072.9358224005168,dual_anchor,0,0,0,100,0.0,nan,nan,nan,0.0,nan,100,0,1.0,nan,inf
1,persistent_rootkit_system_load,1072.9358224005168,fixed,100,0,0,0,1.0,nan,1.0,1.0,1.0,nan,0,0,nan,nan,0.0
1,persistent_rootkit_system_load,1072.9358224005168,blind_50,1,0,0,99,0.01,nan,1.0,0.019801980198019802,0.01,nan,100,0,1.0,nan,0.0
1,persistent_rootkit_system_load,1072.9358224005168,score_gated,100,0,0,0,1.0,nan,1.0,1.0,1.0,nan,0,0,nan,nan,0.0
1,persistent_rootkit_system_load,1072.9358224005168,dual_anchor,100,0,0,0,1.0,nan,1.0,1.0,1.0,nan,0,0,nan,nan,0.0
1,drift_then_rootkit,1072.9358224005168,fixed,100,50,0,0,1.0,1.0,0.6666666666666666,0.8,0.6666666666666666,nan,0,0,nan,0.0,0.0
1,drift_then_rootkit,1072.9358224005168,blind_50,3,1,49,97,0.03,0.02,0.75,0.05769230769230769,0.3466666666666667,0.029260286799032642,100,50,0.6666666666666666,1.0,1.0
1,drift_then_rootkit,1072.9358224005168,score_gated,100,50,0,0,1.0,1.0,0.6666666666666666,0.8,0.6666666666666666,nan,0,0,nan,0.0,0.0
1,drift_then_rootkit,1072.9358224005168,dual_anchor,100,50,0,0,1.0,1.0,0.6666666666666666,0.8,0.6666666666666666,nan,0,0,nan,0.0,0.0
2,normal_drift_system_load,30.258509891886405,fixed,0,100,0,0,nan,1.0,0.0,nan,0.0,nan,0,0,nan,0.0,nan
2,normal_drift_system_load,30.258509891886405,blind_50,0,15,85,0,nan,0.15,0.0,nan,0.85,nan,0,100,0.0,1.0,nan
2,normal_drift_system_load,30.258509891886405,score_gated,0,100,0,0,nan,1.0,0.0,nan,0.0,nan,0,0,nan,0.0,nan
2,normal_drift_system_load,30.258509891886405,dual_anchor,0,100,0,0,nan,1.0,0.0,nan,0.0,nan,0,0,nan,0.0,nan
2,persistent_rootkit_default,30.258509891886405,fixed,100,0,0,0,1.0,nan,1.0,1.0,1.0,nan,0,0,nan,nan,0.0
2,persistent_rootkit_default,30.258509891886405,blind_50,12,0,0,88,0.12,nan,1.0,0.21428571428571425,0.12,nan,100,0,1.0,nan,0.0
2,persistent_rootkit_default,30.258509891886405,score_gated,100,0,0,0,1.0,nan,1.0,1.0,1.0,nan,0,0,nan,nan,0.0
2,persistent_rootkit_default,30.258509891886405,dual_anchor,100,0,0,0,1.0,nan,1.0,1.0,1.0,nan,0,0,nan,nan,0.0
2,persistent_rootkit_system_load,30.258509891886405,fixed,100,0,0,0,1.0,nan,1.0,1.0,1.0,nan,0,0,nan,nan,0.0
2,persistent_rootkit_system_load,30.258509891886405,blind_50,16,0,0,84,0.16,nan,1.0,0.2758620689655173,0.16,nan,100,0,1.0,nan,0.0
2,persistent_rootkit_system_load,30.258509891886405,score_gated,100,0,0,0,1.0,nan,1.0,1.0,1.0,nan,0,0,nan,nan,0.0
2,persistent_rootkit_system_load,30.258509891886405,dual_anchor,100,0,0,0,1.0,nan,1.0,1.0,1.0,nan,0,0,nan,nan,0.0
2,drift_then_rootkit,30.258509891886405,fixed,100,50,0,0,1.0,1.0,0.6666666666666666,0.8,0.6666666666666666,nan,0,0,nan,0.0,0.0
2,drift_then_rootkit,30.258509891886405,blind_50,16,7,43,84,0.16,0.14,0.6956521739130435,0.2601626016260163,0.3933333333333333,0.026166715911018643,100,50,0.6666666666666666,1.0,0.0
2,drift_then_rootkit,30.258509891886405,score_gated,100,50,0,0,1.0,1.0,0.6666666666666666,0.8,0.6666666666666666,nan,0,0,nan,0.0,0.0
2,drift_then_rootkit,30.258509891886405,dual_anchor,100,50,0,0,1.0,1.0,0.6666666666666666,0.8,0.6666666666666666,nan,0,0,nan,0.0,0.0
3,normal_drift_system_load,78.98084397008732,fixed,0,98,2,0,nan,0.98,0.0,nan,0.02,nan,0,0,nan,0.0,nan
3,normal_drift_system_load,78.98084397008732,blind_50,0,7,93,0,nan,0.07,0.0,nan,0.93,nan,0,100,0.0,1.0,nan
3,normal_drift_system_load,78.98084397008732,score_gated,0,98,2,0,nan,0.98,0.0,nan,0.02,nan,0,2,0.0,0.02,nan
3,normal_drift_system_load,78.98084397008732,dual_anchor,0,98,2,0,nan,0.98,0.0,nan,0.02,nan,0,2,0.0,0.02,nan
3,persistent_rootkit_default,78.98084397008732,fixed,100,0,0,0,1.0,nan,1.0,1.0,1.0,nan,0,0,nan,nan,0.0
3,persistent_rootkit_default,78.98084397008732,blind_50,3,0,0,97,0.03,nan,1.0,0.058252427184466014,0.03,nan,100,0,1.0,nan,0.0
3,persistent_rootkit_default,78.98084397008732,score_gated,100,0,0,0,1.0,nan,1.0,1.0,1.0,nan,0,0,nan,nan,0.0
3,persistent_rootkit_default,78.98084397008732,dual_anchor,100,0,0,0,1.0,nan,1.0,1.0,1.0,nan,0,0,nan,nan,0.0
3,persistent_rootkit_system_load,78.98084397008732,fixed,100,0,0,0,1.0,nan,1.0,1.0,1.0,nan,0,0,nan,nan,0.0
3,persistent_rootkit_system_load,78.98084397008732,blind_50,5,0,0,95,0.05,nan,1.0,0.09523809523809523,0.05,nan,100,0,1.0,nan,0.0
3,persistent_rootkit_system_load,78.98084397008732,score_gated,100,0,0,0,1.0,nan,1.0,1.0,1.0,nan,0,0,nan,nan,0.0
3,persistent_rootkit_system_load,78.98084397008732,dual_anchor,100,0,0,0,1.0,nan,1.0,1.0,1.0,nan,0,0,nan,nan,0.0
3,drift_then_rootkit,78.98084397008732,fixed,100,50,0,0,1.0,1.0,0.6666666666666666,0.8,0.6666666666666666,nan,0,0,nan,0.0,0.0
3,drift_then_rootkit,78.98084397008732,blind_50,6,2,48,94,0.06,0.04,0.75,0.1111111111111111,0.36,0.041959067914834454,100,50,0.6666666666666666,1.0,0.0
3,drift_then_rootkit,78.98084397008732,score_gated,100,50,0,0,1.0,1.0,0.6666666666666666,0.8,0.6666666666666666,nan,0,0,nan,0.0,0.0
3,drift_then_rootkit,78.98084397008732,dual_anchor,100,50,0,0,1.0,1.0,0.6666666666666666,0.8,0.6666666666666666,nan,0,0,nan,0.0,0.0
4,normal_drift_system_load,55.35340625071971,fixed,0,98,2,0,nan,0.98,0.0,nan,0.02,nan,0,0,nan,0.0,nan
4,normal_drift_system_load,55.35340625071971,blind_50,0,12,88,0,nan,0.12,0.0,nan,0.88,nan,0,100,0.0,1.0,nan
4,normal_drift_system_load,55.35340625071971,score_gated,0,98,2,0,nan,0.98,0.0,nan,0.02,nan,0,2,0.0,0.02,nan
4,normal_drift_system_load,55.35340625071971,dual_anchor,0,98,2,0,nan,0.98,0.0,nan,0.02,nan,0,2,0.0,0.02,nan
4,persistent_rootkit_default,55.35340625071971,fixed,100,0,0,0,1.0,nan,1.0,1.0,1.0,nan,0,0,nan,nan,0.0
4,persistent_rootkit_default,55.35340625071971,blind_50,9,0,0,91,0.09,nan,1.0,0.16513761467889906,0.09,nan,100,0,1.0,nan,0.0
4,persistent_rootkit_default,55.35340625071971,score_gated,100,0,0,0,1.0,nan,1.0,1.0,1.0,nan,0,0,nan,nan,0.0
4,persistent_rootkit_default,55.35340625071971,dual_anchor,100,0,0,0,1.0,nan,1.0,1.0,1.0,nan,0,0,nan,nan,0.0
4,persistent_rootkit_system_load,55.35340625071971,fixed,100,0,0,0,1.0,nan,1.0,1.0,1.0,nan,0,0,nan,nan,0.0
4,persistent_rootkit_system_load,55.35340625071971,blind_50,8,0,0,92,0.08,nan,1.0,0.14814814814814814,0.08,nan,100,0,1.0,nan,0.0
4,persistent_rootkit_system_load,55.35340625071971,score_gated,100,0,0,0,1.0,nan,1.0,1.0,1.0,nan,0,0,nan,nan,0.0
4,persistent_rootkit_system_load,55.35340625071971,dual_anchor,100,0,0,0,1.0,nan,1.0,1.0,1.0,nan,0,0,nan,nan,0.0
4,drift_then_rootkit,55.35340625071971,fixed,100,49,1,0,1.0,0.98,0.6711409395973155,0.8032128514056226,0.6733333333333333,0.11585688927269845,0,0,nan,0.0,0.0
4,drift_then_rootkit,55.35340625071971,blind_50,9,5,45,91,0.09,0.1,0.6428571428571429,0.15789473684210525,0.36,-0.01620509308880411,100,50,0.6666666666666666,1.0,0.0
4,drift_then_rootkit,55.35340625071971,score_gated,100,49,1,0,1.0,0.98,0.6711409395973155,0.8032128514056226,0.6733333333333333,0.11585688927269845,0,1,0.0,0.02,0.0
4,drift_then_rootkit,55.35340625071971,dual_anchor,100,49,1,0,1.0,0.98,0.6711409395973155,0.8032128514056226,0.6733333333333333,0.11585688927269845,0,1,0.0,0.02,0.0
5,normal_drift_system_load,56.82266470479793,fixed,0,99,1,0,nan,0.99,0.0,nan,0.01,nan,0,0,nan,0.0,nan
5,normal_drift_system_load,56.82266470479793,blind_50,0,8,92,0,nan,0.08,0.0,nan,0.92,nan,0,100,0.0,1.0,nan
5,normal_drift_system_load,56.82266470479793,score_gated,0,99,1,0,nan,0.99,0.0,nan,0.01,nan,0,1,0.0,0.01,nan
5,normal_drift_system_load,56.82266470479793,dual_anchor,0,99,1,0,nan,0.99,0.0,nan,0.01,nan,0,1,0.0,0.01,nan
5,persistent_rootkit_default,56.82266470479793,fixed,100,0,0,0,1.0,nan,1.0,1.0,1.0,nan,0,0,nan,nan,0.0
5,persistent_rootkit_default,56.82266470479793,blind_50,4,0,0,96,0.04,nan,1.0,0.07692307692307693,0.04,nan,100,0,1.0,nan,0.0
5,persistent_rootkit_default,56.82266470479793,score_gated,100,0,0,0,1.0,nan,1.0,1.0,1.0,nan,0,0,nan,nan,0.0
5,persistent_rootkit_default,56.82266470479793,dual_anchor,100,0,0,0,1.0,nan,1.0,1.0,1.0,nan,0,0,nan,nan,0.0
5,persistent_rootkit_system_load,56.82266470479793,fixed,100,0,0,0,1.0,nan,1.0,1.0,1.0,nan,0,0,nan,nan,0.0
5,persistent_rootkit_system_load,56.82266470479793,blind_50,7,0,0,93,0.07,nan,1.0,0.13084112149532712,0.07,nan,100,0,1.0,nan,0.0
5,persistent_rootkit_system_load,56.82266470479793,score_gated,100,0,0,0,1.0,nan,1.0,1.0,1.0,nan,0,0,nan,nan,0.0
5,persistent_rootkit_system_load,56.82266470479793,dual_anchor,100,0,0,0,1.0,nan,1.0,1.0,1.0,nan,0,0,nan,nan,0.0
5,drift_then_rootkit,56.82266470479793,fixed,100,49,1,0,1.0,0.98,0.6711409395973155,0.8032128514056226,0.6733333333333333,0.11585688927269845,0,0,nan,0.0,0.0
5,drift_then_rootkit,56.82266470479793,blind_50,8,5,45,92,0.08,0.1,0.6153846153846154,0.14159292035398233,0.35333333333333333,-0.03351066437142453,100,50,0.6666666666666666,1.0,0.0
5,drift_then_rootkit,56.82266470479793,score_gated,100,49,1,0,1.0,0.98,0.6711409395973155,0.8032128514056226,0.6733333333333333,0.11585688927269845,0,1,0.0,0.02,0.0
5,drift_then_rootkit,56.82266470479793,dual_anchor,100,49,1,0,1.0,0.98,0.6711409395973155,0.8032128514056226,0.6733333333333333,0.11585688927269845,0,1,0.0,0.02,0.0
6,normal_drift_system_load,77.03173094924892,fixed,0,98,2,0,nan,0.98,0.0,nan,0.02,nan,0,0,nan,0.0,nan
6,normal_drift_system_load,77.03173094924892,blind_50,0,7,93,0,nan,0.07,0.0,nan,0.93,nan,0,100,0.0,1.0,nan
6,normal_drift_system_load,77.03173094924892,score_gated,0,98,2,0,nan,0.98,0.0,nan,0.02,nan,0,2,0.0,0.02,nan
6,normal_drift_system_load,77.03173094924892,dual_anchor,0,98,2,0,nan,0.98,0.0,nan,0.02,nan,0,2,0.0,0.02,nan
6,persistent_rootkit_default,77.03173094924892,fixed,100,0,0,0,1.0,nan,1.0,1.0,1.0,nan,0,0,nan,nan,0.0
6,persistent_rootkit_default,77.03173094924892,blind_50,3,0,0,97,0.03,nan,1.0,0.058252427184466014,0.03,nan,100,0,1.0,nan,0.0
6,persistent_rootkit_default,77.03173094924892,score_gated,100,0,0,0,1.0,nan,1.0,1.0,1.0,nan,0,0,nan,nan,0.0
6,persistent_rootkit_default,77.03173094924892,dual_anchor,100,0,0,0,1.0,nan,1.0,1.0,1.0,nan,0,0,nan,nan,0.0
6,persistent_rootkit_system_load,77.03173094924892,fixed,100,0,0,0,1.0,nan,1.0,1.0,1.0,nan,0,0,nan,nan,0.0
6,persistent_rootkit_system_load,77.03173094924892,blind_50,8,0,0,92,0.08,nan,1.0,0.14814814814814814,0.08,nan,100,0,1.0,nan,0.0
6,persistent_rootkit_system_load,77.03173094924892,score_gated,100,0,0,0,1.0,nan,1.0,1.0,1.0,nan,0,0,nan,nan,0.0
6,persistent_rootkit_system_load,77.03173094924892,dual_anchor,100,0,0,0,1.0,nan,1.0,1.0,1.0,nan,0,0,nan,nan,0.0
6,drift_then_rootkit,77.03173094924892,fixed,100,49,1,0,1.0,0.98,0.6711409395973155,0.8032128514056226,0.6733333333333333,0.11585688927269845,0,0,nan,0.0,0.0
6,drift_then_rootkit,77.03173094924892,blind_50,5,3,47,95,0.05,0.06,0.625,0.09259259259259259,0.3466666666666667,-0.020979533957417227,100,50,0.6666666666666666,1.0,0.0
6,drift_then_rootkit,77.03173094924892,score_gated,100,49,1,0,1.0,0.98,0.6711409395973155,0.8032128514056226,0.6733333333333333,0.11585688927269845,0,1,0.0,0.02,0.0
6,drift_then_rootkit,77.03173094924892,dual_anchor,100,49,1,0,1.0,0.98,0.6711409395973155,0.8032128514056226,0.6733333333333333,0.11585688927269845,0,1,0.0,0.02,0.0
7,normal_drift_system_load,41.78158939106996,fixed,0,99,1,0,nan,0.99,0.0,nan,0.01,nan,0,0,nan,0.0,nan
7,normal_drift_system_load,41.78158939106996,blind_50,0,8,92,0,nan,0.08,0.0,nan,0.92,nan,0,100,0.0,1.0,nan
7,normal_drift_system_load,41.78158939106996,score_gated,0,99,1,0,nan,0.99,0.0,nan,0.01,nan,0,1,0.0,0.01,nan
7,normal_drift_system_load,41.78158939106996,dual_anchor,0,99,1,0,nan,0.99,0.0,nan,0.01,nan,0,1,0.0,0.01,nan
7,persistent_rootkit_default,41.78158939106996,fixed,100,0,0,0,1.0,nan,1.0,1.0,1.0,nan,0,0,nan,nan,0.0
7,persistent_rootkit_default,41.78158939106996,blind_50,6,0,0,94,0.06,nan,1.0,0.11320754716981131,0.06,nan,100,0,1.0,nan,0.0
7,persistent_rootkit_default,41.78158939106996,score_gated,100,0,0,0,1.0,nan,1.0,1.0,1.0,nan,0,0,nan,nan,0.0
7,persistent_rootkit_default,41.78158939106996,dual_anchor,100,0,0,0,1.0,nan,1.0,1.0,1.0,nan,0,0,nan,nan,0.0
7,persistent_rootkit_system_load,41.78158939106996,fixed,100,0,0,0,1.0,nan,1.0,1.0,1.0,nan,0,0,nan,nan,0.0
7,persistent_rootkit_system_load,41.78158939106996,blind_50,11,0,0,89,0.11,nan,1.0,0.19819819819819817,0.11,nan,100,0,1.0,nan,0.0
7,persistent_rootkit_system_load,41.78158939106996,score_gated,100,0,0,0,1.0,nan,1.0,1.0,1.0,nan,0,0,nan,nan,0.0
7,persistent_rootkit_system_load,41.78158939106996,dual_anchor,100,0,0,0,1.0,nan,1.0,1.0,1.0,nan,0,0,nan,nan,0.0
7,drift_then_rootkit,41.78158939106996,fixed,100,50,0,0,1.0,1.0,0.6666666666666666,0.8,0.6666666666666666,nan,0,0,nan,0.0,0.0
7,drift_then_rootkit,41.78158939106996,blind_50,14,6,44,86,0.14,0.12,0.7,0.23333333333333336,0.38666666666666666,0.027735009811261455,100,50,0.6666666666666666,1.0,0.0
7,drift_then_rootkit,41.78158939106996,score_gated,100,50,0,0,1.0,1.0,0.6666666666666666,0.8,0.6666666666666666,nan,0,0,nan,0.0,0.0
7,drift_then_rootkit,41.78158939106996,dual_anchor,100,50,0,0,1.0,1.0,0.6666666666666666,0.8,0.6666666666666666,nan,0,0,nan,0.0,0.0
8,normal_drift_system_load,21.285526071153527,fixed,0,100,0,0,nan,1.0,0.0,nan,0.0,nan,0,0,nan,0.0,nan
8,normal_drift_system_load,21.285526071153527,blind_50,0,24,76,0,nan,0.24,0.0,nan,0.76,nan,0,100,0.0,1.0,nan
8,normal_drift_system_load,21.285526071153527,score_gated,0,100,0,0,nan,1.0,0.0,nan,0.0,nan,0,0,nan,0.0,nan
8,normal_drift_system_load,21.285526071153527,dual_anchor,0,100,0,0,nan,1.0,0.0,nan,0.0,nan,0,0,nan,0.0,nan
8,persistent_rootkit_default,21.285526071153527,fixed,100,0,0,0,1.0,nan,1.0,1.0,1.0,nan,0,0,nan,nan,0.0
8,persistent_rootkit_default,21.285526071153527,blind_50,34,0,0,66,0.34,nan,1.0,0.5074626865671642,0.34,nan,100,0,1.0,nan,0.0
8,persistent_rootkit_default,21.285526071153527,score_gated,100,0,0,0,1.0,nan,1.0,1.0,1.0,nan,0,0,nan,nan,0.0
8,persistent_rootkit_default,21.285526071153527,dual_anchor,100,0,0,0,1.0,nan,1.0,1.0,1.0,nan,0,0,nan,nan,0.0
8,persistent_rootkit_system_load,21.285526071153527,fixed,100,0,0,0,1.0,nan,1.0,1.0,1.0,nan,0,0,nan,nan,0.0
8,persistent_rootkit_system_load,21.285526071153527,blind_50,24,0,0,76,0.24,nan,1.0,0.3870967741935484,0.24,nan,100,0,1.0,nan,0.0
8,persistent_rootkit_system_load,21.285526071153527,score_gated,100,0,0,0,1.0,nan,1.0,1.0,1.0,nan,0,0,nan,nan,0.0
8,persistent_rootkit_system_load,21.285526071153527,dual_anchor,100,0,0,0,1.0,nan,1.0,1.0,1.0,nan,0,0,nan,nan,0.0
8,drift_then_rootkit,21.285526071153527,fixed,100,50,0,0,1.0,1.0,0.6666666666666666,0.8,0.6666666666666666,nan,0,0,nan,0.0,0.0
8,drift_then_rootkit,21.285526071153527,blind_50,32,10,40,68,0.32,0.2,0.7619047619047619,0.4507042253521127,0.48,0.12598815766974242,100,50,0.6666666666666666,1.0,0.0
8,drift_then_rootkit,21.285526071153527,score_gated,100,50,0,0,1.0,1.0,0.6666666666666666,0.8,0.6666666666666666,nan,0,0,nan,0.0,0.0
8,drift_then_rootkit,21.285526071153527,dual_anchor,100,50,0,0,1.0,1.0,0.6666666666666666,0.8,0.6666666666666666,nan,0,0,nan,0.0,0.0
9,normal_drift_system_load,131.68043934103937,fixed,0,99,1,0,nan,0.99,0.0,nan,0.01,nan,0,0,nan,0.0,nan
9,normal_drift_system_load,131.68043934103937,blind_50,0,3,97,0,nan,0.03,0.0,nan,0.97,nan,0,100,0.0,1.0,nan
9,normal_drift_system_load,131.68043934103937,score_gated,0,99,1,0,nan,0.99,0.0,nan,0.01,nan,0,1,0.0,0.01,nan
9,normal_drift_system_load,131.68043934103937,dual_anchor,0,99,1,0,nan,0.99,0.0,nan,0.01,nan,0,1,0.0,0.01,nan
9,persistent_rootkit_default,131.68043934103937,fixed,100,0,0,0,1.0,nan,1.0,1.0,1.0,nan,0,0,nan,nan,0.0
9,persistent_rootkit_default,131.68043934103937,blind_50,3,0,0,97,0.03,nan,1.0,0.058252427184466014,0.03,nan,100,0,1.0,nan,0.0
9,persistent_rootkit_default,131.68043934103937,score_gated,100,0,0,0,1.0,nan,1.0,1.0,1.0,nan,0,0,nan,nan,0.0
9,persistent_rootkit_default,131.68043934103937,dual_anchor,100,0,0,0,1.0,nan,1.0,1.0,1.0,nan,0,0,nan,nan,0.0
9,persistent_rootkit_system_load,131.68043934103937,fixed,100,0,0,0,1.0,nan,1.0,1.0,1.0,nan,0,0,nan,nan,0.0
9,persistent_rootkit_system_load,131.68043934103937,blind_50,4,0,0,96,0.04,nan,1.0,0.07692307692307693,0.04,nan,100,0,1.0,nan,0.0
9,persistent_rootkit_system_load,131.68043934103937,score_gated,100,0,0,0,1.0,nan,1.0,1.0,1.0,nan,0,0,nan,nan,0.0
9,persistent_rootkit_system_load,131.68043934103937,dual_anchor,100,0,0,0,1.0,nan,1.0,1.0,1.0,nan,0,0,nan,nan,0.0
9,drift_then_rootkit,131.68043934103937,fixed,100,49,1,0,1.0,0.98,0.6711409395973155,0.8032128514056226,0.6733333333333333,0.11585688927269845,0,0,nan,0.0,0.0
9,drift_then_rootkit,131.68043934103937,blind_50,3,3,47,97,0.03,0.06,0.5,0.056603773584905655,0.3333333333333333,-0.07216878364870322,100,50,0.6666666666666666,1.0,0.0
9,drift_then_rootkit,131.68043934103937,score_gated,100,49,1,0,1.0,0.98,0.6711409395973155,0.8032128514056226,0.6733333333333333,0.11585688927269845,0,1,0.0,0.02,0.0
9,drift_then_rootkit,131.68043934103937,dual_anchor,100,49,1,0,1.0,0.98,0.6711409395973155,0.8032128514056226,0.6733333333333333,0.11585688927269845,0,1,0.0,0.02,0.0
10,normal_drift_system_load,79.36960273380987,fixed,0,98,2,0,nan,0.98,0.0,nan,0.02,nan,0,0,nan,0.0,nan
10,normal_drift_system_load,79.36960273380987,blind_50,0,6,94,0,nan,0.06,0.0,nan,0.94,nan,0,100,0.0,1.0,nan
10,normal_drift_system_load,79.36960273380987,score_gated,0,98,2,0,nan,0.98,0.0,nan,0.02,nan,0,2,0.0,0.02,nan
10,normal_drift_system_load,79.36960273380987,dual_anchor,0,98,2,0,nan,0.98,0.0,nan,0.02,nan,0,2,0.0,0.02,nan
10,persistent_rootkit_default,79.36960273380987,fixed,100,0,0,0,1.0,nan,1.0,1.0,1.0,nan,0,0,nan,nan,0.0
10,persistent_rootkit_default,79.36960273380987,blind_50,4,0,0,96,0.04,nan,1.0,0.07692307692307693,0.04,nan,100,0,1.0,nan,0.0
10,persistent_rootkit_default,79.36960273380987,score_gated,100,0,0,0,1.0,nan,1.0,1.0,1.0,nan,0,0,nan,nan,0.0
10,persistent_rootkit_default,79.36960273380987,dual_anchor,100,0,0,0,1.0,nan,1.0,1.0,1.0,nan,0,0,nan,nan,0.0
10,persistent_rootkit_system_load,79.36960273380987,fixed,100,0,0,0,1.0,nan,1.0,1.0,1.0,nan,0,0,nan,nan,0.0
10,persistent_rootkit_system_load,79.36960273380987,blind_50,6,0,0,94,0.06,nan,1.0,0.11320754716981131,0.06,nan,100,0,1.0,nan,0.0
10,persistent_rootkit_system_load,79.36960273380987,score_gated,100,0,0,0,1.0,nan,1.0,1.0,1.0,nan,0,0,nan,nan,0.0
10,persistent_rootkit_system_load,79.36960273380987,dual_anchor,100,0,0,0,1.0,nan,1.0,1.0,1.0,nan,0,0,nan,nan,0.0
10,drift_then_rootkit,79.36960273380987,fixed,100,50,0,0,1.0,1.0,0.6666666666666666,0.8,0.6666666666666666,nan,0,0,nan,0.0,0.0
10,drift_then_rootkit,79.36960273380987,blind_50,7,2,48,93,0.07,0.04,0.7777777777777778,0.12844036697247707,0.36666666666666664,0.059549133417541374,100,50,0.6666666666666666,1.0,0.0
10,drift_then_rootkit,79.36960273380987,score_gated,100,50,0,0,1.0,1.0,0.6666666666666666,0.8,0.6666666666666666,nan,0,0,nan,0.0,0.0
10,drift_then_rootkit,79.36960273380987,dual_anchor,100,50,0,0,1.0,1.0,0.6666666666666666,0.8,0.6666666666666666,nan,0,0,nan,0.0,0.0
11,normal_drift_system_load,29.335812305346888,fixed,0,99,1,0,nan,0.99,0.0,nan,0.01,nan,0,0,nan,0.0,nan
11,normal_drift_system_load,29.335812305346888,blind_50,0,14,86,0,nan,0.14,0.0,nan,0.86,nan,0,100,0.0,1.0,nan
11,normal_drift_system_load,29.335812305346888,score_gated,0,99,1,0,nan,0.99,0.0,nan,0.01,nan,0,1,0.0,0.01,nan
11,normal_drift_system_load,29.335812305346888,dual_anchor,0,99,1,0,nan,0.99,0.0,nan,0.01,nan,0,1,0.0,0.01,nan
11,persistent_rootkit_default,29.335812305346888,fixed,100,0,0,0,1.0,nan,1.0,1.0,1.0,nan,0,0,nan,nan,0.0
11,persistent_rootkit_default,29.335812305346888,blind_50,13,0,0,87,0.13,nan,1.0,0.23008849557522126,0.13,nan,100,0,1.0,nan,0.0
11,persistent_rootkit_default,29.335812305346888,score_gated,100,0,0,0,1.0,nan,1.0,1.0,1.0,nan,0,0,nan,nan,0.0
11,persistent_rootkit_default,29.335812305346888,dual_anchor,100,0,0,0,1.0,nan,1.0,1.0,1.0,nan,0,0,nan,nan,0.0
11,persistent_rootkit_system_load,29.335812305346888,fixed,100,0,0,0,1.0,nan,1.0,1.0,1.0,nan,0,0,nan,nan,0.0
11,persistent_rootkit_system_load,29.335812305346888,blind_50,18,0,0,82,0.18,nan,1.0,0.3050847457627119,0.18,nan,100,0,1.0,nan,0.0
11,persistent_rootkit_system_load,29.335812305346888,score_gated,100,0,0,0,1.0,nan,1.0,1.0,1.0,nan,0,0,nan,nan,0.0
11,persistent_rootkit_system_load,29.335812305346888,dual_anchor,100,0,0,0,1.0,nan,1.0,1.0,1.0,nan,0,0,nan,nan,0.0
11,drift_then_rootkit,29.335812305346888,fixed,100,49,1,0,1.0,0.98,0.6711409395973155,0.8032128514056226,0.6733333333333333,0.11585688927269845,0,0,nan,0.0,0.0
11,drift_then_rootkit,29.335812305346888,blind_50,21,10,40,79,0.21,0.2,0.6774193548387096,0.32061068702290074,0.4066666666666667,0.011642082554346659,100,50,0.6666666666666666,1.0,0.0
11,drift_then_rootkit,29.335812305346888,score_gated,100,49,1,0,1.0,0.98,0.6711409395973155,0.8032128514056226,0.6733333333333333,0.11585688927269845,0,1,0.0,0.02,0.0
11,drift_then_rootkit,29.335812305346888,dual_anchor,100,49,1,0,1.0,0.98,0.6711409395973155,0.8032128514056226,0.6733333333333333,0.11585688927269845,0,1,0.0,0.02,0.0
12,normal_drift_system_load,75.55265124123113,fixed,0,98,2,0,nan,0.98,0.0,nan,0.02,nan,0,0,nan,0.0,nan
12,normal_drift_system_load,75.55265124123113,blind_50,0,8,92,0,nan,0.08,0.0,nan,0.92,nan,0,100,0.0,1.0,nan
12,normal_drift_system_load,75.55265124123113,score_gated,0,98,2,0,nan,0.98,0.0,nan,0.02,nan,0,2,0.0,0.02,nan
12,normal_drift_system_load,75.55265124123113,dual_anchor,0,98,2,0,nan,0.98,0.0,nan,0.02,nan,0,2,0.0,0.02,nan
12,persistent_rootkit_default,75.55265124123113,fixed,100,0,0,0,1.0,nan,1.0,1.0,1.0,nan,0,0,nan,nan,0.0
12,persistent_rootkit_default,75.55265124123113,blind_50,5,0,0,95,0.05,nan,1.0,0.09523809523809523,0.05,nan,100,0,1.0,nan,0.0
12,persistent_rootkit_default,75.55265124123113,score_gated,100,0,0,0,1.0,nan,1.0,1.0,1.0,nan,0,0,nan,nan,0.0
12,persistent_rootkit_default,75.55265124123113,dual_anchor,100,0,0,0,1.0,nan,1.0,1.0,1.0,nan,0,0,nan,nan,0.0
12,persistent_rootkit_system_load,75.55265124123113,fixed,100,0,0,0,1.0,nan,1.0,1.0,1.0,nan,0,0,nan,nan,0.0
12,persistent_rootkit_system_load,75.55265124123113,blind_50,6,0,0,94,0.06,nan,1.0,0.11320754716981131,0.06,nan,100,0,1.0,nan,0.0
12,persistent_rootkit_system_load,75.55265124123113,score_gated,100,0,0,0,1.0,nan,1.0,1.0,1.0,nan,0,0,nan,nan,0.0
12,persistent_rootkit_system_load,75.55265124123113,dual_anchor,100,0,0,0,1.0,nan,1.0,1.0,1.0,nan,0,0,nan,nan,0.0
12,drift_then_rootkit,75.55265124123113,fixed,100,50,0,0,1.0,1.0,0.6666666666666666,0.8,0.6666666666666666,nan,0,0,nan,0.0,0.0
12,drift_then_rootkit,75.55265124123113,blind_50,6,3,47,94,0.06,0.06,0.6666666666666666,0.11009174311926605,0.35333333333333333,0.0,100,50,0.6666666666666666,1.0,0.0
12,drift_then_rootkit,75.55265124123113,score_gated,100,50,0,0,1.0,1.0,0.6666666666666666,0.8,0.6666666666666666,nan,0,0,nan,0.0,0.0
12,drift_then_rootkit,75.55265124123113,dual_anchor,100,50,0,0,1.0,1.0,0.6666666666666666,0.8,0.6666666666666666,nan,0,0,nan,0.0,0.0
13,normal_drift_system_load,21.13357218308174,fixed,0,100,0,0,nan,1.0,0.0,nan,0.0,nan,0,0,nan,0.0,nan
13,normal_drift_system_load,21.13357218308174,blind_50,0,24,76,0,nan,0.24,0.0,nan,0.76,nan,0,100,0.0,1.0,nan
13,normal_drift_system_load,21.13357218308174,score_gated,0,100,0,0,nan,1.0,0.0,nan,0.0,nan,0,0,nan,0.0,nan
13,normal_drift_system_load,21.13357218308174,dual_anchor,0,100,0,0,nan,1.0,0.0,nan,0.0,nan,0,0,nan,0.0,nan
13,persistent_rootkit_default,21.13357218308174,fixed,100,0,0,0,1.0,nan,1.0,1.0,1.0,nan,0,0,nan,nan,0.0
13,persistent_rootkit_default,21.13357218308174,blind_50,38,0,0,62,0.38,nan,1.0,0.5507246376811594,0.38,nan,100,0,1.0,nan,0.0
13,persistent_rootkit_default,21.13357218308174,score_gated,100,0,0,0,1.0,nan,1.0,1.0,1.0,nan,0,0,nan,nan,0.0
13,persistent_rootkit_default,21.13357218308174,dual_anchor,100,0,0,0,1.0,nan,1.0,1.0,1.0,nan,0,0,nan,nan,0.0
13,persistent_rootkit_system_load,21.13357218308174,fixed,100,0,0,0,1.0,nan,1.0,1.0,1.0,nan,0,0,nan,nan,0.0
13,persistent_rootkit_system_load,21.13357218308174,blind_50,28,0,0,72,0.28,nan,1.0,0.43750000000000006,0.28,nan,100,0,1.0,nan,0.0
13,persistent_rootkit_system_load,21.13357218308174,score_gated,100,0,0,0,1.0,nan,1.0,1.0,1.0,nan,0,0,nan,nan,0.0
13,persistent_rootkit_system_load,21.13357218308174,dual_anchor,100,0,0,0,1.0,nan,1.0,1.0,1.0,nan,0,0,nan,nan,0.0
13,drift_then_rootkit,21.13357218308174,fixed,100,49,1,0,1.0,0.98,0.6711409395973155,0.8032128514056226,0.6733333333333333,0.11585688927269845,0,0,nan,0.0,0.0
13,drift_then_rootkit,21.13357218308174,blind_50,27,14,36,73,0.27,0.28,0.6585365853658537,0.3829787234042553,0.42,-0.0105774218391573,100,50,0.6666666666666666,1.0,0.0
13,drift_then_rootkit,21.13357218308174,score_gated,100,49,1,0,1.0,0.98,0.6711409395973155,0.8032128514056226,0.6733333333333333,0.11585688927269845,0,1,0.0,0.02,0.0
13,drift_then_rootkit,21.13357218308174,dual_anchor,100,49,1,0,1.0,0.98,0.6711409395973155,0.8032128514056226,0.6733333333333333,0.11585688927269845,0,1,0.0,0.02,0.0
14,normal_drift_system_load,52.71732314758167,fixed,0,100,0,0,nan,1.0,0.0,nan,0.0,nan,0,0,nan,0.0,nan
14,normal_drift_system_load,52.71732314758167,blind_50,0,9,91,0,nan,0.09,0.0,nan,0.91,nan,0,100,0.0,1.0,nan
14,normal_drift_system_load,52.71732314758167,score_gated,0,100,0,0,nan,1.0,0.0,nan,0.0,nan,0,0,nan,0.0,nan
14,normal_drift_system_load,52.71732314758167,dual_anchor,0,100,0,0,nan,1.0,0.0,nan,0.0,nan,0,0,nan,0.0,nan
14,persistent_rootkit_default,52.71732314758167,fixed,100,0,0,0,1.0,nan,1.0,1.0,1.0,nan,0,0,nan,nan,0.0
14,persistent_rootkit_default,52.71732314758167,blind_50,6,0,0,94,0.06,nan,1.0,0.11320754716981131,0.06,nan,100,0,1.0,nan,0.0
14,persistent_rootkit_default,52.71732314758167,score_gated,100,0,0,0,1.0,nan,1.0,1.0,1.0,nan,0,0,nan,nan,0.0
14,persistent_rootkit_default,52.71732314758167,dual_anchor,100,0,0,0,1.0,nan,1.0,1.0,1.0,nan,0,0,nan,nan,0.0
14,persistent_rootkit_system_load,52.71732314758167,fixed,100,0,0,0,1.0,nan,1.0,1.0,1.0,nan,0,0,nan,nan,0.0
14,persistent_rootkit_system_load,52.71732314758167,blind_50,9,0,0,91,0.09,nan,1.0,0.16513761467889906,0.09,nan,100,0,1.0,nan,0.0
14,persistent_rootkit_system_load,52.71732314758167,score_gated,100,0,0,0,1.0,nan,1.0,1.0,1.0,nan,0,0,nan,nan,0.0
14,persistent_rootkit_system_load,52.71732314758167,dual_anchor,100,0,0,0,1.0,nan,1.0,1.0,1.0,nan,0,0,nan,nan,0.0
14,drift_then_rootkit,52.71732314758167,fixed,100,50,0,0,1.0,1.0,0.6666666666666666,0.8,0.6666666666666666,nan,0,0,nan,0.0,0.0
14,drift_then_rootkit,52.71732314758167,blind_50,12,3,47,88,0.12,0.06,0.8,0.20869565217391303,0.3933333333333333,0.09428090415820635,100,50,0.6666666666666666,1.0,0.0
14,drift_then_rootkit,52.71732314758167,score_gated,100,50,0,0,1.0,1.0,0.6666666666666666,0.8,0.6666666666666666,nan,0,0,nan,0.0,0.0
14,drift_then_rootkit,52.71732314758167,dual_anchor,100,50,0,0,1.0,1.0,0.6666666666666666,0.8,0.6666666666666666,nan,0,0,nan,0.0,0.0
15,normal_drift_system_load,54.723135368404876,fixed,0,99,1,0,nan,0.99,0.0,nan,0.01,nan,0,0,nan,0.0,nan
15,normal_drift_system_load,54.723135368404876,blind_50,0,7,93,0,nan,0.07,0.0,nan,0.93,nan,0,100,0.0,1.0,nan
15,normal_drift_system_load,54.723135368404876,score_gated,0,99,1,0,nan,0.99,0.0,nan,0.01,nan,0,1,0.0,0.01,nan
15,normal_drift_system_load,54.723135368404876,dual_anchor,0,99,1,0,nan,0.99,0.0,nan,0.01,nan,0,1,0.0,0.01,nan
15,persistent_rootkit_default,54.723135368404876,fixed,100,0,0,0,1.0,nan,1.0,1.0,1.0,nan,0,0,nan,nan,0.0
15,persistent_rootkit_default,54.723135368404876,blind_50,6,0,0,94,0.06,nan,1.0,0.11320754716981131,0.06,nan,100,0,1.0,nan,0.0
15,persistent_rootkit_default,54.723135368404876,score_gated,100,0,0,0,1.0,nan,1.0,1.0,1.0,nan,0,0,nan,nan,0.0
15,persistent_rootkit_default,54.723135368404876,dual_anchor,100,0,0,0,1.0,nan,1.0,1.0,1.0,nan,0,0,nan,nan,0.0
15,persistent_rootkit_system_load,54.723135368404876,fixed,100,0,0,0,1.0,nan,1.0,1.0,1.0,nan,0,0,nan,nan,0.0
15,persistent_rootkit_system_load,54.723135368404876,blind_50,10,0,0,90,0.1,nan,1.0,0.18181818181818182,0.1,nan,100,0,1.0,nan,0.0
15,persistent_rootkit_system_load,54.723135368404876,score_gated,100,0,0,0,1.0,nan,1.0,1.0,1.0,nan,0,0,nan,nan,0.0
15,persistent_rootkit_system_load,54.723135368404876,dual_anchor,100,0,0,0,1.0,nan,1.0,1.0,1.0,nan,0,0,nan,nan,0.0
15,drift_then_rootkit,54.723135368404876,fixed,100,49,1,0,1.0,0.98,0.6711409395973155,0.8032128514056226,0.6733333333333333,0.11585688927269845,0,0,nan,0.0,0.0
15,drift_then_rootkit,54.723135368404876,blind_50,11,3,47,89,0.11,0.06,0.7857142857142857,0.19298245614035087,0.38666666666666666,0.08102546544402055,100,50,0.6666666666666666,1.0,0.0
15,drift_then_rootkit,54.723135368404876,score_gated,100,49,1,0,1.0,0.98,0.6711409395973155,0.8032128514056226,0.6733333333333333,0.11585688927269845,0,1,0.0,0.02,0.0
15,drift_then_rootkit,54.723135368404876,dual_anchor,100,49,1,0,1.0,0.98,0.6711409395973155,0.8032128514056226,0.6733333333333333,0.11585688927269845,0,1,0.0,0.02,0.0
16,normal_drift_system_load,20.48958018858773,fixed,0,100,0,0,nan,1.0,0.0,nan,0.0,nan,0,0,nan,0.0,nan
16,normal_drift_system_load,20.48958018858773,blind_50,0,23,77,0,nan,0.23,0.0,nan,0.77,nan,0,100,0.0,1.0,nan
16,normal_drift_system_load,20.48958018858773,score_gated,0,100,0,0,nan,1.0,0.0,nan,0.0,nan,0,0,nan,0.0,nan
16,normal_drift_system_load,20.48958018858773,dual_anchor,0,100,0,0,nan,1.0,0.0,nan,0.0,nan,0,0,nan,0.0,nan
16,persistent_rootkit_default,20.48958018858773,fixed,100,0,0,0,1.0,nan,1.0,1.0,1.0,nan,0,0,nan,nan,0.0
16,persistent_rootkit_default,20.48958018858773,blind_50,37,0,0,63,0.37,nan,1.0,0.5401459854014599,0.37,nan,100,0,1.0,nan,0.0
16,persistent_rootkit_default,20.48958018858773,score_gated,100,0,0,0,1.0,nan,1.0,1.0,1.0,nan,0,0,nan,nan,0.0
16,persistent_rootkit_default,20.48958018858773,dual_anchor,100,0,0,0,1.0,nan,1.0,1.0,1.0,nan,0,0,nan,nan,0.0
16,persistent_rootkit_system_load,20.48958018858773,fixed,100,0,0,0,1.0,nan,1.0,1.0,1.0,nan,0,0,nan,nan,0.0
16,persistent_rootkit_system_load,20.48958018858773,blind_50,24,0,0,76,0.24,nan,1.0,0.3870967741935484,0.24,nan,100,0,1.0,nan,0.0
16,persistent_rootkit_system_load,20.48958018858773,score_gated,100,0,0,0,1.0,nan,1.0,1.0,1.0,nan,0,0,nan,nan,0.0
16,persistent_rootkit_system_load,20.48958018858773,dual_anchor,100,0,0,0,1.0,nan,1.0,1.0,1.0,nan,0,0,nan,nan,0.0
16,drift_then_rootkit,20.48958018858773,fixed,100,50,0,0,1.0,1.0,0.6666666666666666,0.8,0.6666666666666666,nan,0,0,nan,0.0,0.0
16,drift_then_rootkit,20.48958018858773,blind_50,37,12,38,63,0.37,0.24,0.7551020408163265,0.4966442953020134,0.5,0.13066811544991136,100,50,0.6666666666666666,1.0,0.0
16,drift_then_rootkit,20.48958018858773,score_gated,100,50,0,0,1.0,1.0,0.6666666666666666,0.8,0.6666666666666666,nan,0,0,nan,0.0,0.0
16,drift_then_rootkit,20.48958018858773,dual_anchor,100,50,0,0,1.0,1.0,0.6666666666666666,0.8,0.6666666666666666,nan,0,0,nan,0.0,0.0
17,normal_drift_system_load,21.3147688926648,fixed,0,100,0,0,nan,1.0,0.0,nan,0.0,nan,0,0,nan,0.0,nan
17,normal_drift_system_load,21.3147688926648,blind_50,0,23,77,0,nan,0.23,0.0,nan,0.77,nan,0,100,0.0,1.0,nan
17,normal_drift_system_load,21.3147688926648,score_gated,0,100,0,0,nan,1.0,0.0,nan,0.0,nan,0,0,nan,0.0,nan
17,normal_drift_system_load,21.3147688926648,dual_anchor,0,100,0,0,nan,1.0,0.0,nan,0.0,nan,0,0,nan,0.0,nan
17,persistent_rootkit_default,21.3147688926648,fixed,100,0,0,0,1.0,nan,1.0,1.0,1.0,nan,0,0,nan,nan,0.0
17,persistent_rootkit_default,21.3147688926648,blind_50,29,0,0,71,0.29,nan,1.0,0.44961240310077516,0.29,nan,100,0,1.0,nan,0.0
17,persistent_rootkit_default,21.3147688926648,score_gated,100,0,0,0,1.0,nan,1.0,1.0,1.0,nan,0,0,nan,nan,0.0
17,persistent_rootkit_default,21.3147688926648,dual_anchor,100,0,0,0,1.0,nan,1.0,1.0,1.0,nan,0,0,nan,nan,0.0
17,persistent_rootkit_system_load,21.3147688926648,fixed,100,0,0,0,1.0,nan,1.0,1.0,1.0,nan,0,0,nan,nan,0.0
17,persistent_rootkit_system_load,21.3147688926648,blind_50,21,0,0,79,0.21,nan,1.0,0.34710743801652894,0.21,nan,100,0,1.0,nan,0.0
17,persistent_rootkit_system_load,21.3147688926648,score_gated,100,0,0,0,1.0,nan,1.0,1.0,1.0,nan,0,0,nan,nan,0.0
17,persistent_rootkit_system_load,21.3147688926648,dual_anchor,100,0,0,0,1.0,nan,1.0,1.0,1.0,nan,0,0,nan,nan,0.0
17,drift_then_rootkit,21.3147688926648,fixed,100,50,0,0,1.0,1.0,0.6666666666666666,0.8,0.6666666666666666,nan,0,0,nan,0.0,0.0
17,drift_then_rootkit,21.3147688926648,blind_50,32,6,44,68,0.32,0.12,0.8421052631578947,0.463768115942029,0.5066666666666667,0.21677749238102997,100,50,0.6666666666666666,1.0,0.0
17,drift_then_rootkit,21.3147688926648,score_gated,100,50,0,0,1.0,1.0,0.6666666666666666,0.8,0.6666666666666666,nan,0,0,nan,0.0,0.0
17,drift_then_rootkit,21.3147688926648,dual_anchor,100,50,0,0,1.0,1.0,0.6666666666666666,0.8,0.6666666666666666,nan,0,0,nan,0.0,0.0
18,normal_drift_system_load,38.72630879110577,fixed,0,99,1,0,nan,0.99,0.0,nan,0.01,nan,0,0,nan,0.0,nan
18,normal_drift_system_load,38.72630879110577,blind_50,0,11,89,0,nan,0.11,0.0,nan,0.89,nan,0,100,0.0,1.0,nan
18,normal_drift_system_load,38.72630879110577,score_gated,0,99,1,0,nan,0.99,0.0,nan,0.01,nan,0,1,0.0,0.01,nan
18,normal_drift_system_load,38.72630879110577,dual_anchor,0,99,1,0,nan,0.99,0.0,nan,0.01,nan,0,1,0.0,0.01,nan
18,persistent_rootkit_default,38.72630879110577,fixed,100,0,0,0,1.0,nan,1.0,1.0,1.0,nan,0,0,nan,nan,0.0
18,persistent_rootkit_default,38.72630879110577,blind_50,10,0,0,90,0.1,nan,1.0,0.18181818181818182,0.1,nan,100,0,1.0,nan,0.0
18,persistent_rootkit_default,38.72630879110577,score_gated,100,0,0,0,1.0,nan,1.0,1.0,1.0,nan,0,0,nan,nan,0.0
18,persistent_rootkit_default,38.72630879110577,dual_anchor,100,0,0,0,1.0,nan,1.0,1.0,1.0,nan,0,0,nan,nan,0.0
18,persistent_rootkit_system_load,38.72630879110577,fixed,100,0,0,0,1.0,nan,1.0,1.0,1.0,nan,0,0,nan,nan,0.0
18,persistent_rootkit_system_load,38.72630879110577,blind_50,16,0,0,84,0.16,nan,1.0,0.2758620689655173,0.16,nan,100,0,1.0,nan,0.0
18,persistent_rootkit_system_load,38.72630879110577,score_gated,100,0,0,0,1.0,nan,1.0,1.0,1.0,nan,0,0,nan,nan,0.0
18,persistent_rootkit_system_load,38.72630879110577,dual_anchor,100,0,0,0,1.0,nan,1.0,1.0,1.0,nan,0,0,nan,nan,0.0
18,drift_then_rootkit,38.72630879110577,fixed,100,49,1,0,1.0,0.98,0.6711409395973155,0.8032128514056226,0.6733333333333333,0.11585688927269845,0,0,nan,0.0,0.0
18,drift_then_rootkit,38.72630879110577,blind_50,11,7,43,89,0.11,0.14,0.6111111111111112,0.1864406779661017,0.36,-0.04351941398892446,100,50,0.6666666666666666,1.0,0.0
18,drift_then_rootkit,38.72630879110577,score_gated,100,49,1,0,1.0,0.98,0.6711409395973155,0.8032128514056226,0.6733333333333333,0.11585688927269845,0,1,0.0,0.02,0.0
18,drift_then_rootkit,38.72630879110577,dual_anchor,100,49,1,0,1.0,0.98,0.6711409395973155,0.8032128514056226,0.6733333333333333,0.11585688927269845,0,1,0.0,0.02,0.0
19,normal_drift_system_load,23.878721795016187,fixed,0,100,0,0,nan,1.0,0.0,nan,0.0,nan,0,0,nan,0.0,nan
19,normal_drift_system_load,23.878721795016187,blind_50,0,23,77,0,nan,0.23,0.0,nan,0.77,nan,0,100,0.0,1.0,nan
19,normal_drift_system_load,23.878721795016187,score_gated,0,100,0,0,nan,1.0,0.0,nan,0.0,nan,0,0,nan,0.0,nan
19,normal_drift_system_load,23.878721795016187,dual_anchor,0,100,0,0,nan,1.0,0.0,nan,0.0,nan,0,0,nan,0.0,nan
19,persistent_rootkit_default,23.878721795016187,fixed,100,0,0,0,1.0,nan,1.0,1.0,1.0,nan,0,0,nan,nan,0.0
19,persistent_rootkit_default,23.878721795016187,blind_50,32,0,0,68,0.32,nan,1.0,0.48484848484848486,0.32,nan,100,0,1.0,nan,0.0
19,persistent_rootkit_default,23.878721795016187,score_gated,100,0,0,0,1.0,nan,1.0,1.0,1.0,nan,0,0,nan,nan,0.0
19,persistent_rootkit_default,23.878721795016187,dual_anchor,100,0,0,0,1.0,nan,1.0,1.0,1.0,nan,0,0,nan,nan,0.0
19,persistent_rootkit_system_load,23.878721795016187,fixed,100,0,0,0,1.0,nan,1.0,1.0,1.0,nan,0,0,nan,nan,0.0
19,persistent_rootkit_system_load,23.878721795016187,blind_50,25,0,0,75,0.25,nan,1.0,0.4,0.25,nan,100,0,1.0,nan,0.0
19,persistent_rootkit_system_load,23.878721795016187,score_gated,100,0,0,0,1.0,nan,1.0,1.0,1.0,nan,0,0,nan,nan,0.0
19,persistent_rootkit_system_load,23.878721795016187,dual_anchor,100,0,0,0,1.0,nan,1.0,1.0,1.0,nan,0,0,nan,nan,0.0
19,drift_then_rootkit,23.878721795016187,fixed,100,50,0,0,1.0,1.0,0.6666666666666666,0.8,0.6666666666666666,nan,0,0,nan,0.0,0.0
19,drift_then_rootkit,23.878721795016187,blind_50,31,11,39,69,0.31,0.22,0.7380952380952381,0.43661971830985913,0.4666666666666667,0.09449111825230681,100,50,0.6666666666666666,1.0,0.0
19,drift_then_rootkit,23.878721795016187,score_gated,100,50,0,0,1.0,1.0,0.6666666666666666,0.8,0.6666666666666666,nan,0,0,nan,0.0,0.0
19,drift_then_rootkit,23.878721795016187,dual_anchor,100,50,0,0,1.0,1.0,0.6666666666666666,0.8,0.6666666666666666,nan,0,0,nan,0.0,0.0
20,normal_drift_system_load,67.90789883576589,fixed,0,99,1,0,nan,0.99,0.0,nan,0.01,nan,0,0,nan,0.0,nan
20,normal_drift_system_load,67.90789883576589,blind_50,0,12,88,0,nan,0.12,0.0,nan,0.88,nan,0,100,0.0,1.0,nan
20,normal_drift_system_load,67.90789883576589,score_gated,0,99,1,0,nan,0.99,0.0,nan,0.01,nan,0,1,0.0,0.01,nan
20,normal_drift_system_load,67.90789883576589,dual_anchor,0,99,1,0,nan,0.99,0.0,nan,0.01,nan,0,1,0.0,0.01,nan
20,persistent_rootkit_default,67.90789883576589,fixed,100,0,0,0,1.0,nan,1.0,1.0,1.0,nan,0,0,nan,nan,0.0
20,persistent_rootkit_default,67.90789883576589,blind_50,4,0,0,96,0.04,nan,1.0,0.07692307692307693,0.04,nan,100,0,1.0,nan,0.0
20,persistent_rootkit_default,67.90789883576589,score_gated,100,0,0,0,1.0,nan,1.0,1.0,1.0,nan,0,0,nan,nan,0.0
20,persistent_rootkit_default,67.90789883576589,dual_anchor,100,0,0,0,1.0,nan,1.0,1.0,1.0,nan,0,0,nan,nan,0.0
20,persistent_rootkit_system_load,67.90789883576589,fixed,100,0,0,0,1.0,nan,1.0,1.0,1.0,nan,0,0,nan,nan,0.0
20,persistent_rootkit_system_load,67.90789883576589,blind_50,7,0,0,93,0.07,nan,1.0,0.13084112149532712,0.07,nan,100,0,1.0,nan,0.0
20,persistent_rootkit_system_load,67.90789883576589,score_gated,100,0,0,0,1.0,nan,1.0,1.0,1.0,nan,0,0,nan,nan,0.0
20,persistent_rootkit_system_load,67.90789883576589,dual_anchor,100,0,0,0,1.0,nan,1.0,1.0,1.0,nan,0,0,nan,nan,0.0
20,drift_then_rootkit,67.90789883576589,fixed,100,49,1,0,1.0,0.98,0.6711409395973155,0.8032128514056226,0.6733333333333333,0.11585688927269845,0,0,nan,0.0,0.0
20,drift_then_rootkit,67.90789883576589,blind_50,6,2,48,94,0.06,0.04,0.75,0.1111111111111111,0.36,0.041959067914834454,100,50,0.6666666666666666,1.0,0.0
20,drift_then_rootkit,67.90789883576589,score_gated,100,49,1,0,1.0,0.98,0.6711409395973155,0.8032128514056226,0.6733333333333333,0.11585688927269845,0,1,0.0,0.02,0.0
20,drift_then_rootkit,67.90789883576589,dual_anchor,100,49,1,0,1.0,0.98,0.6711409395973155,0.8032128514056226,0.6733333333333333,0.11585688927269845,0,1,0.0,0.02,0.0
21,normal_drift_system_load,25.989401539668073,fixed,0,99,1,0,nan,0.99,0.0,nan,0.01,nan,0,0,nan,0.0,nan
21,normal_drift_system_load,25.989401539668073,blind_50,0,16,84,0,nan,0.16,0.0,nan,0.84,nan,0,100,0.0,1.0,nan
21,normal_drift_system_load,25.989401539668073,score_gated,0,99,1,0,nan,0.99,0.0,nan,0.01,nan,0,1,0.0,0.01,nan
21,normal_drift_system_load,25.989401539668073,dual_anchor,0,99,1,0,nan,0.99,0.0,nan,0.01,nan,0,1,0.0,0.01,nan
21,persistent_rootkit_default,25.989401539668073,fixed,100,0,0,0,1.0,nan,1.0,1.0,1.0,nan,0,0,nan,nan,0.0
21,persistent_rootkit_default,25.989401539668073,blind_50,24,0,0,76,0.24,nan,1.0,0.3870967741935484,0.24,nan,100,0,1.0,nan,0.0
21,persistent_rootkit_default,25.989401539668073,score_gated,100,0,0,0,1.0,nan,1.0,1.0,1.0,nan,0,0,nan,nan,0.0
21,persistent_rootkit_default,25.989401539668073,dual_anchor,100,0,0,0,1.0,nan,1.0,1.0,1.0,nan,0,0,nan,nan,0.0
21,persistent_rootkit_system_load,25.989401539668073,fixed,100,0,0,0,1.0,nan,1.0,1.0,1.0,nan,0,0,nan,nan,0.0
21,persistent_rootkit_system_load,25.989401539668073,blind_50,20,0,0,80,0.2,nan,1.0,0.33333333333333337,0.2,nan,100,0,1.0,nan,0.0
21,persistent_rootkit_system_load,25.989401539668073,score_gated,100,0,0,0,1.0,nan,1.0,1.0,1.0,nan,0,0,nan,nan,0.0
21,persistent_rootkit_system_load,25.989401539668073,dual_anchor,100,0,0,0,1.0,nan,1.0,1.0,1.0,nan,0,0,nan,nan,0.0
21,drift_then_rootkit,25.989401539668073,fixed,100,49,1,0,1.0,0.98,0.6711409395973155,0.8032128514056226,0.6733333333333333,0.11585688927269845,0,0,nan,0.0,0.0
21,drift_then_rootkit,25.989401539668073,blind_50,22,8,42,78,0.22,0.16,0.7333333333333333,0.3384615384615385,0.4266666666666667,0.07071067811865475,100,50,0.6666666666666666,1.0,0.0
21,drift_then_rootkit,25.989401539668073,score_gated,100,49,1,0,1.0,0.98,0.6711409395973155,0.8032128514056226,0.6733333333333333,0.11585688927269845,0,1,0.0,0.02,0.0
21,drift_then_rootkit,25.989401539668073,dual_anchor,100,49,1,0,1.0,0.98,0.6711409395973155,0.8032128514056226,0.6733333333333333,0.11585688927269845,0,1,0.0,0.02,0.0
22,normal_drift_system_load,57.14026642409288,fixed,0,99,1,0,nan,0.99,0.0,nan,0.01,nan,0,0,nan,0.0,nan
22,normal_drift_system_load,57.14026642409288,blind_50,0,13,87,0,nan,0.13,0.0,nan,0.87,nan,0,100,0.0,1.0,nan
22,normal_drift_system_load,57.14026642409288,score_gated,0,99,1,0,nan,0.99,0.0,nan,0.01,nan,0,1,0.0,0.01,nan
22,normal_drift_system_load,57.14026642409288,dual_anchor,0,99,1,0,nan,0.99,0.0,nan,0.01,nan,0,1,0.0,0.01,nan
22,persistent_rootkit_default,57.14026642409288,fixed,100,0,0,0,1.0,nan,1.0,1.0,1.0,nan,0,0,nan,nan,0.0
22,persistent_rootkit_default,57.14026642409288,blind_50,7,0,0,93,0.07,nan,1.0,0.13084112149532712,0.07,nan,100,0,1.0,nan,0.0
22,persistent_rootkit_default,57.14026642409288,score_gated,100,0,0,0,1.0,nan,1.0,1.0,1.0,nan,0,0,nan,nan,0.0
22,persistent_rootkit_default,57.14026642409288,dual_anchor,100,0,0,0,1.0,nan,1.0,1.0,1.0,nan,0,0,nan,nan,0.0
22,persistent_rootkit_system_load,57.14026642409288,fixed,100,0,0,0,1.0,nan,1.0,1.0,1.0,nan,0,0,nan,nan,0.0
22,persistent_rootkit_system_load,57.14026642409288,blind_50,7,0,0,93,0.07,nan,1.0,0.13084112149532712,0.07,nan,100,0,1.0,nan,0.0
22,persistent_rootkit_system_load,57.14026642409288,score_gated,100,0,0,0,1.0,nan,1.0,1.0,1.0,nan,0,0,nan,nan,0.0
22,persistent_rootkit_system_load,57.14026642409288,dual_anchor,100,0,0,0,1.0,nan,1.0,1.0,1.0,nan,0,0,nan,nan,0.0
22,drift_then_rootkit,57.14026642409288,fixed,100,48,2,0,1.0,0.96,0.6756756756756757,0.8064516129032258,0.68,0.1643989873053573,0,0,nan,0.0,0.0
22,drift_then_rootkit,57.14026642409288,blind_50,9,6,44,91,0.09,0.12,0.6,0.1565217391304348,0.35333333333333333,-0.047140452079103175,100,50,0.6666666666666666,1.0,0.0
22,drift_then_rootkit,57.14026642409288,score_gated,100,48,2,0,1.0,0.96,0.6756756756756757,0.8064516129032258,0.68,0.1643989873053573,0,2,0.0,0.04,0.0
22,drift_then_rootkit,57.14026642409288,dual_anchor,100,48,2,0,1.0,0.96,0.6756756756756757,0.8064516129032258,0.68,0.1643989873053573,0,2,0.0,0.04,0.0
23,normal_drift_system_load,37.751880972200425,fixed,0,99,1,0,nan,0.99,0.0,nan,0.01,nan,0,0,nan,0.0,nan
23,normal_drift_system_load,37.751880972200425,blind_50,0,12,88,0,nan,0.12,0.0,nan,0.88,nan,0,100,0.0,1.0,nan
23,normal_drift_system_load,37.751880972200425,score_gated,0,99,1,0,nan,0.99,0.0,nan,0.01,nan,0,1,0.0,0.01,nan
23,normal_drift_system_load,37.751880972200425,dual_anchor,0,99,1,0,nan,0.99,0.0,nan,0.01,nan,0,1,0.0,0.01,nan
23,persistent_rootkit_default,37.751880972200425,fixed,100,0,0,0,1.0,nan,1.0,1.0,1.0,nan,0,0,nan,nan,0.0
23,persistent_rootkit_default,37.751880972200425,blind_50,12,0,0,88,0.12,nan,1.0,0.21428571428571425,0.12,nan,100,0,1.0,nan,0.0
23,persistent_rootkit_default,37.751880972200425,score_gated,100,0,0,0,1.0,nan,1.0,1.0,1.0,nan,0,0,nan,nan,0.0
23,persistent_rootkit_default,37.751880972200425,dual_anchor,100,0,0,0,1.0,nan,1.0,1.0,1.0,nan,0,0,nan,nan,0.0
23,persistent_rootkit_system_load,37.751880972200425,fixed,100,0,0,0,1.0,nan,1.0,1.0,1.0,nan,0,0,nan,nan,0.0
23,persistent_rootkit_system_load,37.751880972200425,blind_50,12,0,0,88,0.12,nan,1.0,0.21428571428571425,0.12,nan,100,0,1.0,nan,0.0
23,persistent_rootkit_system_load,37.751880972200425,score_gated,100,0,0,0,1.0,nan,1.0,1.0,1.0,nan,0,0,nan,nan,0.0
23,persistent_rootkit_system_load,37.751880972200425,dual_anchor,100,0,0,0,1.0,nan,1.0,1.0,1.0,nan,0,0,nan,nan,0.0
23,drift_then_rootkit,37.751880972200425,fixed,100,50,0,0,1.0,1.0,0.6666666666666666,0.8,0.6666666666666666,nan,0,0,nan,0.0,0.0
23,drift_then_rootkit,37.751880972200425,blind_50,17,7,43,83,0.17,0.14,0.7083333333333334,0.2741935483870968,0.4,0.03857583749052298,100,50,0.6666666666666666,1.0,0.0
23,drift_then_rootkit,37.751880972200425,score_gated,100,50,0,0,1.0,1.0,0.6666666666666666,0.8,0.6666666666666666,nan,0,0,nan,0.0,0.0
23,drift_then_rootkit,37.751880972200425,dual_anchor,100,50,0,0,1.0,1.0,0.6666666666666666,0.8,0.6666666666666666,nan,0,0,nan,0.0,0.0
24,normal_drift_system_load,28.71435265366132,fixed,0,99,1,0,nan,0.99,0.0,nan,0.01,nan,0,0,nan,0.0,nan
24,normal_drift_system_load,28.71435265366132,blind_50,0,15,85,0,nan,0.15,0.0,nan,0.85,nan,0,100,0.0,1.0,nan
24,normal_drift_system_load,28.71435265366132,score_gated,0,99,1,0,nan,0.99,0.0,nan,0.01,nan,0,1,0.0,0.01,nan
24,normal_drift_system_load,28.71435265366132,dual_anchor,0,99,1,0,nan,0.99,0.0,nan,0.01,nan,0,1,0.0,0.01,nan
24,persistent_rootkit_default,28.71435265366132,fixed,100,0,0,0,1.0,nan,1.0,1.0,1.0,nan,0,0,nan,nan,0.0
24,persistent_rootkit_default,28.71435265366132,blind_50,21,0,0,79,0.21,nan,1.0,0.34710743801652894,0.21,nan,100,0,1.0,nan,0.0
24,persistent_rootkit_default,28.71435265366132,score_gated,100,0,0,0,1.0,nan,1.0,1.0,1.0,nan,0,0,nan,nan,0.0
24,persistent_rootkit_default,28.71435265366132,dual_anchor,100,0,0,0,1.0,nan,1.0,1.0,1.0,nan,0,0,nan,nan,0.0
24,persistent_rootkit_system_load,28.71435265366132,fixed,100,0,0,0,1.0,nan,1.0,1.0,1.0,nan,0,0,nan,nan,0.0
24,persistent_rootkit_system_load,28.71435265366132,blind_50,18,0,0,82,0.18,nan,1.0,0.3050847457627119,0.18,nan,100,0,1.0,nan,0.0
24,persistent_rootkit_system_load,28.71435265366132,score_gated,100,0,0,0,1.0,nan,1.0,1.0,1.0,nan,0,0,nan,nan,0.0
24,persistent_rootkit_system_load,28.71435265366132,dual_anchor,100,0,0,0,1.0,nan,1.0,1.0,1.0,nan,0,0,nan,nan,0.0
24,drift_then_rootkit,28.71435265366132,fixed,100,49,1,0,1.0,0.98,0.6711409395973155,0.8032128514056226,0.6733333333333333,0.11585688927269845,0,0,nan,0.0,0.0
24,drift_then_rootkit,28.71435265366132,blind_50,21,7,43,79,0.21,0.14,0.75,0.328125,0.4266666666666667,0.08468843573676978,100,50,0.6666666666666666,1.0,0.0
24,drift_then_rootkit,28.71435265366132,score_gated,100,49,1,0,1.0,0.98,0.6711409395973155,0.8032128514056226,0.6733333333333333,0.11585688927269845,0,1,0.0,0.02,0.0
24,drift_then_rootkit,28.71435265366132,dual_anchor,100,49,1,0,1.0,0.98,0.6711409395973155,0.8032128514056226,0.6733333333333333,0.11585688927269845,0,1,0.0,0.02,0.0
25,normal_drift_system_load,40.41447371888346,fixed,0,99,1,0,nan,0.99,0.0,nan,0.01,nan,0,0,nan,0.0,nan
25,normal_drift_system_load,40.41447371888346,blind_50,0,10,90,0,nan,0.1,0.0,nan,0.9,nan,0,100,0.0,1.0,nan
25,normal_drift_system_load,40.41447371888346,score_gated,0,99,1,0,nan,0.99,0.0,nan,0.01,nan,0,1,0.0,0.01,nan
25,normal_drift_system_load,40.41447371888346,dual_anchor,0,99,1,0,nan,0.99,0.0,nan,0.01,nan,0,1,0.0,0.01,nan
25,persistent_rootkit_default,40.41447371888346,fixed,100,0,0,0,1.0,nan,1.0,1.0,1.0,nan,0,0,nan,nan,0.0
25,persistent_rootkit_default,40.41447371888346,blind_50,11,0,0,89,0.11,nan,1.0,0.19819819819819817,0.11,nan,100,0,1.0,nan,0.0
25,persistent_rootkit_default,40.41447371888346,score_gated,100,0,0,0,1.0,nan,1.0,1.0,1.0,nan,0,0,nan,nan,0.0
25,persistent_rootkit_default,40.41447371888346,dual_anchor,100,0,0,0,1.0,nan,1.0,1.0,1.0,nan,0,0,nan,nan,0.0
25,persistent_rootkit_system_load,40.41447371888346,fixed,100,0,0,0,1.0,nan,1.0,1.0,1.0,nan,0,0,nan,nan,0.0
25,persistent_rootkit_system_load,40.41447371888346,blind_50,12,0,0,88,0.12,nan,1.0,0.21428571428571425,0.12,nan,100,0,1.0,nan,0.0
25,persistent_rootkit_system_load,40.41447371888346,score_gated,100,0,0,0,1.0,nan,1.0,1.0,1.0,nan,0,0,nan,nan,0.0
25,persistent_rootkit_system_load,40.41447371888346,dual_anchor,100,0,0,0,1.0,nan,1.0,1.0,1.0,nan,0,0,nan,nan,0.0
25,drift_then_rootkit,40.41447371888346,fixed,100,49,1,0,1.0,0.98,0.6711409395973155,0.8032128514056226,0.6733333333333333,0.11585688927269845,0,0,nan,0.0,0.0
25,drift_then_rootkit,40.41447371888346,blind_50,11,7,43,89,0.11,0.14,0.6111111111111112,0.1864406779661017,0.36,-0.04351941398892446,100,50,0.6666666666666666,1.0,0.0
25,drift_then_rootkit,40.41447371888346,score_gated,100,49,1,0,1.0,0.98,0.6711409395973155,0.8032128514056226,0.6733333333333333,0.11585688927269845,0,1,0.0,0.02,0.0
25,drift_then_rootkit,40.41447371888346,dual_anchor,100,49,1,0,1.0,0.98,0.6711409395973155,0.8032128514056226,0.6733333333333333,0.11585688927269845,0,1,0.0,0.02,0.0
26,normal_drift_system_load,28.726966326579873,fixed,0,100,0,0,nan,1.0,0.0,nan,0.0,nan,0,0,nan,0.0,nan
26,normal_drift_system_load,28.726966326579873,blind_50,0,20,80,0,nan,0.2,0.0,nan,0.8,nan,0,100,0.0,1.0,nan
26,normal_drift_system_load,28.726966326579873,score_gated,0,100,0,0,nan,1.0,0.0,nan,0.0,nan,0,0,nan,0.0,nan
26,normal_drift_system_load,28.726966326579873,dual_anchor,0,100,0,0,nan,1.0,0.0,nan,0.0,nan,0,0,nan,0.0,nan
26,persistent_rootkit_default,28.726966326579873,fixed,100,0,0,0,1.0,nan,1.0,1.0,1.0,nan,0,0,nan,nan,0.0
26,persistent_rootkit_default,28.726966326579873,blind_50,17,0,0,83,0.17,nan,1.0,0.2905982905982906,0.17,nan,100,0,1.0,nan,0.0
26,persistent_rootkit_default,28.726966326579873,score_gated,100,0,0,0,1.0,nan,1.0,1.0,1.0,nan,0,0,nan,nan,0.0
26,persistent_rootkit_default,28.726966326579873,dual_anchor,100,0,0,0,1.0,nan,1.0,1.0,1.0,nan,0,0,nan,nan,0.0
26,persistent_rootkit_system_load,28.726966326579873,fixed,100,0,0,0,1.0,nan,1.0,1.0,1.0,nan,0,0,nan,nan,0.0
26,persistent_rootkit_system_load,28.726966326579873,blind_50,17,0,0,83,0.17,nan,1.0,0.2905982905982906,0.17,nan,100,0,1.0,nan,0.0
26,persistent_rootkit_system_load,28.726966326579873,score_gated,100,0,0,0,1.0,nan,1.0,1.0,1.0,nan,0,0,nan,nan,0.0
26,persistent_rootkit_system_load,28.726966326579873,dual_anchor,100,0,0,0,1.0,nan,1.0,1.0,1.0,nan,0,0,nan,nan,0.0
26,drift_then_rootkit,28.726966326579873,fixed,100,50,0,0,1.0,1.0,0.6666666666666666,0.8,0.6666666666666666,nan,0,0,nan,0.0,0.0
26,drift_then_rootkit,28.726966326579873,blind_50,25,8,42,75,0.25,0.16,0.7575757575757576,0.37593984962406013,0.44666666666666666,0.10241831129983785,100,50,0.6666666666666666,1.0,0.0
26,drift_then_rootkit,28.726966326579873,score_gated,100,50,0,0,1.0,1.0,0.6666666666666666,0.8,0.6666666666666666,nan,0,0,nan,0.0,0.0
26,drift_then_rootkit,28.726966326579873,dual_anchor,100,50,0,0,1.0,1.0,0.6666666666666666,0.8,0.6666666666666666,nan,0,0,nan,0.0,0.0
27,normal_drift_system_load,65.08810124030832,fixed,0,99,1,0,nan,0.99,0.0,nan,0.01,nan,0,0,nan,0.0,nan
27,normal_drift_system_load,65.08810124030832,blind_50,0,5,95,0,nan,0.05,0.0,nan,0.95,nan,0,100,0.0,1.0,nan
27,normal_drift_system_load,65.08810124030832,score_gated,0,99,1,0,nan,0.99,0.0,nan,0.01,nan,0,1,0.0,0.01,nan
27,normal_drift_system_load,65.08810124030832,dual_anchor,0,99,1,0,nan,0.99,0.0,nan,0.01,nan,0,1,0.0,0.01,nan
27,persistent_rootkit_default,65.08810124030832,fixed,100,0,0,0,1.0,nan,1.0,1.0,1.0,nan,0,0,nan,nan,0.0
27,persistent_rootkit_default,65.08810124030832,blind_50,5,0,0,95,0.05,nan,1.0,0.09523809523809523,0.05,nan,100,0,1.0,nan,0.0
27,persistent_rootkit_default,65.08810124030832,score_gated,100,0,0,0,1.0,nan,1.0,1.0,1.0,nan,0,0,nan,nan,0.0
27,persistent_rootkit_default,65.08810124030832,dual_anchor,100,0,0,0,1.0,nan,1.0,1.0,1.0,nan,0,0,nan,nan,0.0
27,persistent_rootkit_system_load,65.08810124030832,fixed,100,0,0,0,1.0,nan,1.0,1.0,1.0,nan,0,0,nan,nan,0.0
27,persistent_rootkit_system_load,65.08810124030832,blind_50,6,0,0,94,0.06,nan,1.0,0.11320754716981131,0.06,nan,100,0,1.0,nan,0.0
27,persistent_rootkit_system_load,65.08810124030832,score_gated,100,0,0,0,1.0,nan,1.0,1.0,1.0,nan,0,0,nan,nan,0.0
27,persistent_rootkit_system_load,65.08810124030832,dual_anchor,100,0,0,0,1.0,nan,1.0,1.0,1.0,nan,0,0,nan,nan,0.0
27,drift_then_rootkit,65.08810124030832,fixed,100,49,1,0,1.0,0.98,0.6711409395973155,0.8032128514056226,0.6733333333333333,0.11585688927269845,0,0,nan,0.0,0.0
27,drift_then_rootkit,65.08810124030832,blind_50,4,4,46,96,0.04,0.08,0.5,0.07407407407407407,0.3333333333333333,-0.08391813582966891,100,50,0.6666666666666666,1.0,0.0
27,drift_then_rootkit,65.08810124030832,score_gated,100,49,1,0,1.0,0.98,0.6711409395973155,0.8032128514056226,0.6733333333333333,0.11585688927269845,0,1,0.0,0.02,0.0
27,drift_then_rootkit,65.08810124030832,dual_anchor,100,49,1,0,1.0,0.98,0.6711409395973155,0.8032128514056226,0.6733333333333333,0.11585688927269845,0,1,0.0,0.02,0.0
28,normal_drift_system_load,27.592565127551193,fixed,0,100,0,0,nan,1.0,0.0,nan,0.0,nan,0,0,nan,0.0,nan
28,normal_drift_system_load,27.592565127551193,blind_50,0,18,82,0,nan,0.18,0.0,nan,0.82,nan,0,100,0.0,1.0,nan
28,normal_drift_system_load,27.592565127551193,score_gated,0,100,0,0,nan,1.0,0.0,nan,0.0,nan,0,0,nan,0.0,nan
28,normal_drift_system_load,27.592565127551193,dual_anchor,0,100,0,0,nan,1.0,0.0,nan,0.0,nan,0,0,nan,0.0,nan
28,persistent_rootkit_default,27.592565127551193,fixed,100,0,0,0,1.0,nan,1.0,1.0,1.0,nan,0,0,nan,nan,0.0
28,persistent_rootkit_default,27.592565127551193,blind_50,25,0,0,75,0.25,nan,1.0,0.4,0.25,nan,100,0,1.0,nan,0.0
28,persistent_rootkit_default,27.592565127551193,score_gated,100,0,0,0,1.0,nan,1.0,1.0,1.0,nan,0,0,nan,nan,0.0
28,persistent_rootkit_default,27.592565127551193,dual_anchor,100,0,0,0,1.0,nan,1.0,1.0,1.0,nan,0,0,nan,nan,0.0
28,persistent_rootkit_system_load,27.592565127551193,fixed,100,0,0,0,1.0,nan,1.0,1.0,1.0,nan,0,0,nan,nan,0.0
28,persistent_rootkit_system_load,27.592565127551193,blind_50,21,0,0,79,0.21,nan,1.0,0.34710743801652894,0.21,nan,100,0,1.0,nan,0.0
28,persistent_rootkit_system_load,27.592565127551193,score_gated,100,0,0,0,1.0,nan,1.0,1.0,1.0,nan,0,0,nan,nan,0.0
28,persistent_rootkit_system_load,27.592565127551193,dual_anchor,100,0,0,0,1.0,nan,1.0,1.0,1.0,nan,0,0,nan,nan,0.0
28,drift_then_rootkit,27.592565127551193,fixed,100,50,0,0,1.0,1.0,0.6666666666666666,0.8,0.6666666666666666,nan,0,0,nan,0.0,0.0
28,drift_then_rootkit,27.592565127551193,blind_50,21,11,39,79,0.21,0.22,0.65625,0.31818181818181823,0.4,-0.011507182723729043,100,50,0.6666666666666666,1.0,0.0
28,drift_then_rootkit,27.592565127551193,score_gated,100,50,0,0,1.0,1.0,0.6666666666666666,0.8,0.6666666666666666,nan,0,0,nan,0.0,0.0
28,drift_then_rootkit,27.592565127551193,dual_anchor,100,50,0,0,1.0,1.0,0.6666666666666666,0.8,0.6666666666666666,nan,0,0,nan,0.0,0.0
29,normal_drift_system_load,64.43184870537053,fixed,0,98,2,0,nan,0.98,0.0,nan,0.02,nan,0,0,nan,0.0,nan
29,normal_drift_system_load,64.43184870537053,blind_50,0,8,92,0,nan,0.08,0.0,nan,0.92,nan,0,100,0.0,1.0,nan
29,normal_drift_system_load,64.43184870537053,score_gated,0,99,1,0,nan,0.99,0.0,nan,0.01,nan,0,1,0.0,0.01,nan
29,normal_drift_system_load,64.43184870537053,dual_anchor,0,99,1,0,nan,0.99,0.0,nan,0.01,nan,0,1,0.0,0.01,nan
29,persistent_rootkit_default,64.43184870537053,fixed,100,0,0,0,1.0,nan,1.0,1.0,1.0,nan,0,0,nan,nan,0.0
29,persistent_rootkit_default,64.43184870537053,blind_50,4,0,0,96,0.04,nan,1.0,0.07692307692307693,0.04,nan,100,0,1.0,nan,0.0
29,persistent_rootkit_default,64.43184870537053,score_gated,100,0,0,0,1.0,nan,1.0,1.0,1.0,nan,0,0,nan,nan,0.0
29,persistent_rootkit_default,64.43184870537053,dual_anchor,100,0,0,0,1.0,nan,1.0,1.0,1.0,nan,0,0,nan,nan,0.0
29,persistent_rootkit_system_load,64.43184870537053,fixed,100,0,0,0,1.0,nan,1.0,1.0,1.0,nan,0,0,nan,nan,0.0
29,persistent_rootkit_system_load,64.43184870537053,blind_50,9,0,0,91,0.09,nan,1.0,0.16513761467889906,0.09,nan,100,0,1.0,nan,0.0
29,persistent_rootkit_system_load,64.43184870537053,score_gated,100,0,0,0,1.0,nan,1.0,1.0,1.0,nan,0,0,nan,nan,0.0
29,persistent_rootkit_system_load,64.43184870537053,dual_anchor,100,0,0,0,1.0,nan,1.0,1.0,1.0,nan,0,0,nan,nan,0.0
29,drift_then_rootkit,64.43184870537053,fixed,100,50,0,0,1.0,1.0,0.6666666666666666,0.8,0.6666666666666666,nan,0,0,nan,0.0,0.0
29,drift_then_rootkit,64.43184870537053,blind_50,8,4,46,92,0.08,0.08,0.6666666666666666,0.14285714285714285,0.36,0.0,100,50,0.6666666666666666,1.0,0.0
29,drift_then_rootkit,64.43184870537053,score_gated,100,50,0,0,1.0,1.0,0.6666666666666666,0.8,0.6666666666666666,nan,0,0,nan,0.0,0.0
29,drift_then_rootkit,64.43184870537053,dual_anchor,100,50,0,0,1.0,1.0,0.6666666666666666,0.8,0.6666666666666666,nan,0,0,nan,0.0,0.0
