replay,method,runs,recall_mean,recall_lo,recall_hi,fpr_mean,fpr_lo,fpr_hi,precision_mean,precision_lo,precision_hi,f1_mean,f1_lo,f1_hi,accuracy_mean,accuracy_lo,accuracy_hi,mcc_mean,mcc_lo,mcc_hi,contamination_rate_mean,contamination_rate_lo,contamination_rate_hi,benign_update_acceptance_mean,benign_update_acceptance_lo,benign_update_acceptance_hi,first_detection_delay_mean,first_detection_delay_lo,first_detection_delay_hi
drift_then_rootkit,blind_50,30,0.15133333333333335,0.03,0.33374999999999994,0.12400000000000004,0.0345,0.25099999999999995,0.6921722882731686,0.5,0.8115789473684211,0.2363913846211671,0.05739296081277213,0.4728090652660247,0.3928888888888889,0.3333333333333333,0.5018333333333334,0.030231604425680396,-0.07539985549846878,0.15434819410596887,0.6666666666666669,0.6666666666666666,0.6666666666666666,1.0,1.0,1.0,0.03333333333333333,0.0,0.2749999999999986
drift_then_rootkit,dual_anchor,30,1.0,1.0,1.0,0.9900000000000001,0.9745,1.0,0.6689058185702482,0.6666666666666666,0.6723879920188646,0.801607289372544,0.8,0.8041035108174635,0.6699999999999999,0.6666666666666666,0.6751666666666667,0.11932418198931696,0.11585688927269845,0.14862280544474313,0.0,0.0,0.0,0.010000000000000002,0.0,0.025499999999999974,0.0,0.0,0.0
drift_then_rootkit,fixed,30,1.0,1.0,1.0,0.9900000000000001,0.9745,1.0,0.6689058185702482,0.6666666666666666,0.6723879920188646,0.801607289372544,0.8,0.8041035108174635,0.6699999999999999,0.6666666666666666,0.6751666666666667,0.11932418198931696,0.11585688927269845,0.14862280544474313,nan,nan,nan,0.0,0.0,0.0,0.0,0.0,0.0
drift_then_rootkit,score_gated,30,1.0,1.0,1.0,0.9900000000000001,0.9745,1.0,0.6689058185702482,0.6666666666666666,0.6723879920188646,0.801607289372544,0.8,0.8041035108174635,0.6699999999999999,0.6666666666666666,0.6751666666666667,0.11932418198931696,0.11585688927269845,0.14862280544474313,0.0,0.0,0.0,0.010000000000000002,0.0,0.025499999999999974,0.0,0.0,0.0
normal_drift_system_load,blind_50,30,nan,nan,nan,0.12566666666666668,0.03,0.24,0.0,0.0,0.0,nan,nan,nan,0.8743333333333335,0.76,0.97,nan,nan,nan,0.0,0.0,0.0,1.0,1.0,1.0,nan,nan,nan
normal_drift_system_load,dual_anchor,30,nan,nan,nan,0.9906666666666664,0.98,1.0,0.0,0.0,0.0,nan,nan,nan,0.009333333333333334,0.0,0.02,nan,nan,nan,0.0,0.0,0.0,0.009333333333333334,0.0,0.02,nan,nan,nan
normal_drift_system_load,fixed,30,nan,nan,nan,0.9903333333333332,0.98,1.0,0.0,0.0,0.0,nan,nan,nan,0.009666666666666667,0.0,0.02,nan,nan,nan,nan,nan,nan,0.0,0.0,0.0,nan,nan,nan
normal_drift_system_load,score_gated,30,nan,nan,nan,0.9906666666666664,0.98,1.0,0.0,0.0,0.0,nan,nan,nan,0.009333333333333334,0.0,0.02,nan,nan,nan,0.0,0.0,0.0,0.009333333333333334,0.0,0.02,nan,nan,nan
persistent_rootkit_default,blind_50,30,0.13266666666666665,0.021750000000000002,0.37274999999999997,nan,nan,nan,1.0,1.0,1.0,0.22587635162288677,0.058252427184466014,0.5433195810853697,0.13266666666666665,0.021750000000000002,0.37274999999999997,nan,nan,nan,1.0,1.0,1.0,nan,nan,nan,0.0,0.0,0.0
persistent_rootkit_default,dual_anchor,30,0.9666666666666667,0.7250000000000001,1.0,nan,nan,nan,1.0,1.0,1.0,1.0,1.0,1.0,0.9666666666666667,0.7250000000000001,1.0,nan,nan,nan,1.0,1.0,1.0,nan,nan,nan,0.0,0.0,0.0
persistent_rootkit_default,fixed,30,0.9666666666666667,0.7250000000000001,1.0,nan,nan,nan,1.0,1.0,1.0,1.0,1.0,1.0,0.9666666666666667,0.7250000000000001,1.0,nan,nan,nan,nan,nan,nan,nan,nan,nan,0.0,0.0,0.0
persistent_rootkit_default,score_gated,30,0.9666666666666667,0.7250000000000001,1.0,nan,nan,nan,1.0,1.0,1.0,1.0,1.0,1.0,0.9666666666666667,0.7250000000000001,1.0,nan,nan,nan,1.0,1.0,1.0,nan,nan,nan,0.0,0.0,0.0
persistent_rootkit_system_load,blind_50,30,0.12966666666666668,0.03175,0.25825,nan,nan,nan,1.0,1.0,1.0,0.2227030221993323,0.06121477532368622,0.41031249999999997,0.12966666666666668,0.03175,0.25825,nan,nan,nan,1.0,1.0,1.0,nan,nan,nan,0.0,0.0,0.0
persistent_rootkit_system_load,dual_anchor,30,1.0,1.0,1.0,nan,nan,nan,1.0,1.0,1.0,1.0,1.0,1.0,1.0,1.0,1.0,nan,nan,nan,nan,nan,nan,nan,nan,nan,0.0,0.0,0.0
persistent_rootkit_system_load,fixed,30,1.0,1.0,1.0,nan,nan,nan,1.0,1.0,1.0,1.0,1.0,1.0,1.0,1.0,1.0,nan,nan,nan,nan,nan,nan,nan,nan,nan,0.0,0.0,0.0
persistent_rootkit_system_load,score_gated,30,1.0,1.0,1.0,nan,nan,nan,1.0,1.0,1.0,1.0,1.0,1.0,1.0,1.0,1.0,nan,nan,nan,nan,nan,nan,nan,nan,nan,0.0,0.0,0.0
