scenario,threshold_policy,runs,recall_mean,recall_lo,recall_hi,fpr_mean,fpr_lo,fpr_hi,precision_mean,precision_lo,precision_hi,f1_mean,f1_lo,f1_hi,accuracy_mean,accuracy_lo,accuracy_hi,mcc_mean,mcc_lo,mcc_hi
default,exploratory_oas_normal_calibration_95pct_distance,30,0.9676666666666667,0.7225000000000001,1.0,0.07555555555555557,0.0,0.21333333333333335,0.9477320949478358,0.8620689655172413,1.0,0.9431748446346597,0.7072776047075113,0.9914536229742377,0.9491428571428572,0.7875714285714286,0.9901428571428571,0.9069880147181417,0.6456549074765074,0.9800257384541968
default,normal_calibration_95pct_distance,30,0.9666666666666667,0.7250000000000001,1.0,0.06844444444444445,0.0,0.19033333333333333,0.9509190048308644,0.8749046529366895,0.9930693069306931,0.974503327381113,0.9332753749184959,0.9965174129353234,0.9516190476190476,0.7807142857142857,0.9958571428571429,0.9399403896678273,0.8414792043805954,0.991866943845996
default,oracle_test_f1_upstream_style,30,1.0,1.0,1.0,0.010666666666666666,0.0,0.04,0.9921757110034248,0.970873786407767,1.0,0.9960444570300718,0.9852216748768473,1.0,0.9954285714285713,0.9828571428571429,1.0,0.9907515670768049,0.9654215840509556,1.0
file_count,exploratory_oas_normal_calibration_95pct_distance,30,0.9816666666666666,0.95175,1.0,0.09066666666666666,0.0,0.16366666666666665,0.9366773745021557,0.8899844534800287,1.0,0.9581166607204685,0.9383886255924171,0.981165718094652,0.9506666666666667,0.9257142857142857,0.9787142857142856,0.9012052988977735,0.8528197466465409,0.9577188272797831
file_count,normal_calibration_95pct_distance,30,0.9996666666666666,0.99725,1.0,0.10622222222222223,0.023000000000000003,0.2219999999999999,0.9277314298646514,0.857707509881423,0.9830615414482624,0.9619560975853162,0.9232873829317058,0.9914536229742377,0.9542857142857145,0.9048571428571428,0.9901428571428571,0.9101220492038193,0.8168238351214812,0.9800257384541968
file_count,oracle_test_f1_upstream_style,30,1.0,1.0,1.0,0.019555555555555555,0.0,0.05333333333333334,0.9857593530736459,0.9615384615384616,1.0,0.992774889273528,0.9803921568627451,1.0,0.9916190476190477,0.9771428571428571,1.0,0.983094272033178,0.9540735874430286,1.0
filename_length,exploratory_oas_normal_calibration_95pct_distance,30,1.0,1.0,1.0,0.08711111111111111,0.013333333333333334,0.19033333333333333,0.9397264815288278,0.8750953470633104,0.9900990099009901,0.9686582796729467,0.9333840469463159,0.9950248756218906,0.9626666666666668,0.9184285714285715,0.9942857142857143,0.9261646026080176,0.8417442596717488,0.988381348351423
filename_length,normal_calibration_95pct_distance,30,1.0,1.0,1.0,0.09333333333333332,0.023000000000000003,0.25333333333333335,0.9361654122411045,0.8403361344537815,0.9830615414482624,0.9666308063915393,0.91324200913242,0.9914536229742377,0.9600000000000002,0.8914285714285715,0.9901428571428571,0.9212120523924374,0.7921180343813394,0.9800257384541968
filename_length,oracle_test_f1_upstream_style,30,1.0,1.0,1.0,0.0026666666666666666,0.0,0.013333333333333334,0.9980198019801981,0.9900990099009901,1.0,0.9990049751243781,0.9950248756218906,1.0,0.9988571428571428,0.9942857142857143,1.0,0.9976762696702847,0.988381348351423,1.0
ls_basic,exploratory_oas_normal_calibration_95pct_distance,30,0.9963333333333332,0.96525,1.0,0.07377777777777778,0.0,0.14666666666666667,0.9485268245862094,0.9009009009009009,1.0,0.9714155283380221,0.9477301072586679,0.9963930348258706,0.9662857142857142,0.9371428571428572,0.9958571428571429,0.9332611491089542,0.8767945989619056,0.9916043488307602
ls_basic,normal_calibration_95pct_distance,30,0.9973333333333334,0.97625,1.0,0.06666666666666668,0.0,0.19033333333333333,0.9537265063263816,0.8750953470633104,1.0,0.9746091079886005,0.9333840469463159,1.0,0.9699047619047618,0.9184285714285715,1.0,0.9404179686304523,0.8417442596717488,1.0
ls_basic,oracle_test_f1_upstream_style,30,0.9976666666666667,0.98725,1.0,0.014666666666666665,0.0,0.04366666666666665,0.9892206512440551,0.968306572068708,1.0,0.9933858613862333,0.9837869476148668,1.0,0.9923809523809523,0.9812857142857143,1.0,0.984562297743656,0.9620006487540352,1.0
system_load,exploratory_oas_normal_calibration_95pct_distance,30,0.8569999999999999,0.0,1.0,0.06355555555555556,0.0,0.16499999999999992,0.8998138652450042,0.3375,0.9900990099009901,0.9321909557603917,0.5390264877880977,0.9950248756218906,0.8910476190476191,0.42542857142857143,0.9942857142857143,0.8563360215162962,-0.050825613773118936,0.988381348351423
system_load,normal_calibration_95pct_distance,30,0.669,0.0,1.0,0.057777777777777775,0.009666666666666669,0.13699999999999998,0.6991333737695378,0.0,0.9737292975442604,0.8902887292416025,0.06779753265602323,0.987538409013315,0.7860952380952383,0.4057142857142857,0.9844285714285714,0.6195108747153112,-0.17660431427533918,0.9688520195905195
system_load,oracle_test_f1_upstream_style,30,1.0,1.0,1.0,0.051999999999999984,0.009666666666666669,0.10066666666666663,0.9628442215526154,0.9298636714395954,0.9928217821782178,0.9809738715109236,0.9636409865242817,0.9963930348258706,0.977714285714286,0.9568571428571429,0.9958571428571429,0.9553827530273182,0.9144682057776989,0.9915764775547816
