seed,scenario,threshold_policy,threshold,tp,fp,tn,fn,recall,fpr,precision,f1,accuracy,mcc
0,default,normal_calibration_95pct_distance,31.997882893008402,100,5,70,0,1.0,0.06666666666666667,0.9523809523809523,0.975609756097561,0.9714285714285714,0.9428090415820634
0,default,exploratory_oas_normal_calibration_95pct_distance,15.906624616432097,100,3,72,0,1.0,0.04,0.970873786407767,0.9852216748768473,0.9828571428571429,0.9654215840509556
0,default,oracle_test_f1_upstream_style,1e-30,100,1,74,0,1.0,0.013333333333333334,0.9900990099009901,0.9950248756218906,0.9942857142857143,0.988381348351423
0,file_count,normal_calibration_95pct_distance,54.79894694502251,100,1,74,0,1.0,0.013333333333333334,0.9900990099009901,0.9950248756218906,0.9942857142857143,0.988381348351423
0,file_count,exploratory_oas_normal_calibration_95pct_distance,24.39644711896054,93,1,74,7,0.93,0.013333333333333334,0.9893617021276596,0.9587628865979382,0.9542857142857143,0.9097784272124375
0,file_count,oracle_test_f1_upstream_style,3.7649358067924865e-13,100,0,75,0,1.0,0.0,1.0,1.0,1.0,1.0
0,filename_length,normal_calibration_95pct_distance,33.468074029133,100,4,71,0,1.0,0.05333333333333334,0.9615384615384616,0.9803921568627451,0.9771428571428571,0.9540735874430286
0,filename_length,exploratory_oas_normal_calibration_95pct_distance,22.03508747763764,100,5,70,0,1.0,0.06666666666666667,0.9523809523809523,0.975609756097561,0.9714285714285714,0.9428090415820634
0,filename_length,oracle_test_f1_upstream_style,1.5199110829529269e-22,100,0,75,0,1.0,0.0,1.0,1.0,1.0,1.0
0,ls_basic,normal_calibration_95pct_distance,43.864921152179804,100,6,69,0,1.0,0.08,0.9433962264150944,0.970873786407767,0.9657142857142857,0.9316246713681894
0,ls_basic,exploratory_oas_normal_calibration_95pct_distance,25.895245470409474,100,5,70,0,1.0,0.06666666666666667,0.9523809523809523,0.975609756097561,0.9714285714285714,0.9428090415820634
0,ls_basic,oracle_test_f1_upstream_style,1.2328467394420634e-11,100,3,72,0,1.0,0.04,0.970873786407767,0.9852216748768473,0.9828571428571429,0.9654215840509556
0,system_load,normal_calibration_95pct_distance,76.79951947062492,100,3,72,0,1.0,0.04,0.970873786407767,0.9852216748768473,0.9828571428571429,0.9654215840509556
0,system_load,exploratory_oas_normal_calibration_95pct_distance,50.601601754599656,100,3,72,0,1.0,0.04,0.970873786407767,0.9852216748768473,0.9828571428571429,0.9654215840509556
0,system_load,oracle_test_f1_upstream_style,1e-30,100,3,72,0,1.0,0.04,0.970873786407767,0.9852216748768473,0.9828571428571429,0.9654215840509556
1,default,normal_calibration_95pct_distance,1072.9358224005168,0,0,75,100,0.0,0.0,nan,nan,0.42857142857142855,nan
1,default,exploratory_oas_normal_calibration_95pct_distance,190.31254995443416,7,0,75,93,0.07,0.0,1.0,0.13084112149532712,0.4685714285714286,0.1767766952966369
1,default,oracle_test_f1_upstream_style,1.5199110829529269e-22,100,2,73,0,1.0,0.02666666666666667,0.9803921568627451,0.99009900990099,0.9885714285714285,0.9768563691828352
1,file_count,normal_calibration_95pct_distance,42.432601275561105,100,4,71,0,1.0,0.05333333333333334,0.9615384615384616,0.9803921568627451,0.9771428571428571,0.9540735874430286
1,file_count,exploratory_oas_normal_calibration_95pct_distance,24.263748631599057,97,1,74,3,0.97,0.013333333333333334,0.9897959183673469,0.9797979797979798,0.9771428571428571,0.9537463156584326
1,file_count,oracle_test_f1_upstream_style,1.5199110829529269e-22,100,0,75,0,1.0,0.0,1.0,1.0,1.0,1.0
1,filename_length,normal_calibration_95pct_distance,56.69667931970879,100,1,74,0,1.0,0.013333333333333334,0.9900990099009901,0.9950248756218906,0.9942857142857143,0.988381348351423
1,filename_length,exploratory_oas_normal_calibration_95pct_distance,19.531092305074885,100,5,70,0,1.0,0.06666666666666667,0.9523809523809523,0.975609756097561,0.9714285714285714,0.9428090415820634
1,filename_length,oracle_test_f1_upstream_style,1e-30,100,0,75,0,1.0,0.0,1.0,1.0,1.0,1.0
1,ls_basic,normal_calibration_95pct_distance,80.29500661842904,100,2,73,0,1.0,0.02666666666666667,0.9803921568627451,0.99009900990099,0.9885714285714285,0.9768563691828352
1,ls_basic,exploratory_oas_normal_calibration_95pct_distance,40.17228558645803,100,4,71,0,1.0,0.05333333333333334,0.9615384615384616,0.9803921568627451,0.9771428571428571,0.9540735874430286
1,ls_basic,oracle_test_f1_upstream_style,1.4174741629268076e-15,100,1,74,0,1.0,0.013333333333333334,0.9900990099009901,0.9950248756218906,0.9942857142857143,0.988381348351423
1,system_load,normal_calibration_95pct_distance,32.18455505709976,100,8,67,0,1.0,0.10666666666666667,0.9259259259259259,0.9615384615384615,0.9542857142857143,0.9094836413191612
1,system_load,exploratory_oas_normal_calibration_95pct_distance,7.8390457489374965,100,9,66,0,1.0,0.12,0.9174311926605505,0.9569377990430622,0.9485714285714286,0.8985207006748839
1,system_load,oracle_test_f1_upstream_style,1e-30,100,2,73,0,1.0,0.02666666666666667,0.9803921568627451,0.99009900990099,0.9885714285714285,0.9768563691828352
2,default,normal_calibration_95pct_distance,30.258509891886405,100,7,68,0,1.0,0.09333333333333334,0.9345794392523364,0.966183574879227,0.96,0.9205172594373874
2,default,exploratory_oas_normal_calibration_95pct_distance,13.292001551620713,100,7,68,0,1.0,0.09333333333333334,0.9345794392523364,0.966183574879227,0.96,0.9205172594373874
2,default,oracle_test_f1_upstream_style,1e-30,100,0,75,0,1.0,0.0,1.0,1.0,1.0,1.0
2,file_count,normal_calibration_95pct_distance,35.17594995101036,100,7,68,0,1.0,0.09333333333333334,0.9345794392523364,0.966183574879227,0.96,0.9205172594373874
2,file_count,exploratory_oas_normal_calibration_95pct_distance,16.744659550031372,100,9,66,0,1.0,0.12,0.9174311926605505,0.9569377990430622,0.9485714285714286,0.8985207006748839
2,file_count,oracle_test_f1_upstream_style,8.697490026177799e-17,100,2,73,0,1.0,0.02666666666666667,0.9803921568627451,0.99009900990099,0.9885714285714285,0.9768563691828352
2,filename_length,normal_calibration_95pct_distance,26.872209859522762,100,19,56,0,1.0,0.25333333333333335,0.8403361344537815,0.91324200913242,0.8914285714285715,0.7921180343813394
2,filename_length,exploratory_oas_normal_calibration_95pct_distance,17.452134992101843,100,12,63,0,1.0,0.16,0.8928571428571429,0.9433962264150945,0.9314285714285714,0.8660254037844386
2,filename_length,oracle_test_f1_upstream_style,1e-30,100,0,75,0,1.0,0.0,1.0,1.0,1.0,1.0
2,ls_basic,normal_calibration_95pct_distance,64.68238695542605,100,6,69,0,1.0,0.08,0.9433962264150944,0.970873786407767,0.9657142857142857,0.9316246713681894
2,ls_basic,exploratory_oas_normal_calibration_95pct_distance,26.49521557618244,100,3,72,0,1.0,0.04,0.970873786407767,0.9852216748768473,0.9828571428571429,0.9654215840509556
2,ls_basic,oracle_test_f1_upstream_style,1.3219411484660287e-18,99,1,74,1,0.99,0.013333333333333334,0.99,0.99,0.9885714285714285,0.9766666666666667
2,system_load,normal_calibration_95pct_distance,84.54120548484318,100,3,72,0,1.0,0.04,0.970873786407767,0.9852216748768473,0.9828571428571429,0.9654215840509556
2,system_load,exploratory_oas_normal_calibration_95pct_distance,16.47341926187817,100,5,70,0,1.0,0.06666666666666667,0.9523809523809523,0.975609756097561,0.9714285714285714,0.9428090415820634
2,system_load,oracle_test_f1_upstream_style,4.03701725859655e-30,100,2,73,0,1.0,0.02666666666666667,0.9803921568627451,0.99009900990099,0.9885714285714285,0.9768563691828352
3,default,normal_calibration_95pct_distance,78.98084397008732,100,1,74,0,1.0,0.013333333333333334,0.9900990099009901,0.9950248756218906,0.9942857142857143,0.988381348351423
3,default,exploratory_oas_normal_calibration_95pct_distance,18.103597849887073,100,5,70,0,1.0,0.06666666666666667,0.9523809523809523,0.975609756097561,0.9714285714285714,0.9428090415820634
3,default,oracle_test_f1_upstream_style,1e-30,100,0,75,0,1.0,0.0,1.0,1.0,1.0,1.0
3,file_count,normal_calibration_95pct_distance,30.320176261412307,100,7,68,0,1.0,0.09333333333333334,0.9345794392523364,0.966183574879227,0.96,0.9205172594373874
3,file_count,exploratory_oas_normal_calibration_95pct_distance,16.008036478842897,99,7,68,1,0.99,0.09333333333333334,0.9339622641509434,0.9611650485436893,0.9542857142857143,0.9079965094131991
3,file_count,oracle_test_f1_upstream_style,1.2328467394420735e-21,100,3,72,0,1.0,0.04,0.970873786407767,0.9852216748768473,0.9828571428571429,0.9654215840509556
3,filename_length,normal_calibration_95pct_distance,26.716323467807783,100,10,65,0,1.0,0.13333333333333333,0.9090909090909091,0.9523809523809523,0.9428571428571428,0.8876253645985945
3,filename_length,exploratory_oas_normal_calibration_95pct_distance,15.067751134743682,100,12,63,0,1.0,0.16,0.8928571428571429,0.9433962264150945,0.9314285714285714,0.8660254037844386
3,filename_length,oracle_test_f1_upstream_style,9.32603346883218e-24,100,1,74,0,1.0,0.013333333333333334,0.9900990099009901,0.9950248756218906,0.9942857142857143,0.988381348351423
3,ls_basic,normal_calibration_95pct_distance,25.706106120796253,100,14,61,0,1.0,0.18666666666666668,0.8771929824561403,0.9345794392523363,0.92,0.8446598678744367
3,ls_basic,exploratory_oas_normal_calibration_95pct_distance,15.670452462833747,100,11,64,0,1.0,0.14666666666666667,0.9009009009009009,0.947867298578199,0.9371428571428572,0.8767945989619056
3,ls_basic,oracle_test_f1_upstream_style,9.32603346883218e-14,100,3,72,0,1.0,0.04,0.970873786407767,0.9852216748768473,0.9828571428571429,0.9654215840509556
3,system_load,normal_calibration_95pct_distance,67.08672160776709,100,4,71,0,1.0,0.05333333333333334,0.9615384615384616,0.9803921568627451,0.9771428571428571,0.9540735874430286
3,system_load,exploratory_oas_normal_calibration_95pct_distance,30.07147358959847,100,4,71,0,1.0,0.05333333333333334,0.9615384615384616,0.9803921568627451,0.9771428571428571,0.9540735874430286
3,system_load,oracle_test_f1_upstream_style,1e-30,100,3,72,0,1.0,0.04,0.970873786407767,0.9852216748768473,0.9828571428571429,0.9654215840509556
4,default,normal_calibration_95pct_distance,55.35340625071971,100,5,70,0,1.0,0.06666666666666667,0.9523809523809523,0.975609756097561,0.9714285714285714,0.9428090415820634
4,default,exploratory_oas_normal_calibration_95pct_distance,13.583376808313373,100,16,59,0,1.0,0.21333333333333335,0.8620689655172413,0.9259259259259259,0.9085714285714286,0.8235052638205963
4,default,oracle_test_f1_upstream_style,3.2745491628777315e-19,100,2,73,0,1.0,0.02666666666666667,0.9803921568627451,0.99009900990099,0.9885714285714285,0.9768563691828352
4,file_count,normal_calibration_95pct_distance,60.496049335816636,100,3,72,0,1.0,0.04,0.970873786407767,0.9852216748768473,0.9828571428571429,0.9654215840509556
4,file_count,exploratory_oas_normal_calibration_95pct_distance,18.57800496870593,98,6,69,2,0.98,0.08,0.9423076923076923,0.9607843137254902,0.9542857142857143,0.9070417908789357
4,file_count,oracle_test_f1_upstream_style,1.6297508346206403e-29,100,1,74,0,1.0,0.013333333333333334,0.9900990099009901,0.9950248756218906,0.9942857142857143,0.988381348351423
4,filename_length,normal_calibration_95pct_distance,38.13998679752425,100,8,67,0,1.0,0.10666666666666667,0.9259259259259259,0.9615384615384615,0.9542857142857143,0.9094836413191612
4,filename_length,exploratory_oas_normal_calibration_95pct_distance,28.409234670607745,100,5,70,0,1.0,0.06666666666666667,0.9523809523809523,0.975609756097561,0.9714285714285714,0.9428090415820634
4,filename_length,oracle_test_f1_upstream_style,1e-30,100,0,75,0,1.0,0.0,1.0,1.0,1.0,1.0
4,ls_basic,normal_calibration_95pct_distance,34.48859056093515,100,9,66,0,1.0,0.12,0.9174311926605505,0.9569377990430622,0.9485714285714286,0.8985207006748839
4,ls_basic,exploratory_oas_normal_calibration_95pct_distance,23.421494339191227,100,8,67,0,1.0,0.10666666666666667,0.9259259259259259,0.9615384615384615,0.9542857142857143,0.9094836413191612
4,ls_basic,oracle_test_f1_upstream_style,1.7475284000076829e-16,100,2,73,0,1.0,0.02666666666666667,0.9803921568627451,0.99009900990099,0.9885714285714285,0.9768563691828352
4,system_load,normal_calibration_95pct_distance,342.63162065562125,100,4,71,0,1.0,0.05333333333333334,0.9615384615384616,0.9803921568627451,0.9771428571428571,0.9540735874430286
4,system_load,exploratory_oas_normal_calibration_95pct_distance,28.28003920155932,100,5,70,0,1.0,0.06666666666666667,0.9523809523809523,0.975609756097561,0.9714285714285714,0.9428090415820634
4,system_load,oracle_test_f1_upstream_style,1e-30,100,4,71,0,1.0,0.05333333333333334,0.9615384615384616,0.9803921568627451,0.9771428571428571,0.9540735874430286
5,default,normal_calibration_95pct_distance,56.82266470479793,100,1,74,0,1.0,0.013333333333333334,0.9900990099009901,0.9950248756218906,0.9942857142857143,0.988381348351423
5,default,exploratory_oas_normal_calibration_95pct_distance,33.67978754198366,99,1,74,1,0.99,0.013333333333333334,0.99,0.99,0.9885714285714285,0.9766666666666667
5,default,oracle_test_f1_upstream_style,5.336699231206302e-28,100,0,75,0,1.0,0.0,1.0,1.0,1.0,1.0
5,file_count,normal_calibration_95pct_distance,37.483663301135344,100,7,68,0,1.0,0.09333333333333334,0.9345794392523364,0.966183574879227,0.96,0.9205172594373874
5,file_count,exploratory_oas_normal_calibration_95pct_distance,16.754635031738538,99,9,66,1,0.99,0.12,0.9166666666666666,0.9519230769230769,0.9428571428571428,0.8857284715832129
5,file_count,oracle_test_f1_upstream_style,2.1544346900318954e-17,100,1,74,0,1.0,0.013333333333333334,0.9900990099009901,0.9950248756218906,0.9942857142857143,0.988381348351423
5,filename_length,normal_calibration_95pct_distance,41.47981108725476,100,2,73,0,1.0,0.02666666666666667,0.9803921568627451,0.99009900990099,0.9885714285714285,0.9768563691828352
5,filename_length,exploratory_oas_normal_calibration_95pct_distance,19.507904923176525,100,3,72,0,1.0,0.04,0.970873786407767,0.9852216748768473,0.9828571428571429,0.9654215840509556
5,filename_length,oracle_test_f1_upstream_style,1.3219411484660286e-28,100,0,75,0,1.0,0.0,1.0,1.0,1.0,1.0
5,ls_basic,normal_calibration_95pct_distance,60.33862842755359,100,3,72,0,1.0,0.04,0.970873786407767,0.9852216748768473,0.9828571428571429,0.9654215840509556
5,ls_basic,exploratory_oas_normal_calibration_95pct_distance,37.30359392430165,100,2,73,0,1.0,0.02666666666666667,0.9803921568627451,0.99009900990099,0.9885714285714285,0.9768563691828352
5,ls_basic,oracle_test_f1_upstream_style,1.1497569953977404e-14,100,1,74,0,1.0,0.013333333333333334,0.9900990099009901,0.9950248756218906,0.9942857142857143,0.988381348351423
5,system_load,normal_calibration_95pct_distance,56.287602287650735,100,9,66,0,1.0,0.12,0.9174311926605505,0.9569377990430622,0.9485714285714286,0.8985207006748839
5,system_load,exploratory_oas_normal_calibration_95pct_distance,15.542611999690441,100,11,64,0,1.0,0.14666666666666667,0.9009009009009009,0.947867298578199,0.9371428571428572,0.8767945989619056
5,system_load,oracle_test_f1_upstream_style,1e-30,100,5,70,0,1.0,0.06666666666666667,0.9523809523809523,0.975609756097561,0.9714285714285714,0.9428090415820634
6,default,normal_calibration_95pct_distance,77.03173094924892,100,2,73,0,1.0,0.02666666666666667,0.9803921568627451,0.99009900990099,0.9885714285714285,0.9768563691828352
6,default,exploratory_oas_normal_calibration_95pct_distance,39.531888625738915,100,2,73,0,1.0,0.02666666666666667,0.9803921568627451,0.99009900990099,0.9885714285714285,0.9768563691828352
6,default,oracle_test_f1_upstream_style,1e-30,100,2,73,0,1.0,0.02666666666666667,0.9803921568627451,0.99009900990099,0.9885714285714285,0.9768563691828352
6,file_count,normal_calibration_95pct_distance,35.37144828202986,100,8,67,0,1.0,0.10666666666666667,0.9259259259259259,0.9615384615384615,0.9542857142857143,0.9094836413191612
6,file_count,exploratory_oas_normal_calibration_95pct_distance,21.46289014697414,97,6,69,3,0.97,0.08,0.941747572815534,0.9556650246305418,0.9485714285714286,0.8950262602139067
6,file_count,oracle_test_f1_upstream_style,1.0722672220103254e-17,100,4,71,0,1.0,0.05333333333333334,0.9615384615384616,0.9803921568627451,0.9771428571428571,0.9540735874430286
6,filename_length,normal_calibration_95pct_distance,77.61448052044126,100,3,72,0,1.0,0.04,0.970873786407767,0.9852216748768473,0.9828571428571429,0.9654215840509556
6,filename_length,exploratory_oas_normal_calibration_95pct_distance,44.61189848238538,100,2,73,0,1.0,0.02666666666666667,0.9803921568627451,0.99009900990099,0.9885714285714285,0.9768563691828352
6,filename_length,oracle_test_f1_upstream_style,1e-30,100,1,74,0,1.0,0.013333333333333334,0.9900990099009901,0.9950248756218906,0.9942857142857143,0.988381348351423
6,ls_basic,normal_calibration_95pct_distance,60.445818870408566,100,3,72,0,1.0,0.04,0.970873786407767,0.9852216748768473,0.9828571428571429,0.9654215840509556
6,ls_basic,exploratory_oas_normal_calibration_95pct_distance,37.54539513994038,100,2,73,0,1.0,0.02666666666666667,0.9803921568627451,0.99009900990099,0.9885714285714285,0.9768563691828352
6,ls_basic,oracle_test_f1_upstream_style,2.310129700083158e-14,100,1,74,0,1.0,0.013333333333333334,0.9900990099009901,0.9950248756218906,0.9942857142857143,0.988381348351423
6,system_load,normal_calibration_95pct_distance,5336.2175411232065,0,2,73,100,0.0,0.02666666666666667,0.0,nan,0.41714285714285715,-0.12415417104884016
6,system_load,exploratory_oas_normal_calibration_95pct_distance,284.2934291289781,100,2,73,0,1.0,0.02666666666666667,0.9803921568627451,0.99009900990099,0.9885714285714285,0.9768563691828352
6,system_load,oracle_test_f1_upstream_style,1e-30,100,2,73,0,1.0,0.02666666666666667,0.9803921568627451,0.99009900990099,0.9885714285714285,0.9768563691828352
7,default,normal_calibration_95pct_distance,41.78158939106996,100,4,71,0,1.0,0.05333333333333334,0.9615384615384616,0.9803921568627451,0.9771428571428571,0.9540735874430286
7,default,exploratory_oas_normal_calibration_95pct_distance,16.723460212293503,100,6,69,0,1.0,0.08,0.9433962264150944,0.970873786407767,0.9657142857142857,0.9316246713681894
7,default,oracle_test_f1_upstream_style,3.5111917342151417e-26,100,0,75,0,1.0,0.0,1.0,1.0,1.0,1.0
7,file_count,normal_calibration_95pct_distance,34.93168895429825,100,8,67,0,1.0,0.10666666666666667,0.9259259259259259,0.9615384615384615,0.9542857142857143,0.9094836413191612
7,file_count,exploratory_oas_normal_calibration_95pct_distance,20.381361406821224,98,4,71,2,0.98,0.05333333333333334,0.9607843137254902,0.9702970297029702,0.9657142857142857,0.9300207898384528
7,file_count,oracle_test_f1_upstream_style,7.564633275546291e-13,100,4,71,0,1.0,0.05333333333333334,0.9615384615384616,0.9803921568627451,0.9771428571428571,0.9540735874430286
7,filename_length,normal_calibration_95pct_distance,35.470530666405324,100,3,72,0,1.0,0.04,0.970873786407767,0.9852216748768473,0.9828571428571429,0.9654215840509556
7,filename_length,exploratory_oas_normal_calibration_95pct_distance,20.24907290741232,100,7,68,0,1.0,0.09333333333333334,0.9345794392523364,0.966183574879227,0.96,0.9205172594373874
7,filename_length,oracle_test_f1_upstream_style,1.3219411484660286e-28,100,0,75,0,1.0,0.0,1.0,1.0,1.0,1.0
7,ls_basic,normal_calibration_95pct_distance,82.83453194452542,99,0,75,1,0.99,0.0,1.0,0.9949748743718593,0.9942857142857143,0.9884197914907038
7,ls_basic,exploratory_oas_normal_calibration_95pct_distance,29.961667873034795,100,3,72,0,1.0,0.04,0.970873786407767,0.9852216748768473,0.9828571428571429,0.9654215840509556
7,ls_basic,oracle_test_f1_upstream_style,1.8738174228603867e-13,100,0,75,0,1.0,0.0,1.0,1.0,1.0,1.0
7,system_load,normal_calibration_95pct_distance,1375.8111737235815,0,1,74,100,0.0,0.013333333333333334,0.0,nan,0.4228571428571429,-0.0875376219064817
7,system_load,exploratory_oas_normal_calibration_95pct_distance,394.2688648236148,0,0,75,100,0.0,0.0,nan,nan,0.42857142857142855,nan
7,system_load,oracle_test_f1_upstream_style,1e-30,100,2,73,0,1.0,0.02666666666666667,0.9803921568627451,0.99009900990099,0.9885714285714285,0.9768563691828352
8,default,normal_calibration_95pct_distance,21.285526071153527,100,7,68,0,1.0,0.09333333333333334,0.9345794392523364,0.966183574879227,0.96,0.9205172594373874
8,default,exploratory_oas_normal_calibration_95pct_distance,11.909040671417845,100,7,68,0,1.0,0.09333333333333334,0.9345794392523364,0.966183574879227,0.96,0.9205172594373874
8,default,oracle_test_f1_upstream_style,1.6297508346206402e-19,100,0,75,0,1.0,0.0,1.0,1.0,1.0,1.0
8,file_count,normal_calibration_95pct_distance,28.27310033951489,100,10,65,0,1.0,0.13333333333333333,0.9090909090909091,0.9523809523809523,0.9428571428571428,0.8876253645985945
8,file_count,exploratory_oas_normal_calibration_95pct_distance,16.146321375467295,98,6,69,2,0.98,0.08,0.9423076923076923,0.9607843137254902,0.9542857142857143,0.9070417908789357
8,file_count,oracle_test_f1_upstream_style,1.3219411484660287e-18,100,3,72,0,1.0,0.04,0.970873786407767,0.9852216748768473,0.9828571428571429,0.9654215840509556
8,filename_length,normal_calibration_95pct_distance,19.656848682622964,100,19,56,0,1.0,0.25333333333333335,0.8403361344537815,0.91324200913242,0.8914285714285715,0.7921180343813394
8,filename_length,exploratory_oas_normal_calibration_95pct_distance,12.545277512954934,100,15,60,0,1.0,0.2,0.8695652173913043,0.9302325581395349,0.9142857142857143,0.8340576562282991
8,filename_length,oracle_test_f1_upstream_style,1.873817422860387e-23,100,0,75,0,1.0,0.0,1.0,1.0,1.0,1.0
8,ls_basic,normal_calibration_95pct_distance,75.46897649242732,100,4,71,0,1.0,0.05333333333333334,0.9615384615384616,0.9803921568627451,0.9771428571428571,0.9540735874430286
8,ls_basic,exploratory_oas_normal_calibration_95pct_distance,32.506528406934066,100,5,70,0,1.0,0.06666666666666667,0.9523809523809523,0.975609756097561,0.9714285714285714,0.9428090415820634
8,ls_basic,oracle_test_f1_upstream_style,3.2745491628777315e-19,100,1,74,0,1.0,0.013333333333333334,0.9900990099009901,0.9950248756218906,0.9942857142857143,0.988381348351423
8,system_load,normal_calibration_95pct_distance,9115.182337849059,0,1,74,100,0.0,0.013333333333333334,0.0,nan,0.4228571428571429,-0.0875376219064817
8,system_load,exploratory_oas_normal_calibration_95pct_distance,815.4230862938825,0,0,75,100,0.0,0.0,nan,nan,0.42857142857142855,nan
8,system_load,oracle_test_f1_upstream_style,1e-30,100,5,70,0,1.0,0.06666666666666667,0.9523809523809523,0.975609756097561,0.9714285714285714,0.9428090415820634
9,default,normal_calibration_95pct_distance,131.68043934103937,100,0,75,0,1.0,0.0,1.0,1.0,1.0,1.0
9,default,exploratory_oas_normal_calibration_95pct_distance,66.89754461642528,97,0,75,3,0.97,0.0,1.0,0.9847715736040609,0.9828571428571429,0.9657599638069015
9,default,oracle_test_f1_upstream_style,1.747528400007683e-26,100,0,75,0,1.0,0.0,1.0,1.0,1.0,1.0
9,file_count,normal_calibration_95pct_distance,36.28812932139034,100,10,65,0,1.0,0.13333333333333333,0.9090909090909091,0.9523809523809523,0.9428571428571428,0.8876253645985945
9,file_count,exploratory_oas_normal_calibration_95pct_distance,20.654011705681015,98,6,69,2,0.98,0.08,0.9423076923076923,0.9607843137254902,0.9542857142857143,0.9070417908789357
9,file_count,oracle_test_f1_upstream_style,2.1544346900318777e-27,100,3,72,0,1.0,0.04,0.970873786407767,0.9852216748768473,0.9828571428571429,0.9654215840509556
9,filename_length,normal_calibration_95pct_distance,55.564603263982754,100,4,71,0,1.0,0.05333333333333334,0.9615384615384616,0.9803921568627451,0.9771428571428571,0.9540735874430286
9,filename_length,exploratory_oas_normal_calibration_95pct_distance,41.11432935214264,100,1,74,0,1.0,0.013333333333333334,0.9900990099009901,0.9950248756218906,0.9942857142857143,0.988381348351423
9,filename_length,oracle_test_f1_upstream_style,3.274549162877732e-29,100,0,75,0,1.0,0.0,1.0,1.0,1.0,1.0
9,ls_basic,normal_calibration_95pct_distance,88.35542632937286,100,0,75,0,1.0,0.0,1.0,1.0,1.0,1.0
9,ls_basic,exploratory_oas_normal_calibration_95pct_distance,41.65852483097027,100,0,75,0,1.0,0.0,1.0,1.0,1.0,1.0
9,ls_basic,oracle_test_f1_upstream_style,7.564633275546291e-23,100,0,75,0,1.0,0.0,1.0,1.0,1.0,1.0
9,system_load,normal_calibration_95pct_distance,47.11000510005311,100,6,69,0,1.0,0.08,0.9433962264150944,0.970873786407767,0.9657142857142857,0.9316246713681894
9,system_load,exploratory_oas_normal_calibration_95pct_distance,23.265012334709237,100,2,73,0,1.0,0.02666666666666667,0.9803921568627451,0.99009900990099,0.9885714285714285,0.9768563691828352
9,system_load,oracle_test_f1_upstream_style,1e-30,100,0,75,0,1.0,0.0,1.0,1.0,1.0,1.0
10,default,normal_calibration_95pct_distance,79.36960273380987,100,2,73,0,1.0,0.02666666666666667,0.9803921568627451,0.99009900990099,0.9885714285714285,0.9768563691828352
10,default,exploratory_oas_normal_calibration_95pct_distance,40.23050794945977,100,2,73,0,1.0,0.02666666666666667,0.9803921568627451,0.99009900990099,0.9885714285714285,0.9768563691828352
10,default,oracle_test_f1_upstream_style,1e-30,100,2,73,0,1.0,0.02666666666666667,0.9803921568627451,0.99009900990099,0.9885714285714285,0.9768563691828352
10,file_count,normal_calibration_95pct_distance,28.25068556192753,100,10,65,0,1.0,0.13333333333333333,0.9090909090909091,0.9523809523809523,0.9428571428571428,0.8876253645985945
10,file_count,exploratory_oas_normal_calibration_95pct_distance,15.193649923022855,98,4,71,2,0.98,0.05333333333333334,0.9607843137254902,0.9702970297029702,0.9657142857142857,0.9300207898384528
10,file_count,oracle_test_f1_upstream_style,1.5199110829529395e-12,100,0,75,0,1.0,0.0,1.0,1.0,1.0,1.0
10,filename_length,normal_calibration_95pct_distance,36.38505173836653,100,7,68,0,1.0,0.09333333333333334,0.9345794392523364,0.966183574879227,0.96,0.9205172594373874
10,filename_length,exploratory_oas_normal_calibration_95pct_distance,20.751341090939064,100,6,69,0,1.0,0.08,0.9433962264150944,0.970873786407767,0.9657142857142857,0.9316246713681894
10,filename_length,oracle_test_f1_upstream_style,1e-30,100,0,75,0,1.0,0.0,1.0,1.0,1.0,1.0
10,ls_basic,normal_calibration_95pct_distance,49.403835740689175,100,3,72,0,1.0,0.04,0.970873786407767,0.9852216748768473,0.9828571428571429,0.9654215840509556
10,ls_basic,exploratory_oas_normal_calibration_95pct_distance,17.969720802283014,100,11,64,0,1.0,0.14666666666666667,0.9009009009009009,0.947867298578199,0.9371428571428572,0.8767945989619056
10,ls_basic,oracle_test_f1_upstream_style,3.2745491628777315e-19,100,0,75,0,1.0,0.0,1.0,1.0,1.0,1.0
10,system_load,normal_calibration_95pct_distance,3910.216491336387,0,1,74,100,0.0,0.013333333333333334,0.0,nan,0.4228571428571429,-0.0875376219064817
10,system_load,exploratory_oas_normal_calibration_95pct_distance,555.358988670003,1,1,74,99,0.01,0.013333333333333334,0.5,0.0196078431372549,0.42857142857142855,-0.01551927138110502
10,system_load,oracle_test_f1_upstream_style,1e-30,100,1,74,0,1.0,0.013333333333333334,0.9900990099009901,0.9950248756218906,0.9942857142857143,0.988381348351423
11,default,normal_calibration_95pct_distance,29.335812305346888,100,3,72,0,1.0,0.04,0.970873786407767,0.9852216748768473,0.9828571428571429,0.9654215840509556
11,default,exploratory_oas_normal_calibration_95pct_distance,14.300765492264778,100,4,71,0,1.0,0.05333333333333334,0.9615384615384616,0.9803921568627451,0.9771428571428571,0.9540735874430286
11,default,oracle_test_f1_upstream_style,8.697490026177799e-17,100,1,74,0,1.0,0.013333333333333334,0.9900990099009901,0.9950248756218906,0.9942857142857143,0.988381348351423
11,file_count,normal_calibration_95pct_distance,33.35341533954899,100,9,66,0,1.0,0.12,0.9174311926605505,0.9569377990430622,0.9485714285714286,0.8985207006748839
11,file_count,exploratory_oas_normal_calibration_95pct_distance,20.38808947252749,98,6,69,2,0.98,0.08,0.9423076923076923,0.9607843137254902,0.9542857142857143,0.9070417908789357
11,file_count,oracle_test_f1_upstream_style,7.564633275546291e-23,100,2,73,0,1.0,0.02666666666666667,0.9803921568627451,0.99009900990099,0.9885714285714285,0.9768563691828352
11,filename_length,normal_calibration_95pct_distance,26.086404909825013,100,10,65,0,1.0,0.13333333333333333,0.9090909090909091,0.9523809523809523,0.9428571428571428,0.8876253645985945
11,filename_length,exploratory_oas_normal_calibration_95pct_distance,14.771220928664853,100,9,66,0,1.0,0.12,0.9174311926605505,0.9569377990430622,0.9485714285714286,0.8985207006748839
11,filename_length,oracle_test_f1_upstream_style,5.72236765935022e-25,100,0,75,0,1.0,0.0,1.0,1.0,1.0,1.0
11,ls_basic,normal_calibration_95pct_distance,52.44681763788714,100,7,68,0,1.0,0.09333333333333334,0.9345794392523364,0.966183574879227,0.96,0.9205172594373874
11,ls_basic,exploratory_oas_normal_calibration_95pct_distance,22.893962948368806,100,10,65,0,1.0,0.13333333333333333,0.9090909090909091,0.9523809523809523,0.9428571428571428,0.8876253645985945
11,ls_basic,oracle_test_f1_upstream_style,7.054802310718631e-26,100,3,72,0,1.0,0.04,0.970873786407767,0.9852216748768473,0.9828571428571429,0.9654215840509556
11,system_load,normal_calibration_95pct_distance,36.490186997173666,100,11,64,0,1.0,0.14666666666666667,0.9009009009009009,0.947867298578199,0.9371428571428572,0.8767945989619056
11,system_load,exploratory_oas_normal_calibration_95pct_distance,19.519400854891646,100,9,66,0,1.0,0.12,0.9174311926605505,0.9569377990430622,0.9485714285714286,0.8985207006748839
11,system_load,oracle_test_f1_upstream_style,1e-30,100,6,69,0,1.0,0.08,0.9433962264150944,0.970873786407767,0.9657142857142857,0.9316246713681894
12,default,normal_calibration_95pct_distance,75.55265124123113,100,4,71,0,1.0,0.05333333333333334,0.9615384615384616,0.9803921568627451,0.9771428571428571,0.9540735874430286
12,default,exploratory_oas_normal_calibration_95pct_distance,26.601199717648555,100,5,70,0,1.0,0.06666666666666667,0.9523809523809523,0.975609756097561,0.9714285714285714,0.9428090415820634
12,default,oracle_test_f1_upstream_style,1e-30,100,2,73,0,1.0,0.02666666666666667,0.9803921568627451,0.99009900990099,0.9885714285714285,0.9768563691828352
12,file_count,normal_calibration_95pct_distance,32.11863043973116,100,10,65,0,1.0,0.13333333333333333,0.9090909090909091,0.9523809523809523,0.9428571428571428,0.8876253645985945
12,file_count,exploratory_oas_normal_calibration_95pct_distance,14.605646453881329,99,8,67,1,0.99,0.10666666666666667,0.9252336448598131,0.9565217391304348,0.9485714285714286,0.8968274770253958
12,file_count,oracle_test_f1_upstream_style,4.03701725859655e-30,100,0,75,0,1.0,0.0,1.0,1.0,1.0,1.0
12,filename_length,normal_calibration_95pct_distance,72.22663864686255,100,8,67,0,1.0,0.10666666666666667,0.9259259259259259,0.9615384615384615,0.9542857142857143,0.9094836413191612
12,filename_length,exploratory_oas_normal_calibration_95pct_distance,24.503316259939304,100,11,64,0,1.0,0.14666666666666667,0.9009009009009009,0.947867298578199,0.9371428571428572,0.8767945989619056
12,filename_length,oracle_test_f1_upstream_style,1e-30,100,1,74,0,1.0,0.013333333333333334,0.9900990099009901,0.9950248756218906,0.9942857142857143,0.988381348351423
12,ls_basic,normal_calibration_95pct_distance,216.60251388470527,94,0,75,6,0.94,0.0,1.0,0.9690721649484536,0.9657142857142857,0.9329364235414814
12,ls_basic,exploratory_oas_normal_calibration_95pct_distance,96.01482870987162,90,0,75,10,0.9,0.0,1.0,0.9473684210526316,0.9428571428571428,0.8911327886790069
12,ls_basic,oracle_test_f1_upstream_style,8.111308307896889e-30,98,0,75,2,0.98,0.0,1.0,0.98989898989899,0.9885714285714285,0.9770084209183943
12,system_load,normal_calibration_95pct_distance,221.72108129296873,100,6,69,0,1.0,0.08,0.9433962264150944,0.970873786407767,0.9657142857142857,0.9316246713681894
12,system_load,exploratory_oas_normal_calibration_95pct_distance,17.997643012983794,100,7,68,0,1.0,0.09333333333333334,0.9345794392523364,0.966183574879227,0.96,0.9205172594373874
12,system_load,oracle_test_f1_upstream_style,1e-30,100,7,68,0,1.0,0.09333333333333334,0.9345794392523364,0.966183574879227,0.96,0.9205172594373874
13,default,normal_calibration_95pct_distance,21.13357218308174,100,13,62,0,1.0,0.17333333333333334,0.8849557522123894,0.9389671361502347,0.9257142857142857,0.8553148086107878
13,default,exploratory_oas_normal_calibration_95pct_distance,9.634011634617835,100,16,59,0,1.0,0.21333333333333335,0.8620689655172413,0.9259259259259259,0.9085714285714286,0.8235052638205963
13,default,oracle_test_f1_upstream_style,2.009233002565054e-30,100,0,75,0,1.0,0.0,1.0,1.0,1.0,1.0
13,file_count,normal_calibration_95pct_distance,30.156407668861174,100,9,66,0,1.0,0.12,0.9174311926605505,0.9569377990430622,0.9485714285714286,0.8985207006748839
13,file_count,exploratory_oas_normal_calibration_95pct_distance,19.024563957434204,98,5,70,2,0.98,0.06666666666666667,0.9514563106796117,0.9655172413793104,0.96,0.9184913681595898
13,file_count,oracle_test_f1_upstream_style,4.328761281083062e-17,100,1,74,0,1.0,0.013333333333333334,0.9900990099009901,0.9950248756218906,0.9942857142857143,0.988381348351423
13,filename_length,normal_calibration_95pct_distance,34.203680842261505,100,4,71,0,1.0,0.05333333333333334,0.9615384615384616,0.9803921568627451,0.9771428571428571,0.9540735874430286
13,filename_length,exploratory_oas_normal_calibration_95pct_distance,21.892759850007312,100,3,72,0,1.0,0.04,0.970873786407767,0.9852216748768473,0.9828571428571429,0.9654215840509556
13,filename_length,oracle_test_f1_upstream_style,1.6297508346206403e-29,100,0,75,0,1.0,0.0,1.0,1.0,1.0,1.0
13,ls_basic,normal_calibration_95pct_distance,33.03673468713944,100,9,66,0,1.0,0.12,0.9174311926605505,0.9569377990430622,0.9485714285714286,0.8985207006748839
13,ls_basic,exploratory_oas_normal_calibration_95pct_distance,16.10952232523497,100,10,65,0,1.0,0.13333333333333333,0.9090909090909091,0.9523809523809523,0.9428571428571428,0.8876253645985945
13,ls_basic,oracle_test_f1_upstream_style,5.336699231206302e-18,100,0,75,0,1.0,0.0,1.0,1.0,1.0,1.0
13,system_load,normal_calibration_95pct_distance,83.48357381718355,100,7,68,0,1.0,0.09333333333333334,0.9345794392523364,0.966183574879227,0.96,0.9205172594373874
13,system_load,exploratory_oas_normal_calibration_95pct_distance,59.288160097639846,100,6,69,0,1.0,0.08,0.9433962264150944,0.970873786407767,0.9657142857142857,0.9316246713681894
13,system_load,oracle_test_f1_upstream_style,1e-30,100,6,69,0,1.0,0.08,0.9433962264150944,0.970873786407767,0.9657142857142857,0.9316246713681894
14,default,normal_calibration_95pct_distance,52.71732314758167,100,1,74,0,1.0,0.013333333333333334,0.9900990099009901,0.9950248756218906,0.9942857142857143,0.988381348351423
14,default,exploratory_oas_normal_calibration_95pct_distance,20.563257257502855,100,4,71,0,1.0,0.05333333333333334,0.9615384615384616,0.9803921568627451,0.9771428571428571,0.9540735874430286
14,default,oracle_test_f1_upstream_style,7.054802310718631e-26,100,0,75,0,1.0,0.0,1.0,1.0,1.0,1.0
14,file_count,normal_calibration_95pct_distance,38.103283299969114,100,2,73,0,1.0,0.02666666666666667,0.9803921568627451,0.99009900990099,0.9885714285714285,0.9768563691828352
14,file_count,exploratory_oas_normal_calibration_95pct_distance,22.694732117167234,97,0,75,3,0.97,0.0,1.0,0.9847715736040609,0.9828571428571429,0.9657599638069015
14,file_count,oracle_test_f1_upstream_style,7.564633275546291e-23,100,0,75,0,1.0,0.0,1.0,1.0,1.0,1.0
14,filename_length,normal_calibration_95pct_distance,40.78818911214649,100,8,67,0,1.0,0.10666666666666667,0.9259259259259259,0.9615384615384615,0.9542857142857143,0.9094836413191612
14,filename_length,exploratory_oas_normal_calibration_95pct_distance,19.915547903726143,100,10,65,0,1.0,0.13333333333333333,0.9090909090909091,0.9523809523809523,0.9428571428571428,0.8876253645985945
14,filename_length,oracle_test_f1_upstream_style,1e-30,100,0,75,0,1.0,0.0,1.0,1.0,1.0,1.0
14,ls_basic,normal_calibration_95pct_distance,45.16753947993884,100,6,69,0,1.0,0.08,0.9433962264150944,0.970873786407767,0.9657142857142857,0.9316246713681894
14,ls_basic,exploratory_oas_normal_calibration_95pct_distance,24.321984786342473,100,4,71,0,1.0,0.05333333333333334,0.9615384615384616,0.9803921568627451,0.9771428571428571,0.9540735874430286
14,ls_basic,oracle_test_f1_upstream_style,3.7649358067924865e-13,100,2,73,0,1.0,0.02666666666666667,0.9803921568627451,0.99009900990099,0.9885714285714285,0.9768563691828352
14,system_load,normal_calibration_95pct_distance,280.2431230936102,100,3,72,0,1.0,0.04,0.970873786407767,0.9852216748768473,0.9828571428571429,0.9654215840509556
14,system_load,exploratory_oas_normal_calibration_95pct_distance,62.22199427063761,100,6,69,0,1.0,0.08,0.9433962264150944,0.970873786407767,0.9657142857142857,0.9316246713681894
14,system_load,oracle_test_f1_upstream_style,1e-30,100,5,70,0,1.0,0.06666666666666667,0.9523809523809523,0.975609756097561,0.9714285714285714,0.9428090415820634
15,default,normal_calibration_95pct_distance,54.723135368404876,100,2,73,0,1.0,0.02666666666666667,0.9803921568627451,0.99009900990099,0.9885714285714285,0.9768563691828352
15,default,exploratory_oas_normal_calibration_95pct_distance,35.0415361717736,100,1,74,0,1.0,0.013333333333333334,0.9900990099009901,0.9950248756218906,0.9942857142857143,0.988381348351423
15,default,oracle_test_f1_upstream_style,1e-30,100,0,75,0,1.0,0.0,1.0,1.0,1.0,1.0
15,file_count,normal_calibration_95pct_distance,28.646980774068055,100,11,64,0,1.0,0.14666666666666667,0.9009009009009009,0.947867298578199,0.9371428571428572,0.8767945989619056
15,file_count,exploratory_oas_normal_calibration_95pct_distance,20.067572615311228,98,8,67,2,0.98,0.10666666666666667,0.9245283018867925,0.9514563106796116,0.9428571428571428,0.8843683474582088
15,file_count,oracle_test_f1_upstream_style,1.5199110829529269e-22,100,0,75,0,1.0,0.0,1.0,1.0,1.0,1.0
15,filename_length,normal_calibration_95pct_distance,48.35443777265421,100,6,69,0,1.0,0.08,0.9433962264150944,0.970873786407767,0.9657142857142857,0.9316246713681894
15,filename_length,exploratory_oas_normal_calibration_95pct_distance,22.57359895835959,100,6,69,0,1.0,0.08,0.9433962264150944,0.970873786407767,0.9657142857142857,0.9316246713681894
15,filename_length,oracle_test_f1_upstream_style,1e-30,100,0,75,0,1.0,0.0,1.0,1.0,1.0,1.0
15,ls_basic,normal_calibration_95pct_distance,75.36356377550896,100,3,72,0,1.0,0.04,0.970873786407767,0.9852216748768473,0.9828571428571429,0.9654215840509556
15,ls_basic,exploratory_oas_normal_calibration_95pct_distance,29.671331338721824,100,4,71,0,1.0,0.05333333333333334,0.9615384615384616,0.9803921568627451,0.9771428571428571,0.9540735874430286
15,ls_basic,oracle_test_f1_upstream_style,1.4174741629268076e-15,100,2,73,0,1.0,0.02666666666666667,0.9803921568627451,0.99009900990099,0.9885714285714285,0.9768563691828352
15,system_load,normal_calibration_95pct_distance,1341.386911185363,0,0,75,100,0.0,0.0,nan,nan,0.42857142857142855,nan
15,system_load,exploratory_oas_normal_calibration_95pct_distance,85.05865345837199,100,1,74,0,1.0,0.013333333333333334,0.9900990099009901,0.9950248756218906,0.9942857142857143,0.988381348351423
15,system_load,oracle_test_f1_upstream_style,1e-30,100,1,74,0,1.0,0.013333333333333334,0.9900990099009901,0.9950248756218906,0.9942857142857143,0.988381348351423
16,default,normal_calibration_95pct_distance,20.48958018858773,100,14,61,0,1.0,0.18666666666666668,0.8771929824561403,0.9345794392523363,0.92,0.8446598678744367
16,default,exploratory_oas_normal_calibration_95pct_distance,12.488696656975183,100,11,64,0,1.0,0.14666666666666667,0.9009009009009009,0.947867298578199,0.9371428571428572,0.8767945989619056
16,default,oracle_test_f1_upstream_style,1e-30,100,0,75,0,1.0,0.0,1.0,1.0,1.0,1.0
16,file_count,normal_calibration_95pct_distance,53.21698668718496,100,2,73,0,1.0,0.02666666666666667,0.9803921568627451,0.99009900990099,0.9885714285714285,0.9768563691828352
16,file_count,exploratory_oas_normal_calibration_95pct_distance,22.472769106802982,96,3,72,4,0.96,0.04,0.9696969696969697,0.964824120603015,0.96,0.9185315234055026
16,file_count,oracle_test_f1_upstream_style,1.1497569953977404e-14,100,2,73,0,1.0,0.02666666666666667,0.9803921568627451,0.99009900990099,0.9885714285714285,0.9768563691828352
16,filename_length,normal_calibration_95pct_distance,40.37099889713853,100,11,64,0,1.0,0.14666666666666667,0.9009009009009009,0.947867298578199,0.9371428571428572,0.8767945989619056
16,filename_length,exploratory_oas_normal_calibration_95pct_distance,23.946822454419372,100,7,68,0,1.0,0.09333333333333334,0.9345794392523364,0.966183574879227,0.96,0.9205172594373874
16,filename_length,oracle_test_f1_upstream_style,1e-30,100,1,74,0,1.0,0.013333333333333334,0.9900990099009901,0.9950248756218906,0.9942857142857143,0.988381348351423
16,ls_basic,normal_calibration_95pct_distance,65.11527164773267,100,5,70,0,1.0,0.06666666666666667,0.9523809523809523,0.975609756097561,0.9714285714285714,0.9428090415820634
16,ls_basic,exploratory_oas_normal_calibration_95pct_distance,37.14422063570406,100,4,71,0,1.0,0.05333333333333334,0.9615384615384616,0.9803921568627451,0.9771428571428571,0.9540735874430286
16,ls_basic,oracle_test_f1_upstream_style,4.9770235643320935e-21,99,1,74,1,0.99,0.013333333333333334,0.99,0.99,0.9885714285714285,0.9766666666666667
16,system_load,normal_calibration_95pct_distance,5426.65902780552,0,4,71,100,0.0,0.05333333333333334,0.0,nan,0.4057142857142857,-0.17660431427533918
16,system_load,exploratory_oas_normal_calibration_95pct_distance,209.87307800591418,0,2,73,100,0.0,0.02666666666666667,0.0,nan,0.41714285714285715,-0.12415417104884016
16,system_load,oracle_test_f1_upstream_style,1e-30,100,4,71,0,1.0,0.05333333333333334,0.9615384615384616,0.9803921568627451,0.9771428571428571,0.9540735874430286
17,default,normal_calibration_95pct_distance,21.3147688926648,100,7,68,0,1.0,0.09333333333333334,0.9345794392523364,0.966183574879227,0.96,0.9205172594373874
17,default,exploratory_oas_normal_calibration_95pct_distance,9.785657301339405,100,8,67,0,1.0,0.10666666666666667,0.9259259259259259,0.9615384615384615,0.9542857142857143,0.9094836413191612
17,default,oracle_test_f1_upstream_style,1.6297508346206402e-19,100,0,75,0,1.0,0.0,1.0,1.0,1.0,1.0
17,file_count,normal_calibration_95pct_distance,27.41231134037536,100,15,60,0,1.0,0.2,0.8695652173913043,0.9302325581395349,0.9142857142857143,0.8340576562282991
17,file_count,exploratory_oas_normal_calibration_95pct_distance,16.60164477710131,100,12,63,0,1.0,0.16,0.8928571428571429,0.9433962264150945,0.9314285714285714,0.8660254037844386
17,file_count,oracle_test_f1_upstream_style,2.6560877829466947e-28,100,0,75,0,1.0,0.0,1.0,1.0,1.0,1.0
17,filename_length,normal_calibration_95pct_distance,29.556127435223093,100,7,68,0,1.0,0.09333333333333334,0.9345794392523364,0.966183574879227,0.96,0.9205172594373874
17,filename_length,exploratory_oas_normal_calibration_95pct_distance,19.18885896460217,100,5,70,0,1.0,0.06666666666666667,0.9523809523809523,0.975609756097561,0.9714285714285714,0.9428090415820634
17,filename_length,oracle_test_f1_upstream_style,2.009233002565054e-20,100,0,75,0,1.0,0.0,1.0,1.0,1.0,1.0
17,ls_basic,normal_calibration_95pct_distance,124.3511491122973,99,0,75,1,0.99,0.0,1.0,0.9949748743718593,0.9942857142857143,0.9884197914907038
17,ls_basic,exploratory_oas_normal_calibration_95pct_distance,27.802138934768845,100,6,69,0,1.0,0.08,0.9433962264150944,0.970873786407767,0.9657142857142857,0.9316246713681894
17,ls_basic,oracle_test_f1_upstream_style,2.1544346900318954e-17,100,0,75,0,1.0,0.0,1.0,1.0,1.0,1.0
17,system_load,normal_calibration_95pct_distance,124.34068367197105,100,4,71,0,1.0,0.05333333333333334,0.9615384615384616,0.9803921568627451,0.9771428571428571,0.9540735874430286
17,system_load,exploratory_oas_normal_calibration_95pct_distance,42.431824965404644,100,4,71,0,1.0,0.05333333333333334,0.9615384615384616,0.9803921568627451,0.9771428571428571,0.9540735874430286
17,system_load,oracle_test_f1_upstream_style,1e-30,100,4,71,0,1.0,0.05333333333333334,0.9615384615384616,0.9803921568627451,0.9771428571428571,0.9540735874430286
18,default,normal_calibration_95pct_distance,38.72630879110577,100,6,69,0,1.0,0.08,0.9433962264150944,0.970873786407767,0.9657142857142857,0.9316246713681894
18,default,exploratory_oas_normal_calibration_95pct_distance,15.50062880138857,100,8,67,0,1.0,0.10666666666666667,0.9259259259259259,0.9615384615384615,0.9542857142857143,0.9094836413191612
18,default,oracle_test_f1_upstream_style,1e-30,100,3,72,0,1.0,0.04,0.970873786407767,0.9852216748768473,0.9828571428571429,0.9654215840509556
18,file_count,normal_calibration_95pct_distance,38.99686159231858,100,4,71,0,1.0,0.05333333333333334,0.9615384615384616,0.9803921568627451,0.9771428571428571,0.9540735874430286
18,file_count,exploratory_oas_normal_calibration_95pct_distance,17.941920195463894,99,7,68,1,0.99,0.09333333333333334,0.9339622641509434,0.9611650485436893,0.9542857142857143,0.9079965094131991
18,file_count,oracle_test_f1_upstream_style,3.7649358067924866e-23,100,3,72,0,1.0,0.04,0.970873786407767,0.9852216748768473,0.9828571428571429,0.9654215840509556
18,filename_length,normal_calibration_95pct_distance,52.55116940649478,100,3,72,0,1.0,0.04,0.970873786407767,0.9852216748768473,0.9828571428571429,0.9654215840509556
18,filename_length,exploratory_oas_normal_calibration_95pct_distance,29.43100652701946,100,1,74,0,1.0,0.013333333333333334,0.9900990099009901,0.9950248756218906,0.9942857142857143,0.988381348351423
18,filename_length,oracle_test_f1_upstream_style,1e-30,100,0,75,0,1.0,0.0,1.0,1.0,1.0,1.0
18,ls_basic,normal_calibration_95pct_distance,47.36538661961054,100,8,67,0,1.0,0.10666666666666667,0.9259259259259259,0.9615384615384615,0.9542857142857143,0.9094836413191612
18,ls_basic,exploratory_oas_normal_calibration_95pct_distance,22.987343825539583,100,9,66,0,1.0,0.12,0.9174311926605505,0.9569377990430622,0.9485714285714286,0.8985207006748839
18,ls_basic,oracle_test_f1_upstream_style,1.5199110829529269e-22,100,1,74,0,1.0,0.013333333333333334,0.9900990099009901,0.9950248756218906,0.9942857142857143,0.988381348351423
18,system_load,normal_calibration_95pct_distance,50.33718836632176,100,10,65,0,1.0,0.13333333333333333,0.9090909090909091,0.9523809523809523,0.9428571428571428,0.8876253645985945
18,system_load,exploratory_oas_normal_calibration_95pct_distance,10.053889212320652,100,16,59,0,1.0,0.21333333333333335,0.8620689655172413,0.9259259259259259,0.9085714285714286,0.8235052638205963
18,system_load,oracle_test_f1_upstream_style,1e-30,100,4,71,0,1.0,0.05333333333333334,0.9615384615384616,0.9803921568627451,0.9771428571428571,0.9540735874430286
19,default,normal_calibration_95pct_distance,23.878721795016187,100,15,60,0,1.0,0.2,0.8695652173913043,0.9302325581395349,0.9142857142857143,0.8340576562282991
19,default,exploratory_oas_normal_calibration_95pct_distance,15.207927968583848,100,9,66,0,1.0,0.12,0.9174311926605505,0.9569377990430622,0.9485714285714286,0.8985207006748839
19,default,oracle_test_f1_upstream_style,9.32603346883218e-24,100,0,75,0,1.0,0.0,1.0,1.0,1.0,1.0
19,file_count,normal_calibration_95pct_distance,23.227293635679118,100,21,54,0,1.0,0.28,0.8264462809917356,0.904977375565611,0.88,0.7713892158398701
19,file_count,exploratory_oas_normal_calibration_95pct_distance,13.574399057288053,99,12,63,1,0.99,0.16,0.8918918918918919,0.9383886255924171,0.9257142857142857,0.8528197466465409
19,file_count,oracle_test_f1_upstream_style,5.72236765935022e-15,100,0,75,0,1.0,0.0,1.0,1.0,1.0,1.0
19,filename_length,normal_calibration_95pct_distance,33.974557778181115,100,15,60,0,1.0,0.2,0.8695652173913043,0.9302325581395349,0.9142857142857143,0.8340576562282991
19,filename_length,exploratory_oas_normal_calibration_95pct_distance,22.334533399790587,100,7,68,0,1.0,0.09333333333333334,0.9345794392523364,0.966183574879227,0.96,0.9205172594373874
19,filename_length,oracle_test_f1_upstream_style,1e-30,100,0,75,0,1.0,0.0,1.0,1.0,1.0,1.0
19,ls_basic,normal_calibration_95pct_distance,68.76615363629156,100,2,73,0,1.0,0.02666666666666667,0.9803921568627451,0.99009900990099,0.9885714285714285,0.9768563691828352
19,ls_basic,exploratory_oas_normal_calibration_95pct_distance,36.75889651695688,100,1,74,0,1.0,0.013333333333333334,0.9900990099009901,0.9950248756218906,0.9942857142857143,0.988381348351423
19,ls_basic,oracle_test_f1_upstream_style,8.6974900261778e-27,100,0,75,0,1.0,0.0,1.0,1.0,1.0,1.0
19,system_load,normal_calibration_95pct_distance,105.45448616462679,100,9,66,0,1.0,0.12,0.9174311926605505,0.9569377990430622,0.9485714285714286,0.8985207006748839
19,system_load,exploratory_oas_normal_calibration_95pct_distance,28.067315408906627,100,6,69,0,1.0,0.08,0.9433962264150944,0.970873786407767,0.9657142857142857,0.9316246713681894
19,system_load,oracle_test_f1_upstream_style,1e-30,100,9,66,0,1.0,0.12,0.9174311926605505,0.9569377990430622,0.9485714285714286,0.8985207006748839
20,default,normal_calibration_95pct_distance,67.90789883576589,100,2,73,0,1.0,0.02666666666666667,0.9803921568627451,0.99009900990099,0.9885714285714285,0.9768563691828352
20,default,exploratory_oas_normal_calibration_95pct_distance,46.145550023510594,100,2,73,0,1.0,0.02666666666666667,0.9803921568627451,0.99009900990099,0.9885714285714285,0.9768563691828352
20,default,oracle_test_f1_upstream_style,1e-30,100,2,73,0,1.0,0.02666666666666667,0.9803921568627451,0.99009900990099,0.9885714285714285,0.9768563691828352
20,file_count,normal_calibration_95pct_distance,45.11114843770228,100,2,73,0,1.0,0.02666666666666667,0.9803921568627451,0.99009900990099,0.9885714285714285,0.9768563691828352
20,file_count,exploratory_oas_normal_calibration_95pct_distance,23.33799012542971,96,0,75,4,0.96,0.0,1.0,0.9795918367346939,0.9771428571428571,0.9546687410108761
20,file_count,oracle_test_f1_upstream_style,1.3219411484660287e-18,100,0,75,0,1.0,0.0,1.0,1.0,1.0,1.0
20,filename_length,normal_calibration_95pct_distance,38.69735501326392,100,3,72,0,1.0,0.04,0.970873786407767,0.9852216748768473,0.9828571428571429,0.9654215840509556
20,filename_length,exploratory_oas_normal_calibration_95pct_distance,18.736272677947703,100,5,70,0,1.0,0.06666666666666667,0.9523809523809523,0.975609756097561,0.9714285714285714,0.9428090415820634
20,filename_length,oracle_test_f1_upstream_style,1e-30,100,0,75,0,1.0,0.0,1.0,1.0,1.0,1.0
20,ls_basic,normal_calibration_95pct_distance,48.57043651710049,100,15,60,0,1.0,0.2,0.8695652173913043,0.9302325581395349,0.9142857142857143,0.8340576562282991
20,ls_basic,exploratory_oas_normal_calibration_95pct_distance,30.943965188959904,100,6,69,0,1.0,0.08,0.9433962264150944,0.970873786407767,0.9657142857142857,0.9316246713681894
20,ls_basic,oracle_test_f1_upstream_style,1.747528400007683e-26,99,2,73,1,0.99,0.02666666666666667,0.9801980198019802,0.9850746268656716,0.9828571428571429,0.9650074651133825
20,system_load,normal_calibration_95pct_distance,120.193458735264,100,5,70,0,1.0,0.06666666666666667,0.9523809523809523,0.975609756097561,0.9714285714285714,0.9428090415820634
20,system_load,exploratory_oas_normal_calibration_95pct_distance,30.130967732453783,100,7,68,0,1.0,0.09333333333333334,0.9345794392523364,0.966183574879227,0.96,0.9205172594373874
20,system_load,oracle_test_f1_upstream_style,1e-30,100,5,70,0,1.0,0.06666666666666667,0.9523809523809523,0.975609756097561,0.9714285714285714,0.9428090415820634
21,default,normal_calibration_95pct_distance,25.989401539668073,100,9,66,0,1.0,0.12,0.9174311926605505,0.9569377990430622,0.9485714285714286,0.8985207006748839
21,default,exploratory_oas_normal_calibration_95pct_distance,20.70049625826821,100,3,72,0,1.0,0.04,0.970873786407767,0.9852216748768473,0.9828571428571429,0.9654215840509556
21,default,oracle_test_f1_upstream_style,3.5111917342151417e-26,100,0,75,0,1.0,0.0,1.0,1.0,1.0,1.0
21,file_count,normal_calibration_95pct_distance,31.71222214673471,100,7,68,0,1.0,0.09333333333333334,0.9345794392523364,0.966183574879227,0.96,0.9205172594373874
21,file_count,exploratory_oas_normal_calibration_95pct_distance,13.72854665233413,99,12,63,1,0.99,0.16,0.8918918918918919,0.9383886255924171,0.9257142857142857,0.8528197466465409
21,file_count,oracle_test_f1_upstream_style,2.8480358684358048e-15,100,0,75,0,1.0,0.0,1.0,1.0,1.0,1.0
21,filename_length,normal_calibration_95pct_distance,32.908150281405895,100,7,68,0,1.0,0.09333333333333334,0.9345794392523364,0.966183574879227,0.96,0.9205172594373874
21,filename_length,exploratory_oas_normal_calibration_95pct_distance,22.191733126103525,100,5,70,0,1.0,0.06666666666666667,0.9523809523809523,0.975609756097561,0.9714285714285714,0.9428090415820634
21,filename_length,oracle_test_f1_upstream_style,1e-30,100,0,75,0,1.0,0.0,1.0,1.0,1.0,1.0
21,ls_basic,normal_calibration_95pct_distance,39.529981433634156,100,6,69,0,1.0,0.08,0.9433962264150944,0.970873786407767,0.9657142857142857,0.9316246713681894
21,ls_basic,exploratory_oas_normal_calibration_95pct_distance,21.632144547713484,100,6,69,0,1.0,0.08,0.9433962264150944,0.970873786407767,0.9657142857142857,0.9316246713681894
21,ls_basic,oracle_test_f1_upstream_style,1.0722672220103254e-17,99,0,75,1,0.99,0.0,1.0,0.9949748743718593,0.9942857142857143,0.9884197914907038
21,system_load,normal_calibration_95pct_distance,107.9643256376176,100,2,73,0,1.0,0.02666666666666667,0.9803921568627451,0.99009900990099,0.9885714285714285,0.9768563691828352
21,system_load,exploratory_oas_normal_calibration_95pct_distance,24.493918361703194,100,4,71,0,1.0,0.05333333333333334,0.9615384615384616,0.9803921568627451,0.9771428571428571,0.9540735874430286
21,system_load,oracle_test_f1_upstream_style,1e-30,100,2,73,0,1.0,0.02666666666666667,0.9803921568627451,0.99009900990099,0.9885714285714285,0.9768563691828352
22,default,normal_calibration_95pct_distance,57.14026642409288,100,4,71,0,1.0,0.05333333333333334,0.9615384615384616,0.9803921568627451,0.9771428571428571,0.9540735874430286
22,default,exploratory_oas_normal_calibration_95pct_distance,17.81715892006983,100,8,67,0,1.0,0.10666666666666667,0.9259259259259259,0.9615384615384615,0.9542857142857143,0.9094836413191612
22,default,oracle_test_f1_upstream_style,1.4174741629268077e-25,100,0,75,0,1.0,0.0,1.0,1.0,1.0,1.0
22,file_count,normal_calibration_95pct_distance,44.02063749490692,100,7,68,0,1.0,0.09333333333333334,0.9345794392523364,0.966183574879227,0.96,0.9205172594373874
22,file_count,exploratory_oas_normal_calibration_95pct_distance,22.72191965433228,98,5,70,2,0.98,0.06666666666666667,0.9514563106796117,0.9655172413793104,0.96,0.9184913681595898
22,file_count,oracle_test_f1_upstream_style,1.6297508346206402e-19,100,2,73,0,1.0,0.02666666666666667,0.9803921568627451,0.99009900990099,0.9885714285714285,0.9768563691828352
22,filename_length,normal_calibration_95pct_distance,28.543651697821304,100,9,66,0,1.0,0.12,0.9174311926605505,0.9569377990430622,0.9485714285714286,0.8985207006748839
22,filename_length,exploratory_oas_normal_calibration_95pct_distance,13.862212482240526,100,14,61,0,1.0,0.18666666666666668,0.8771929824561403,0.9345794392523363,0.92,0.8446598678744367
22,filename_length,oracle_test_f1_upstream_style,3.5111917342151417e-26,100,0,75,0,1.0,0.0,1.0,1.0,1.0,1.0
22,ls_basic,normal_calibration_95pct_distance,49.29206828587472,100,8,67,0,1.0,0.10666666666666667,0.9259259259259259,0.9615384615384615,0.9542857142857143,0.9094836413191612
22,ls_basic,exploratory_oas_normal_calibration_95pct_distance,23.144302552305682,100,9,66,0,1.0,0.12,0.9174311926605505,0.9569377990430622,0.9485714285714286,0.8985207006748839
22,ls_basic,oracle_test_f1_upstream_style,1.1497569953977404e-14,100,4,71,0,1.0,0.05333333333333334,0.9615384615384616,0.9803921568627451,0.9771428571428571,0.9540735874430286
22,system_load,normal_calibration_95pct_distance,82.83748906288349,100,5,70,0,1.0,0.06666666666666667,0.9523809523809523,0.975609756097561,0.9714285714285714,0.9428090415820634
22,system_load,exploratory_oas_normal_calibration_95pct_distance,10.649656601383166,100,8,67,0,1.0,0.10666666666666667,0.9259259259259259,0.9615384615384615,0.9542857142857143,0.9094836413191612
22,system_load,oracle_test_f1_upstream_style,1e-30,100,4,71,0,1.0,0.05333333333333334,0.9615384615384616,0.9803921568627451,0.9771428571428571,0.9540735874430286
23,default,normal_calibration_95pct_distance,37.751880972200425,100,4,71,0,1.0,0.05333333333333334,0.9615384615384616,0.9803921568627451,0.9771428571428571,0.9540735874430286
23,default,exploratory_oas_normal_calibration_95pct_distance,26.693264232013682,100,4,71,0,1.0,0.05333333333333334,0.9615384615384616,0.9803921568627451,0.9771428571428571,0.9540735874430286
23,default,oracle_test_f1_upstream_style,2.6560877829466947e-28,100,0,75,0,1.0,0.0,1.0,1.0,1.0,1.0
23,file_count,normal_calibration_95pct_distance,29.752488728233615,100,15,60,0,1.0,0.2,0.8695652173913043,0.9302325581395349,0.9142857142857143,0.8340576562282991
23,file_count,exploratory_oas_normal_calibration_95pct_distance,15.166140031884739,99,12,63,1,0.99,0.16,0.8918918918918919,0.9383886255924171,0.9257142857142857,0.8528197466465409
23,file_count,oracle_test_f1_upstream_style,1.3219411484660287e-18,100,0,75,0,1.0,0.0,1.0,1.0,1.0,1.0
23,filename_length,normal_calibration_95pct_distance,27.118539623452104,100,11,64,0,1.0,0.14666666666666667,0.9009009009009009,0.947867298578199,0.9371428571428572,0.8767945989619056
23,filename_length,exploratory_oas_normal_calibration_95pct_distance,17.58722498673759,100,10,65,0,1.0,0.13333333333333333,0.9090909090909091,0.9523809523809523,0.9428571428571428,0.8876253645985945
23,filename_length,oracle_test_f1_upstream_style,1e-30,100,0,75,0,1.0,0.0,1.0,1.0,1.0,1.0
23,ls_basic,normal_calibration_95pct_distance,59.28462046046499,100,6,69,0,1.0,0.08,0.9433962264150944,0.970873786407767,0.9657142857142857,0.9316246713681894
23,ls_basic,exploratory_oas_normal_calibration_95pct_distance,24.19400988313732,100,9,66,0,1.0,0.12,0.9174311926605505,0.9569377990430622,0.9485714285714286,0.8985207006748839
23,ls_basic,oracle_test_f1_upstream_style,6.579332246575709e-19,100,2,73,0,1.0,0.02666666666666667,0.9803921568627451,0.99009900990099,0.9885714285714285,0.9768563691828352
23,system_load,normal_calibration_95pct_distance,88.98985516241821,100,3,72,0,1.0,0.04,0.970873786407767,0.9852216748768473,0.9828571428571429,0.9654215840509556
23,system_load,exploratory_oas_normal_calibration_95pct_distance,37.82329779132547,100,2,73,0,1.0,0.02666666666666667,0.9803921568627451,0.99009900990099,0.9885714285714285,0.9768563691828352
23,system_load,oracle_test_f1_upstream_style,1e-30,100,2,73,0,1.0,0.02666666666666667,0.9803921568627451,0.99009900990099,0.9885714285714285,0.9768563691828352
24,default,normal_calibration_95pct_distance,28.71435265366132,100,8,67,0,1.0,0.10666666666666667,0.9259259259259259,0.9615384615384615,0.9542857142857143,0.9094836413191612
24,default,exploratory_oas_normal_calibration_95pct_distance,13.355541024808039,100,9,66,0,1.0,0.12,0.9174311926605505,0.9569377990430622,0.9485714285714286,0.8985207006748839
24,default,oracle_test_f1_upstream_style,1e-30,100,0,75,0,1.0,0.0,1.0,1.0,1.0,1.0
24,file_count,normal_calibration_95pct_distance,38.16510741717774,100,9,66,0,1.0,0.12,0.9174311926605505,0.9569377990430622,0.9485714285714286,0.8985207006748839
24,file_count,exploratory_oas_normal_calibration_95pct_distance,14.04902756516374,100,11,64,0,1.0,0.14666666666666667,0.9009009009009009,0.947867298578199,0.9371428571428572,0.8767945989619056
24,file_count,oracle_test_f1_upstream_style,8.111308307896888e-20,100,4,71,0,1.0,0.05333333333333334,0.9615384615384616,0.9803921568627451,0.9771428571428571,0.9540735874430286
24,filename_length,normal_calibration_95pct_distance,29.913969878779735,100,4,71,0,1.0,0.05333333333333334,0.9615384615384616,0.9803921568627451,0.9771428571428571,0.9540735874430286
24,filename_length,exploratory_oas_normal_calibration_95pct_distance,14.42365011054188,100,8,67,0,1.0,0.10666666666666667,0.9259259259259259,0.9615384615384615,0.9542857142857143,0.9094836413191612
24,filename_length,oracle_test_f1_upstream_style,4.03701725859655e-20,100,0,75,0,1.0,0.0,1.0,1.0,1.0,1.0
24,ls_basic,normal_calibration_95pct_distance,122.10853945592474,100,0,75,0,1.0,0.0,1.0,1.0,1.0,1.0
24,ls_basic,exploratory_oas_normal_calibration_95pct_distance,23.05660356112179,100,8,67,0,1.0,0.10666666666666667,0.9259259259259259,0.9615384615384615,0.9542857142857143,0.9094836413191612
24,ls_basic,oracle_test_f1_upstream_style,2.848035868435793e-25,100,0,75,0,1.0,0.0,1.0,1.0,1.0,1.0
24,system_load,normal_calibration_95pct_distance,4151.3619400061125,5,1,74,95,0.05,0.013333333333333334,0.8333333333333334,0.09433962264150944,0.4514285714285714,0.09972018709041054
24,system_load,exploratory_oas_normal_calibration_95pct_distance,70.1296632657752,100,2,73,0,1.0,0.02666666666666667,0.9803921568627451,0.99009900990099,0.9885714285714285,0.9768563691828352
24,system_load,oracle_test_f1_upstream_style,1e-30,100,5,70,0,1.0,0.06666666666666667,0.9523809523809523,0.975609756097561,0.9714285714285714,0.9428090415820634
25,default,normal_calibration_95pct_distance,40.41447371888346,100,3,72,0,1.0,0.04,0.970873786407767,0.9852216748768473,0.9828571428571429,0.9654215840509556
25,default,exploratory_oas_normal_calibration_95pct_distance,23.589961518241847,100,2,73,0,1.0,0.02666666666666667,0.9803921568627451,0.99009900990099,0.9885714285714285,0.9768563691828352
25,default,oracle_test_f1_upstream_style,1e-30,100,0,75,0,1.0,0.0,1.0,1.0,1.0,1.0
25,file_count,normal_calibration_95pct_distance,27.435137584945863,100,14,61,0,1.0,0.18666666666666668,0.8771929824561403,0.9345794392523363,0.92,0.8446598678744367
25,file_count,exploratory_oas_normal_calibration_95pct_distance,13.021272354978779,100,13,62,0,1.0,0.17333333333333334,0.8849557522123894,0.9389671361502347,0.9257142857142857,0.8553148086107878
25,file_count,oracle_test_f1_upstream_style,1e-30,100,0,75,0,1.0,0.0,1.0,1.0,1.0,1.0
25,filename_length,normal_calibration_95pct_distance,30.439800237559318,100,4,71,0,1.0,0.05333333333333334,0.9615384615384616,0.9803921568627451,0.9771428571428571,0.9540735874430286
25,filename_length,exploratory_oas_normal_calibration_95pct_distance,19.073379608772804,100,6,69,0,1.0,0.08,0.9433962264150944,0.970873786407767,0.9657142857142857,0.9316246713681894
25,filename_length,oracle_test_f1_upstream_style,1e-30,100,0,75,0,1.0,0.0,1.0,1.0,1.0,1.0
25,ls_basic,normal_calibration_95pct_distance,35.11500741615236,100,11,64,0,1.0,0.14666666666666667,0.9009009009009009,0.947867298578199,0.9371428571428572,0.8767945989619056
25,ls_basic,exploratory_oas_normal_calibration_95pct_distance,20.315955487700705,100,10,65,0,1.0,0.13333333333333333,0.9090909090909091,0.9523809523809523,0.9428571428571428,0.8876253645985945
25,ls_basic,oracle_test_f1_upstream_style,2.009233002565054e-20,99,1,74,1,0.99,0.013333333333333334,0.99,0.99,0.9885714285714285,0.9766666666666667
25,system_load,normal_calibration_95pct_distance,2740.243942030591,0,1,74,100,0.0,0.013333333333333334,0.0,nan,0.4228571428571429,-0.0875376219064817
25,system_load,exploratory_oas_normal_calibration_95pct_distance,53.576705289727435,70,1,74,30,0.7,0.013333333333333334,0.9859154929577465,0.8187134502923976,0.8228571428571428,0.692039292300225
25,system_load,oracle_test_f1_upstream_style,1e-30,100,2,73,0,1.0,0.02666666666666667,0.9803921568627451,0.99009900990099,0.9885714285714285,0.9768563691828352
26,default,normal_calibration_95pct_distance,28.726966326579873,100,7,68,0,1.0,0.09333333333333334,0.9345794392523364,0.966183574879227,0.96,0.9205172594373874
26,default,exploratory_oas_normal_calibration_95pct_distance,12.32550099899058,100,8,67,0,1.0,0.10666666666666667,0.9259259259259259,0.9615384615384615,0.9542857142857143,0.9094836413191612
26,default,oracle_test_f1_upstream_style,1e-30,100,0,75,0,1.0,0.0,1.0,1.0,1.0,1.0
26,file_count,normal_calibration_95pct_distance,50.978632545547185,100,7,68,0,1.0,0.09333333333333334,0.9345794392523364,0.966183574879227,0.96,0.9205172594373874
26,file_count,exploratory_oas_normal_calibration_95pct_distance,21.384775388349514,98,8,67,2,0.98,0.10666666666666667,0.9245283018867925,0.9514563106796116,0.9428571428571428,0.8843683474582088
26,file_count,oracle_test_f1_upstream_style,2.310129700083158e-14,100,3,72,0,1.0,0.04,0.970873786407767,0.9852216748768473,0.9828571428571429,0.9654215840509556
26,filename_length,normal_calibration_95pct_distance,36.73008349456369,100,5,70,0,1.0,0.06666666666666667,0.9523809523809523,0.975609756097561,0.9714285714285714,0.9428090415820634
26,filename_length,exploratory_oas_normal_calibration_95pct_distance,20.84298633824693,100,4,71,0,1.0,0.05333333333333334,0.9615384615384616,0.9803921568627451,0.9771428571428571,0.9540735874430286
26,filename_length,oracle_test_f1_upstream_style,7.054802310718631e-26,100,1,74,0,1.0,0.013333333333333334,0.9900990099009901,0.9950248756218906,0.9942857142857143,0.988381348351423
26,ls_basic,normal_calibration_95pct_distance,30.72623413362029,100,8,67,0,1.0,0.10666666666666667,0.9259259259259259,0.9615384615384615,0.9542857142857143,0.9094836413191612
26,ls_basic,exploratory_oas_normal_calibration_95pct_distance,18.935806444548966,100,7,68,0,1.0,0.09333333333333334,0.9345794392523364,0.966183574879227,0.96,0.9205172594373874
26,ls_basic,oracle_test_f1_upstream_style,7.564633275546291e-13,100,0,75,0,1.0,0.0,1.0,1.0,1.0,1.0
26,system_load,normal_calibration_95pct_distance,2694.2132606246523,0,4,71,100,0.0,0.05333333333333334,0.0,nan,0.4057142857142857,-0.17660431427533918
26,system_load,exploratory_oas_normal_calibration_95pct_distance,460.3474266270631,100,1,74,0,1.0,0.013333333333333334,0.9900990099009901,0.9950248756218906,0.9942857142857143,0.988381348351423
26,system_load,oracle_test_f1_upstream_style,1e-30,100,4,71,0,1.0,0.05333333333333334,0.9615384615384616,0.9803921568627451,0.9771428571428571,0.9540735874430286
27,default,normal_calibration_95pct_distance,65.08810124030832,100,1,74,0,1.0,0.013333333333333334,0.9900990099009901,0.9950248756218906,0.9942857142857143,0.988381348351423
27,default,exploratory_oas_normal_calibration_95pct_distance,19.933778661405594,100,4,71,0,1.0,0.05333333333333334,0.9615384615384616,0.9803921568627451,0.9771428571428571,0.9540735874430286
27,default,oracle_test_f1_upstream_style,1e-30,100,1,74,0,1.0,0.013333333333333334,0.9900990099009901,0.9950248756218906,0.9942857142857143,0.988381348351423
27,file_count,normal_calibration_95pct_distance,32.356549059399434,100,9,66,0,1.0,0.12,0.9174311926605505,0.9569377990430622,0.9485714285714286,0.8985207006748839
27,file_count,exploratory_oas_normal_calibration_95pct_distance,17.291397202874343,99,8,67,1,0.99,0.10666666666666667,0.9252336448598131,0.9565217391304348,0.9485714285714286,0.8968274770253958
27,file_count,oracle_test_f1_upstream_style,4.328761281083062e-17,100,4,71,0,1.0,0.05333333333333334,0.9615384615384616,0.9803921568627451,0.9771428571428571,0.9540735874430286
27,filename_length,normal_calibration_95pct_distance,29.28974247962241,100,4,71,0,1.0,0.05333333333333334,0.9615384615384616,0.9803921568627451,0.9771428571428571,0.9540735874430286
27,filename_length,exploratory_oas_normal_calibration_95pct_distance,17.295656287287965,100,4,71,0,1.0,0.05333333333333334,0.9615384615384616,0.9803921568627451,0.9771428571428571,0.9540735874430286
27,filename_length,oracle_test_f1_upstream_style,1.6297508346206402e-19,100,0,75,0,1.0,0.0,1.0,1.0,1.0,1.0
27,ls_basic,normal_calibration_95pct_distance,89.23855490736351,100,1,74,0,1.0,0.013333333333333334,0.9900990099009901,0.9950248756218906,0.9942857142857143,0.988381348351423
27,ls_basic,exploratory_oas_normal_calibration_95pct_distance,57.650932651070825,99,0,75,1,0.99,0.0,1.0,0.9949748743718593,0.9942857142857143,0.9884197914907038
27,ls_basic,oracle_test_f1_upstream_style,1.4174741629268076e-15,100,1,74,0,1.0,0.013333333333333334,0.9900990099009901,0.9950248756218906,0.9942857142857143,0.988381348351423
27,system_load,normal_calibration_95pct_distance,438.18680745439354,100,4,71,0,1.0,0.05333333333333334,0.9615384615384616,0.9803921568627451,0.9771428571428571,0.9540735874430286
27,system_load,exploratory_oas_normal_calibration_95pct_distance,20.872802364199742,100,9,66,0,1.0,0.12,0.9174311926605505,0.9569377990430622,0.9485714285714286,0.8985207006748839
27,system_load,oracle_test_f1_upstream_style,1e-30,100,7,68,0,1.0,0.09333333333333334,0.9345794392523364,0.966183574879227,0.96,0.9205172594373874
28,default,normal_calibration_95pct_distance,27.592565127551193,100,12,63,0,1.0,0.16,0.8928571428571429,0.9433962264150945,0.9314285714285714,0.8660254037844386
28,default,exploratory_oas_normal_calibration_95pct_distance,13.47324119304469,100,10,65,0,1.0,0.13333333333333333,0.9090909090909091,0.9523809523809523,0.9428571428571428,0.8876253645985945
28,default,oracle_test_f1_upstream_style,1e-30,100,3,72,0,1.0,0.04,0.970873786407767,0.9852216748768473,0.9828571428571429,0.9654215840509556
28,file_count,normal_calibration_95pct_distance,80.31353680178151,99,2,73,1,0.99,0.02666666666666667,0.9801980198019802,0.9850746268656716,0.9828571428571429,0.9650074651133825
28,file_count,exploratory_oas_normal_calibration_95pct_distance,20.605640972737294,97,5,70,3,0.97,0.06666666666666667,0.9509803921568627,0.9603960396039604,0.9542857142857143,0.9066030001662615
28,file_count,oracle_test_f1_upstream_style,1e-10,100,2,73,0,1.0,0.02666666666666667,0.9803921568627451,0.99009900990099,0.9885714285714285,0.9768563691828352
28,filename_length,normal_calibration_95pct_distance,59.82859141806876,100,3,72,0,1.0,0.04,0.970873786407767,0.9852216748768473,0.9828571428571429,0.9654215840509556
28,filename_length,exploratory_oas_normal_calibration_95pct_distance,24.89936494340215,100,3,72,0,1.0,0.04,0.970873786407767,0.9852216748768473,0.9828571428571429,0.9654215840509556
28,filename_length,oracle_test_f1_upstream_style,9.32603346883218e-24,100,1,74,0,1.0,0.013333333333333334,0.9900990099009901,0.9950248756218906,0.9942857142857143,0.988381348351423
28,ls_basic,normal_calibration_95pct_distance,60.1532971458068,100,4,71,0,1.0,0.05333333333333334,0.9615384615384616,0.9803921568627451,0.9771428571428571,0.9540735874430286
28,ls_basic,exploratory_oas_normal_calibration_95pct_distance,39.58440449516413,100,3,72,0,1.0,0.04,0.970873786407767,0.9852216748768473,0.9828571428571429,0.9654215840509556
28,ls_basic,oracle_test_f1_upstream_style,3.5111917342151415e-16,100,1,74,0,1.0,0.013333333333333334,0.9900990099009901,0.9950248756218906,0.9942857142857143,0.988381348351423
28,system_load,normal_calibration_95pct_distance,3933.8299799449787,2,2,73,98,0.02,0.02666666666666667,0.5,0.038461538461538464,0.42857142857142855,-0.022075539284417398
28,system_load,exploratory_oas_normal_calibration_95pct_distance,266.9432752936694,100,2,73,0,1.0,0.02666666666666667,0.9803921568627451,0.99009900990099,0.9885714285714285,0.9768563691828352
28,system_load,oracle_test_f1_upstream_style,1e-30,100,4,71,0,1.0,0.05333333333333334,0.9615384615384616,0.9803921568627451,0.9771428571428571,0.9540735874430286
29,default,normal_calibration_95pct_distance,64.43184870537053,100,5,70,0,1.0,0.06666666666666667,0.9523809523809523,0.975609756097561,0.9714285714285714,0.9428090415820634
29,default,exploratory_oas_normal_calibration_95pct_distance,28.948836033524938,100,5,70,0,1.0,0.06666666666666667,0.9523809523809523,0.975609756097561,0.9714285714285714,0.9428090415820634
29,default,oracle_test_f1_upstream_style,1e-30,100,3,72,0,1.0,0.04,0.970873786407767,0.9852216748768473,0.9828571428571429,0.9654215840509556
29,file_count,normal_calibration_95pct_distance,26.951276164287176,100,9,66,0,1.0,0.12,0.9174311926605505,0.9569377990430622,0.9485714285714286,0.8985207006748839
29,file_count,exploratory_oas_normal_calibration_95pct_distance,13.569111789412549,100,10,65,0,1.0,0.13333333333333333,0.9090909090909091,0.9523809523809523,0.9428571428571428,0.8876253645985945
29,file_count,oracle_test_f1_upstream_style,4.328761281083062e-17,100,0,75,0,1.0,0.0,1.0,1.0,1.0,1.0
29,filename_length,normal_calibration_95pct_distance,34.266644064219605,100,8,67,0,1.0,0.10666666666666667,0.9259259259259259,0.9615384615384615,0.9542857142857143,0.9094836413191612
29,filename_length,exploratory_oas_normal_calibration_95pct_distance,19.093576225741398,100,5,70,0,1.0,0.06666666666666667,0.9523809523809523,0.975609756097561,0.9714285714285714,0.9428090415820634
29,filename_length,oracle_test_f1_upstream_style,1e-30,100,0,75,0,1.0,0.0,1.0,1.0,1.0,1.0
29,ls_basic,normal_calibration_95pct_distance,109.93908752321843,100,1,74,0,1.0,0.013333333333333334,0.9900990099009901,0.9950248756218906,0.9942857142857143,0.988381348351423
29,ls_basic,exploratory_oas_normal_calibration_95pct_distance,30.46132717640514,100,6,69,0,1.0,0.08,0.9433962264150944,0.970873786407767,0.9657142857142857,0.9316246713681894
29,ls_basic,oracle_test_f1_upstream_style,2.310129700083158e-24,100,0,75,0,1.0,0.0,1.0,1.0,1.0,1.0
29,system_load,normal_calibration_95pct_distance,156.21977100173643,100,7,68,0,1.0,0.09333333333333334,0.9345794392523364,0.966183574879227,0.96,0.9205172594373874
29,system_load,exploratory_oas_normal_calibration_95pct_distance,39.58594273146478,100,8,67,0,1.0,0.10666666666666667,0.9259259259259259,0.9615384615384615,0.9542857142857143,0.9094836413191612
29,system_load,oracle_test_f1_upstream_style,1e-30,100,7,68,0,1.0,0.09333333333333334,0.9345794392523364,0.966183574879227,0.96,0.9205172594373874
