feature,mode,batch_id,position,state,condition,raw_value,anchor,normalized_score,threshold,alert
first_raw_q10,pooled,20260919T091740.996812Z_b7180d5c,48,sham,baseline,104412.4,84158.04999999999,1.2406703815024231,1.425483135600219,False
first_raw_q10,pooled,20260919T091749.261794Z_5be16b7a,49,sham,cpu,109167.4,84158.04999999999,1.2971712153501656,1.425483135600219,False
first_raw_q10,pooled,20260919T091751.353834Z_4f63e80a,50,sham,baseline,103959.8,84158.04999999999,1.2352924051828675,1.425483135600219,False
first_raw_q10,pooled,20260919T091759.693538Z_e7b71d16,51,hiding,cpu,135453.1,84158.04999999999,1.6095085378047618,1.425483135600219,True
first_raw_q10,pooled,20260919T091802.340106Z_dba02c8c,52,hiding,baseline,126581.1,84158.04999999999,1.504087844240688,1.425483135600219,True
first_raw_q10,pooled,20260919T091804.935949Z_cdc3f4d8,53,unloaded,baseline,81365.9,84158.04999999999,0.9668225440109414,1.425483135600219,False
first_raw_q10,pooled,20260919T091813.068211Z_45889135,54,unloaded,cpu,84533.7,84158.04999999999,1.0044636252859946,1.425483135600219,False
first_raw_q10,pooled,20260919T091821.287756Z_3199c5a1,55,unloaded,cpu,86092.2,84158.04999999999,1.0229823528468163,1.425483135600219,False
first_raw_q10,pooled,20260919T091829.572504Z_24ca8872,56,hiding,cpu,136871.4,84158.04999999999,1.6263613522414078,1.425483135600219,True
first_raw_q10,pooled,20260919T091832.240040Z_4b0e223d,57,hiding,baseline,129987.1,84158.04999999999,1.5445593142901959,1.425483135600219,True
first_raw_q10,pooled,20260919T091834.813104Z_cfd85f77,58,unloaded,baseline,82974.6,84158.04999999999,0.9859377682824164,1.425483135600219,False
first_raw_q10,pooled,20260919T091842.964747Z_03d80ae2,59,unloaded,cpu,86845.5,84158.04999999999,1.031933368227995,1.425483135600219,False
first_raw_q10,pooled,20260919T091845.121096Z_822dc945,60,hiding,baseline,128811.1,84158.04999999999,1.5305856064868426,1.425483135600219,True
first_raw_q10,pooled,20260919T091853.841401Z_20c07237,61,unloaded,cpu,83274.5,84158.04999999999,0.9895013014203634,1.425483135600219,False
first_raw_q10,pooled,20260919T091856.005703Z_1d5ebf06,62,hiding,baseline,130883.8,84158.04999999999,1.5552142664902529,1.425483135600219,True
first_raw_q10,pooled,20260919T091858.531295Z_953f3012,63,unloaded,baseline,81882.8,84158.04999999999,0.9729645589459358,1.425483135600219,False
first_raw_q10,pooled,20260919T091900.592185Z_ed613271,64,unloaded,baseline,81995.0,84158.04999999999,0.9742977647414598,1.425483135600219,False
first_raw_q10,pooled,20260919T091908.860186Z_8207ec6a,65,hiding,cpu,132504.9,84158.04999999999,1.5744768325787017,1.425483135600219,True
first_raw_q10,pooled,20260919T091917.584769Z_2aa586ac,66,sham,cpu,108327.1,84158.04999999999,1.2871864307692493,1.425483135600219,False
first_raw_q10,pooled,20260919T091925.885116Z_c70e3be6,67,hiding,cpu,131230.5,84158.04999999999,1.5593338961632313,1.425483135600219,True
first_raw_q10,pooled,20260919T091928.463136Z_10c01a95,68,unloaded,baseline,82563.4,84158.04999999999,0.9810517235130806,1.425483135600219,False
first_raw_q10,pooled,20260919T091936.661114Z_e0e9f716,69,sham,cpu,107975.0,84158.04999999999,1.2830026361114595,1.425483135600219,False
first_raw_q10,pooled,20260919T091938.743863Z_050d5fb4,70,unloaded,baseline,80849.7,84158.04999999999,0.9606888467591633,1.425483135600219,False
first_raw_q10,pooled,20260919T091947.006225Z_19ddfd76,71,sham,cpu,108132.3,84158.04999999999,1.284871738354204,1.425483135600219,False
first_raw_q10,pooled,20260919T091949.192389Z_da005983,72,hiding,baseline,129709.2,84158.04999999999,1.541257194053332,1.425483135600219,True
first_raw_q10,pooled,20260919T091958.103040Z_bbcd360e,73,hiding,cpu,131801.8,84158.04999999999,1.5661223139081764,1.425483135600219,True
first_raw_q10,pooled,20260919T092000.710669Z_16832acd,74,sham,baseline,105688.3,84158.04999999999,1.255831141524786,1.425483135600219,False
first_raw_q10,pooled,20260919T092002.966223Z_0310bf27,75,hiding,baseline,128308.9,84158.04999999999,1.52461826289939,1.425483135600219,True
first_raw_q10,pooled,20260919T092011.977781Z_f73d5c6e,76,hiding,cpu,134437.3,84158.04999999999,1.5974383912174772,1.425483135600219,True
first_raw_q10,pooled,20260919T092014.632827Z_3bf466d6,77,hiding,baseline,127266.7,84158.04999999999,1.512234420830806,1.425483135600219,True
first_raw_q10,pooled,20260919T092023.339410Z_3d52c0ca,78,sham,cpu,108453.6,84158.04999999999,1.2886895549504773,1.425483135600219,False
first_raw_q10,pooled,20260919T092031.707413Z_b7c215e2,79,hiding,cpu,131041.5,84158.04999999999,1.5570881216948351,1.425483135600219,True
first_raw_q10,pooled,20260919T092040.378752Z_9b168dfc,80,unloaded,cpu,83094.1,84158.04999999999,0.9873577156314817,1.425483135600219,False
first_raw_q10,pooled,20260919T092042.407696Z_6350db11,81,sham,baseline,106125.1,84158.04999999999,1.261021375851746,1.425483135600219,False
first_raw_q10,pooled,20260919T092050.755685Z_6e9eb041,82,hiding,cpu,133647.5,84158.04999999999,1.5880536680685926,1.425483135600219,True
first_raw_q10,pooled,20260919T092059.488351Z_852f64e5,83,sham,cpu,108408.3,84158.04999999999,1.288151282022338,1.425483135600219,False
first_raw_q10,pooled,20260919T092107.705396Z_66eee11a,84,unloaded,cpu,81828.1,84158.04999999999,0.9723145914146064,1.425483135600219,False
first_raw_q10,pooled,20260919T092109.746607Z_a0ff1f24,85,unloaded,baseline,83981.3,84158.04999999999,0.997899784987889,1.425483135600219,False
first_raw_q10,pooled,20260919T092111.797808Z_5f3a95f0,86,sham,baseline,104518.6,84158.04999999999,1.2419322928703793,1.425483135600219,False
first_raw_q10,pooled,20260919T092114.033296Z_090576ae,87,hiding,baseline,127766.1,84158.04999999999,1.5181684936853934,1.425483135600219,True
first_raw_q10,pooled,20260919T092116.655884Z_93e6b3b0,88,sham,baseline,106656.9,84158.04999999999,1.267340438615201,1.425483135600219,False
first_raw_q10,pooled,20260919T092124.936548Z_c45ba886,89,sham,cpu,107775.0,84158.04999999999,1.2806261551925218,1.425483135600219,False
first_raw_q10,pooled,20260919T092133.207728Z_42e0939b,90,sham,cpu,111267.3,84158.04999999999,1.3221230767585515,1.425483135600219,False
first_raw_q10,pooled,20260919T092135.274045Z_77e7c5f9,91,sham,baseline,107021.0,84158.04999999999,1.2716668221281269,1.425483135600219,False
first_raw_q10,pooled,20260919T092143.628749Z_aca35de2,92,unloaded,cpu,86738.2,84158.04999999999,1.030658386214985,1.425483135600219,False
first_raw_q10,pooled,20260919T092151.829828Z_58776baf,93,unloaded,cpu,85414.8,84158.04999999999,1.0149332119743746,1.425483135600219,False
first_raw_q10,pooled,20260919T092153.896791Z_ea7ce0a0,94,sham,baseline,106944.3,84158.04999999999,1.2707554416957143,1.425483135600219,False
first_raw_q10,pooled,20260919T092155.950766Z_a592af37,95,unloaded,baseline,82763.9,84158.04999999999,0.9834341456343155,1.425483135600219,False
first_raw_q10,condition_stratified,20260919T091740.996812Z_b7180d5c,48,sham,baseline,104412.4,83156.5,1.255613211234239,1.3035135437398158,False
first_raw_q10,condition_stratified,20260919T091749.261794Z_5be16b7a,49,sham,cpu,109167.4,85926.75,1.2704704879446738,1.3961412598521417,False
first_raw_q10,condition_stratified,20260919T091751.353834Z_4f63e80a,50,sham,baseline,103959.8,83156.5,1.2501704617197693,1.3035135437398158,False
first_raw_q10,condition_stratified,20260919T091759.693538Z_e7b71d16,51,hiding,cpu,135453.1,85926.75,1.5763787179196234,1.3961412598521417,True
first_raw_q10,condition_stratified,20260919T091802.340106Z_dba02c8c,52,hiding,baseline,126581.1,83156.5,1.5222033154353538,1.3035135437398158,True
first_raw_q10,condition_stratified,20260919T091804.935949Z_cdc3f4d8,53,unloaded,baseline,81365.9,83156.5,0.9784671072014814,1.3035135437398158,False
first_raw_q10,condition_stratified,20260919T091813.068211Z_45889135,54,unloaded,cpu,84533.7,85926.75,0.9837879356544964,1.3961412598521417,False
first_raw_q10,condition_stratified,20260919T091821.287756Z_3199c5a1,55,unloaded,cpu,86092.2,85926.75,1.0019254772233326,1.3961412598521417,False
first_raw_q10,condition_stratified,20260919T091829.572504Z_24ca8872,56,hiding,cpu,136871.4,85926.75,1.5928846372055268,1.3961412598521417,True
first_raw_q10,condition_stratified,20260919T091832.240040Z_4b0e223d,57,hiding,baseline,129987.1,83156.5,1.563162230252596,1.3035135437398158,True
first_raw_q10,condition_stratified,20260919T091834.813104Z_cfd85f77,58,unloaded,baseline,82974.6,83156.5,0.9978125582486036,1.3035135437398158,False
first_raw_q10,condition_stratified,20260919T091842.964747Z_03d80ae2,59,unloaded,cpu,86845.5,85926.75,1.0106922465937558,1.3961412598521417,False
first_raw_q10,condition_stratified,20260919T091845.121096Z_822dc945,60,hiding,baseline,128811.1,83156.5,1.5490202209087685,1.3035135437398158,True
first_raw_q10,condition_stratified,20260919T091853.841401Z_20c07237,61,unloaded,cpu,83274.5,85926.75,0.9691335934385974,1.3961412598521417,False
first_raw_q10,condition_stratified,20260919T091856.005703Z_1d5ebf06,62,hiding,baseline,130883.8,83156.5,1.5739455123772645,1.3035135437398158,True
first_raw_q10,condition_stratified,20260919T091858.531295Z_953f3012,63,unloaded,baseline,81882.8,83156.5,0.984683097532965,1.3035135437398158,False
first_raw_q10,condition_stratified,20260919T091900.592185Z_ed613271,64,unloaded,baseline,81995.0,83156.5,0.9860323606693403,1.3035135437398158,False
first_raw_q10,condition_stratified,20260919T091908.860186Z_8207ec6a,65,hiding,cpu,132504.9,85926.75,1.5420680987003466,1.3961412598521417,True
first_raw_q10,condition_stratified,20260919T091917.584769Z_2aa586ac,66,sham,cpu,108327.1,85926.75,1.2606912282845564,1.3961412598521417,False
first_raw_q10,condition_stratified,20260919T091925.885116Z_c70e3be6,67,hiding,cpu,131230.5,85926.75,1.5272368616292364,1.3961412598521417,True
first_raw_q10,condition_stratified,20260919T091928.463136Z_10c01a95,68,unloaded,baseline,82563.4,83156.5,0.9928676651855236,1.3035135437398158,False
first_raw_q10,condition_stratified,20260919T091936.661114Z_e0e9f716,69,sham,cpu,107975.0,85926.75,1.2565935520661493,1.3961412598521417,False
first_raw_q10,condition_stratified,20260919T091938.743863Z_050d5fb4,70,unloaded,baseline,80849.7,83156.5,0.9722595347327028,1.3035135437398158,False
first_raw_q10,condition_stratified,20260919T091947.006225Z_19ddfd76,71,sham,cpu,108132.3,85926.75,1.2584241810611947,1.3961412598521417,False
first_raw_q10,condition_stratified,20260919T091949.192389Z_da005983,72,hiding,baseline,129709.2,83156.5,1.5598203387588463,1.3035135437398158,True
first_raw_q10,condition_stratified,20260919T091958.103040Z_bbcd360e,73,hiding,cpu,131801.8,85926.75,1.5338855478648965,1.3961412598521417,True
first_raw_q10,condition_stratified,20260919T092000.710669Z_16832acd,74,sham,baseline,105688.3,83156.5,1.270956569841203,1.3035135437398158,False
first_raw_q10,condition_stratified,20260919T092002.966223Z_0310bf27,75,hiding,baseline,128308.9,83156.5,1.5429810056940827,1.3035135437398158,True
first_raw_q10,condition_stratified,20260919T092011.977781Z_f73d5c6e,76,hiding,cpu,134437.3,85926.75,1.5645570209509843,1.3961412598521417,True
first_raw_q10,condition_stratified,20260919T092014.632827Z_3bf466d6,77,hiding,baseline,127266.7,83156.5,1.53044801067866,1.3035135437398158,True
first_raw_q10,condition_stratified,20260919T092023.339410Z_3d52c0ca,78,sham,cpu,108453.6,85926.75,1.262163412441411,1.3961412598521417,False
first_raw_q10,condition_stratified,20260919T092031.707413Z_b7c215e2,79,hiding,cpu,131041.5,85926.75,1.5250373137585211,1.3961412598521417,True
first_raw_q10,condition_stratified,20260919T092040.378752Z_9b168dfc,80,unloaded,cpu,83094.1,85926.75,0.9670341308149093,1.3961412598521417,False
first_raw_q10,condition_stratified,20260919T092042.407696Z_6350db11,81,sham,baseline,106125.1,83156.5,1.2762093161689105,1.3035135437398158,False
first_raw_q10,condition_stratified,20260919T092050.755685Z_6e9eb041,82,hiding,cpu,133647.5,85926.75,1.5553654711716665,1.3961412598521417,True
first_raw_q10,condition_stratified,20260919T092059.488351Z_852f64e5,83,sham,cpu,108408.3,85926.75,1.2616362192216044,1.3961412598521417,False
first_raw_q10,condition_stratified,20260919T092107.705396Z_66eee11a,84,unloaded,cpu,81828.1,85926.75,0.9523006514269422,1.3961412598521417,False
first_raw_q10,condition_stratified,20260919T092109.746607Z_a0ff1f24,85,unloaded,baseline,83981.3,83156.5,1.0099186473697186,1.3035135437398158,False
first_raw_q10,condition_stratified,20260919T092111.797808Z_5f3a95f0,86,sham,baseline,104518.6,83156.5,1.2568903212617175,1.3035135437398158,False
first_raw_q10,condition_stratified,20260919T092114.033296Z_090576ae,87,hiding,baseline,127766.1,83156.5,1.536453554442527,1.3035135437398158,True
first_raw_q10,condition_stratified,20260919T092116.655884Z_93e6b3b0,88,sham,baseline,106656.9,83156.5,1.2826044867208215,1.3035135437398158,False
first_raw_q10,condition_stratified,20260919T092124.936548Z_c45ba886,89,sham,cpu,107775.0,85926.75,1.2542659881817944,1.3961412598521417,False
first_raw_q10,condition_stratified,20260919T092133.207728Z_42e0939b,90,sham,cpu,111267.3,85926.75,1.294908744948459,1.3961412598521417,False
first_raw_q10,condition_stratified,20260919T092135.274045Z_77e7c5f9,91,sham,baseline,107021.0,83156.5,1.2869829778790594,1.3035135437398158,False
first_raw_q10,condition_stratified,20260919T092143.628749Z_aca35de2,92,unloaded,cpu,86738.2,85926.75,1.0094435085697993,1.3961412598521417,False
first_raw_q10,condition_stratified,20260919T092151.829828Z_58776baf,93,unloaded,cpu,85414.8,85926.75,0.9940420183470223,1.3961412598521417,False
first_raw_q10,condition_stratified,20260919T092153.896791Z_ea7ce0a0,94,sham,baseline,106944.3,83156.5,1.2860606206369918,1.3035135437398158,False
first_raw_q10,condition_stratified,20260919T092155.950766Z_a592af37,95,unloaded,baseline,82763.9,83156.5,0.995278781574501,1.3035135437398158,False
first_raw_median,pooled,20260919T091740.996812Z_b7180d5c,48,sham,baseline,109228.0,88596.75,1.2328668941016458,1.7554808726053721,False
first_raw_median,pooled,20260919T091749.261794Z_5be16b7a,49,sham,cpu,153310.0,88596.75,1.7304246487596893,1.7554808726053721,False
first_raw_median,pooled,20260919T091751.353834Z_4f63e80a,50,sham,baseline,109836.5,88596.75,1.2397350918628505,1.7554808726053721,False
first_raw_median,pooled,20260919T091759.693538Z_e7b71d16,51,hiding,cpu,181101.0,88596.75,2.044104326625977,1.7554808726053721,True
first_raw_median,pooled,20260919T091802.340106Z_dba02c8c,52,hiding,baseline,133270.0,88596.75,1.504231250017636,1.7554808726053721,False
first_raw_median,pooled,20260919T091804.935949Z_cdc3f4d8,53,unloaded,baseline,86479.5,88596.75,0.9761023965326042,1.7554808726053721,False
first_raw_median,pooled,20260919T091813.068211Z_45889135,54,unloaded,cpu,108821.5,88596.75,1.228278689681055,1.7554808726053721,False
first_raw_median,pooled,20260919T091821.287756Z_3199c5a1,55,unloaded,cpu,116692.0,88596.75,1.3171137767468897,1.7554808726053721,False
first_raw_median,pooled,20260919T091829.572504Z_24ca8872,56,hiding,cpu,182215.5,88596.75,2.0566837948344605,1.7554808726053721,True
first_raw_median,pooled,20260919T091832.240040Z_4b0e223d,57,hiding,baseline,136782.0,88596.75,1.5438715302762234,1.7554808726053721,False
first_raw_median,pooled,20260919T091834.813104Z_cfd85f77,58,unloaded,baseline,87169.0,88596.75,0.9838848490492033,1.7554808726053721,False
first_raw_median,pooled,20260919T091842.964747Z_03d80ae2,59,unloaded,cpu,116015.0,88596.75,1.3094724129271107,1.7554808726053721,False
first_raw_median,pooled,20260919T091845.121096Z_822dc945,60,hiding,baseline,133799.5,88596.75,1.5102077672149374,1.7554808726053721,False
first_raw_median,pooled,20260919T091853.841401Z_20c07237,61,unloaded,cpu,109661.0,88596.75,1.2377542065594958,1.7554808726053721,False
first_raw_median,pooled,20260919T091856.005703Z_1d5ebf06,62,hiding,baseline,133808.0,88596.75,1.510303707528775,1.7554808726053721,False
first_raw_median,pooled,20260919T091858.531295Z_953f3012,63,unloaded,baseline,85871.0,88596.75,0.9692341987713996,1.7554808726053721,False
first_raw_median,pooled,20260919T091900.592185Z_ed613271,64,unloaded,baseline,86530.0,88596.75,0.9766723948677576,1.7554808726053721,False
first_raw_median,pooled,20260919T091908.860186Z_8207ec6a,65,hiding,cpu,177481.0,88596.75,2.0032450400268633,1.7554808726053721,True
first_raw_median,pooled,20260919T091917.584769Z_2aa586ac,66,sham,cpu,147571.5,88596.75,1.665653649823498,1.7554808726053721,False
first_raw_median,pooled,20260919T091925.885116Z_c70e3be6,67,hiding,cpu,175358.5,88596.75,1.9792881793068031,1.7554808726053721,True
first_raw_median,pooled,20260919T091928.463136Z_10c01a95,68,unloaded,baseline,86468.5,88596.75,0.9759782384794025,1.7554808726053721,False
first_raw_median,pooled,20260919T091936.661114Z_e0e9f716,69,sham,cpu,114195.5,88596.75,1.2889355422179707,1.7554808726053721,False
first_raw_median,pooled,20260919T091938.743863Z_050d5fb4,70,unloaded,baseline,84914.5,88596.75,0.9584380916907222,1.7554808726053721,False
first_raw_median,pooled,20260919T091947.006225Z_19ddfd76,71,sham,cpu,150949.0,88596.75,1.7037758157043006,1.7554808726053721,False
first_raw_median,pooled,20260919T091949.192389Z_da005983,72,hiding,baseline,133018.5,88596.75,1.501392545437615,1.7554808726053721,False
first_raw_median,pooled,20260919T091958.103040Z_bbcd360e,73,hiding,cpu,177974.5,88596.75,2.0088152217773225,1.7554808726053721,True
first_raw_median,pooled,20260919T092000.710669Z_16832acd,74,sham,baseline,109143.0,88596.75,1.231907490963269,1.7554808726053721,False
first_raw_median,pooled,20260919T092002.966223Z_0310bf27,75,hiding,baseline,134895.5,88596.75,1.5225784241521274,1.7554808726053721,False
first_raw_median,pooled,20260919T092011.977781Z_f73d5c6e,76,hiding,cpu,183148.0,88596.75,2.0672090116172432,1.7554808726053721,True
first_raw_median,pooled,20260919T092014.632827Z_3bf466d6,77,hiding,baseline,132119.5,88596.75,1.4912454463623102,1.7554808726053721,False
first_raw_median,pooled,20260919T092023.339410Z_3d52c0ca,78,sham,cpu,152312.5,88596.75,1.7191657707534418,1.7554808726053721,False
first_raw_median,pooled,20260919T092031.707413Z_b7c215e2,79,hiding,cpu,179137.0,88596.75,2.0219364705815956,1.7554808726053721,True
first_raw_median,pooled,20260919T092040.378752Z_9b168dfc,80,unloaded,cpu,89374.0,88596.75,1.0087728951682764,1.7554808726053721,False
first_raw_median,pooled,20260919T092042.407696Z_6350db11,81,sham,baseline,112227.0,88596.75,1.2667168942427347,1.7554808726053721,False
first_raw_median,pooled,20260919T092050.755685Z_6e9eb041,82,hiding,cpu,181440.5,88596.75,2.0479362956316116,1.7554808726053721,True
first_raw_median,pooled,20260919T092059.488351Z_852f64e5,83,sham,cpu,134171.0,88596.75,1.514400923284432,1.7554808726053721,False
first_raw_median,pooled,20260919T092107.705396Z_66eee11a,84,unloaded,cpu,96718.0,88596.75,1.0916653263240468,1.7554808726053721,False
first_raw_median,pooled,20260919T092109.746607Z_a0ff1f24,85,unloaded,baseline,88003.0,88596.75,0.9932982869010432,1.7554808726053721,False
first_raw_median,pooled,20260919T092111.797808Z_5f3a95f0,86,sham,baseline,109997.0,88596.75,1.2415466707300211,1.7554808726053721,False
first_raw_median,pooled,20260919T092114.033296Z_090576ae,87,hiding,baseline,133308.0,88596.75,1.5046601596559692,1.7554808726053721,False
first_raw_median,pooled,20260919T092116.655884Z_93e6b3b0,88,sham,baseline,110849.5,88596.75,1.2511689198531548,1.7554808726053721,False
first_raw_median,pooled,20260919T092124.936548Z_c45ba886,89,sham,cpu,155723.0,88596.75,1.7576604107938496,1.7554808726053721,True
first_raw_median,pooled,20260919T092133.207728Z_42e0939b,90,sham,cpu,153099.0,88596.75,1.7280430715573654,1.7554808726053721,False
first_raw_median,pooled,20260919T092135.274045Z_77e7c5f9,91,sham,baseline,110423.5,88596.75,1.2463606170655244,1.7554808726053721,False
first_raw_median,pooled,20260919T092143.628749Z_aca35de2,92,unloaded,cpu,121567.5,88596.75,1.3721440120546182,1.7554808726053721,False
first_raw_median,pooled,20260919T092151.829828Z_58776baf,93,unloaded,cpu,115860.5,88596.75,1.307728556634414,1.7554808726053721,False
first_raw_median,pooled,20260919T092153.896791Z_ea7ce0a0,94,sham,baseline,109637.0,88596.75,1.237483316261601,1.7554808726053721,False
first_raw_median,pooled,20260919T092155.950766Z_a592af37,95,unloaded,baseline,88142.0,88596.75,0.9948671932096832,1.7554808726053721,False
first_raw_median,condition_stratified,20260919T091740.996812Z_b7180d5c,48,sham,baseline,109228.0,86851.25,1.2576445359162938,1.2982819475827925,False
first_raw_median,condition_stratified,20260919T091749.261794Z_5be16b7a,49,sham,cpu,153310.0,117059.5,1.3096758486069051,1.328639708866004,False
first_raw_median,condition_stratified,20260919T091751.353834Z_4f63e80a,50,sham,baseline,109836.5,86851.25,1.2646507678358112,1.2982819475827925,False
first_raw_median,condition_stratified,20260919T091759.693538Z_e7b71d16,51,hiding,cpu,181101.0,117059.5,1.5470850294081215,1.328639708866004,True
first_raw_median,condition_stratified,20260919T091802.340106Z_dba02c8c,52,hiding,baseline,133270.0,86851.25,1.534462658856378,1.2982819475827925,True
first_raw_median,condition_stratified,20260919T091804.935949Z_cdc3f4d8,53,unloaded,baseline,86479.5,86851.25,0.9957196931535239,1.2982819475827925,False
first_raw_median,condition_stratified,20260919T091813.068211Z_45889135,54,unloaded,cpu,108821.5,117059.5,0.929625532314763,1.328639708866004,False
first_raw_median,condition_stratified,20260919T091821.287756Z_3199c5a1,55,unloaded,cpu,116692.0,117059.5,0.9968605709062486,1.328639708866004,False
first_raw_median,condition_stratified,20260919T091829.572504Z_24ca8872,56,hiding,cpu,182215.5,117059.5,1.5566058286597841,1.328639708866004,True
first_raw_median,condition_stratified,20260919T091832.240040Z_4b0e223d,57,hiding,baseline,136782.0,86851.25,1.574899612843799,1.2982819475827925,True
first_raw_median,condition_stratified,20260919T091834.813104Z_cfd85f77,58,unloaded,baseline,87169.0,86851.25,1.0036585541371021,1.2982819475827925,False
first_raw_median,condition_stratified,20260919T091842.964747Z_03d80ae2,59,unloaded,cpu,116015.0,117059.5,0.9910771872423852,1.328639708866004,False
first_raw_median,condition_stratified,20260919T091845.121096Z_822dc945,60,hiding,baseline,133799.5,86851.25,1.5405592895899598,1.2982819475827925,True
first_raw_median,condition_stratified,20260919T091853.841401Z_20c07237,61,unloaded,cpu,109661.0,117059.5,0.9367970989112374,1.328639708866004,False
first_raw_median,condition_stratified,20260919T091856.005703Z_1d5ebf06,62,hiding,baseline,133808.0,86851.25,1.540657158071991,1.2982819475827925,True
first_raw_median,condition_stratified,20260919T091858.531295Z_953f3012,63,unloaded,baseline,85871.0,86851.25,0.9887134612340064,1.2982819475827925,False
first_raw_median,condition_stratified,20260919T091900.592185Z_ed613271,64,unloaded,baseline,86530.0,86851.25,0.9963011470761791,1.2982819475827925,False
first_raw_median,condition_stratified,20260919T091908.860186Z_8207ec6a,65,hiding,cpu,177481.0,117059.5,1.5161605850016444,1.328639708866004,True
first_raw_median,condition_stratified,20260919T091917.584769Z_2aa586ac,66,sham,cpu,147571.5,117059.5,1.2606537700912783,1.328639708866004,False
first_raw_median,condition_stratified,20260919T091925.885116Z_c70e3be6,67,hiding,cpu,175358.5,117059.5,1.4980287802356922,1.328639708866004,True
first_raw_median,condition_stratified,20260919T091928.463136Z_10c01a95,68,unloaded,baseline,86468.5,86851.25,0.9955930398238367,1.2982819475827925,False
first_raw_median,condition_stratified,20260919T091936.661114Z_e0e9f716,69,sham,cpu,114195.5,117059.5,0.9755338097292403,1.328639708866004,False
first_raw_median,condition_stratified,20260919T091938.743863Z_050d5fb4,70,unloaded,baseline,84914.5,86851.25,0.9777003785207466,1.2982819475827925,False
first_raw_median,condition_stratified,20260919T091947.006225Z_19ddfd76,71,sham,cpu,150949.0,117059.5,1.2895066184290895,1.328639708866004,False
first_raw_median,condition_stratified,20260919T091949.192389Z_da005983,72,hiding,baseline,133018.5,86851.25,1.5315669031821648,1.2982819475827925,True
first_raw_median,condition_stratified,20260919T091958.103040Z_bbcd360e,73,hiding,cpu,177974.5,117059.5,1.5203763897846823,1.328639708866004,True
first_raw_median,condition_stratified,20260919T092000.710669Z_16832acd,74,sham,baseline,109143.0,86851.25,1.2566658510959832,1.2982819475827925,False
first_raw_median,condition_stratified,20260919T092002.966223Z_0310bf27,75,hiding,baseline,134895.5,86851.25,1.5531785668024352,1.2982819475827925,True
first_raw_median,condition_stratified,20260919T092011.977781Z_f73d5c6e,76,hiding,cpu,183148.0,117059.5,1.5645718630269223,1.328639708866004,True
first_raw_median,condition_stratified,20260919T092014.632827Z_3bf466d6,77,hiding,baseline,132119.5,86851.25,1.5212158719649975,1.2982819475827925,True
first_raw_median,condition_stratified,20260919T092023.339410Z_3d52c0ca,78,sham,cpu,152312.5,117059.5,1.3011545410667225,1.328639708866004,False
first_raw_median,condition_stratified,20260919T092031.707413Z_b7c215e2,79,hiding,cpu,179137.0,117059.5,1.5303072369179775,1.328639708866004,True
first_raw_median,condition_stratified,20260919T092040.378752Z_9b168dfc,80,unloaded,cpu,89374.0,117059.5,0.7634920702719558,1.328639708866004,False
first_raw_median,condition_stratified,20260919T092042.407696Z_6350db11,81,sham,baseline,112227.0,86851.25,1.2921748391646637,1.2982819475827925,False
first_raw_median,condition_stratified,20260919T092050.755685Z_6e9eb041,82,hiding,cpu,181440.5,117059.5,1.5499852639042537,1.328639708866004,True
first_raw_median,condition_stratified,20260919T092059.488351Z_852f64e5,83,sham,cpu,134171.0,117059.5,1.1461777984700088,1.328639708866004,False
first_raw_median,condition_stratified,20260919T092107.705396Z_66eee11a,84,unloaded,cpu,96718.0,117059.5,0.8262293961617809,1.328639708866004,False
first_raw_median,condition_stratified,20260919T092109.746607Z_a0ff1f24,85,unloaded,baseline,88003.0,86851.25,1.0132611793152084,1.2982819475827925,False
first_raw_median,condition_stratified,20260919T092111.797808Z_5f3a95f0,86,sham,baseline,109997.0,86851.25,1.2664987550553388,1.2982819475827925,False
first_raw_median,condition_stratified,20260919T092114.033296Z_090576ae,87,hiding,baseline,133308.0,86851.25,1.534900188540752,1.2982819475827925,True
first_raw_median,condition_stratified,20260919T092116.655884Z_93e6b3b0,88,sham,baseline,110849.5,86851.25,1.276314388106101,1.2982819475827925,False
first_raw_median,condition_stratified,20260919T092124.936548Z_c45ba886,89,sham,cpu,155723.0,117059.5,1.3302892973231562,1.328639708866004,True
first_raw_median,condition_stratified,20260919T092133.207728Z_42e0939b,90,sham,cpu,153099.0,117059.5,1.3078733464605607,1.328639708866004,False
first_raw_median,condition_stratified,20260919T092135.274045Z_77e7c5f9,91,sham,baseline,110423.5,86851.25,1.2714094500654856,1.2982819475827925,False
first_raw_median,condition_stratified,20260919T092143.628749Z_aca35de2,92,unloaded,cpu,121567.5,117059.5,1.0385103302166847,1.328639708866004,False
first_raw_median,condition_stratified,20260919T092151.829828Z_58776baf,93,unloaded,cpu,115860.5,117059.5,0.9897573456233796,1.328639708866004,False
first_raw_median,condition_stratified,20260919T092153.896791Z_ea7ce0a0,94,sham,baseline,109637.0,86851.25,1.262353736992847,1.2982819475827925,False
first_raw_median,condition_stratified,20260919T092155.950766Z_a592af37,95,unloaded,baseline,88142.0,86851.25,1.014861616844893,1.2982819475827925,False
first_div_last_raw_median,pooled,20260919T091740.996812Z_b7180d5c,48,sham,baseline,112.19811416876351,81.53727687326285,1.3760346000168513,1.428504356745397,False
first_div_last_raw_median,pooled,20260919T091749.261794Z_5be16b7a,49,sham,cpu,85.56440988145067,81.53727687326285,1.0493900846657827,1.428504356745397,False
first_div_last_raw_median,pooled,20260919T091751.353834Z_4f63e80a,50,sham,baseline,106.85637576932848,81.53727687326285,1.3105217621557348,1.428504356745397,False
first_div_last_raw_median,pooled,20260919T091759.693538Z_e7b71d16,51,hiding,cpu,107.61678909131103,81.53727687326285,1.319847721411947,1.428504356745397,False
first_div_last_raw_median,pooled,20260919T091802.340106Z_dba02c8c,52,hiding,baseline,129.64639032527438,81.53727687326285,1.590026001564778,1.428504356745397,True
first_div_last_raw_median,pooled,20260919T091804.935949Z_cdc3f4d8,53,unloaded,baseline,82.82250242483026,81.53727687326285,1.0157624291716916,1.428504356745397,False
first_div_last_raw_median,pooled,20260919T091813.068211Z_45889135,54,unloaded,cpu,76.00363252985073,81.53727687326285,0.9321335644797983,1.428504356745397,False
first_div_last_raw_median,pooled,20260919T091821.287756Z_3199c5a1,55,unloaded,cpu,75.31178055228442,81.53727687326285,0.9236484641171545,1.428504356745397,False
first_div_last_raw_median,pooled,20260919T091829.572504Z_24ca8872,56,hiding,cpu,102.70042923589313,81.53727687326285,1.2595518660198222,1.428504356745397,False
first_div_last_raw_median,pooled,20260919T091832.240040Z_4b0e223d,57,hiding,baseline,143.08678913487572,81.53727687326285,1.7548634762144695,1.428504356745397,True
first_div_last_raw_median,pooled,20260919T091834.813104Z_cfd85f77,58,unloaded,baseline,86.26849510407872,81.53727687326285,1.058025217572201,1.428504356745397,False
first_div_last_raw_median,pooled,20260919T091842.964747Z_03d80ae2,59,unloaded,cpu,76.99993858535919,81.53727687326285,0.9443525898595282,1.428504356745397,False
first_div_last_raw_median,pooled,20260919T091845.121096Z_822dc945,60,hiding,baseline,132.09552454960073,81.53727687326285,1.6200629897773369,1.428504356745397,True
first_div_last_raw_median,pooled,20260919T091853.841401Z_20c07237,61,unloaded,cpu,73.13738468590427,81.53727687326285,0.8969809575512937,1.428504356745397,False
first_div_last_raw_median,pooled,20260919T091856.005703Z_1d5ebf06,62,hiding,baseline,127.59577265510822,81.53727687326285,1.564876551536498,1.428504356745397,True
first_div_last_raw_median,pooled,20260919T091858.531295Z_953f3012,63,unloaded,baseline,82.13589802001982,81.53727687326285,1.0073416867684635,1.428504356745397,False
first_div_last_raw_median,pooled,20260919T091900.592185Z_ed613271,64,unloaded,baseline,86.28666024534616,81.53727687326285,1.0582480008434116,1.428504356745397,False
first_div_last_raw_median,pooled,20260919T091908.860186Z_8207ec6a,65,hiding,cpu,122.84291917893867,81.53727687326285,1.5065859921944547,1.428504356745397,True
first_div_last_raw_median,pooled,20260919T091917.584769Z_2aa586ac,66,sham,cpu,89.97187571032892,81.53727687326285,1.103444696223745,1.428504356745397,False
first_div_last_raw_median,pooled,20260919T091925.885116Z_c70e3be6,67,hiding,cpu,118.84299842192314,81.53727687326285,1.4575296475334378,1.428504356745397,True
first_div_last_raw_median,pooled,20260919T091928.463136Z_10c01a95,68,unloaded,baseline,84.33225120140601,81.53727687326285,1.034278485072386,1.428504356745397,False
first_div_last_raw_median,pooled,20260919T091936.661114Z_e0e9f716,69,sham,cpu,97.82688349854007,81.53727687326285,1.1997810970630882,1.428504356745397,False
first_div_last_raw_median,pooled,20260919T091938.743863Z_050d5fb4,70,unloaded,baseline,79.79158188955341,81.53727687326285,0.9785902221578622,1.428504356745397,False
first_div_last_raw_median,pooled,20260919T091947.006225Z_19ddfd76,71,sham,cpu,85.13194645921362,81.53727687326285,1.0440862109184506,1.428504356745397,False
first_div_last_raw_median,pooled,20260919T091949.192389Z_da005983,72,hiding,baseline,128.1894511658979,81.53727687326285,1.572157620190685,1.428504356745397,True
first_div_last_raw_median,pooled,20260919T091958.103040Z_bbcd360e,73,hiding,cpu,110.75865184689653,81.53727687326285,1.3583805603301395,1.428504356745397,False
first_div_last_raw_median,pooled,20260919T092000.710669Z_16832acd,74,sham,baseline,110.06221212121213,81.53727687326285,1.3498391943146064,1.428504356745397,False
first_div_last_raw_median,pooled,20260919T092002.966223Z_0310bf27,75,hiding,baseline,122.29231251186633,81.53727687326285,1.4998331708078858,1.428504356745397,True
first_div_last_raw_median,pooled,20260919T092011.977781Z_f73d5c6e,76,hiding,cpu,99.95434810649452,81.53727687326285,1.225873023229095,1.428504356745397,False
first_div_last_raw_median,pooled,20260919T092014.632827Z_3bf466d6,77,hiding,baseline,129.80199112146425,81.53727687326285,1.5919343409422597,1.428504356745397,True
first_div_last_raw_median,pooled,20260919T092023.339410Z_3d52c0ca,78,sham,cpu,85.67969335297478,81.53727687326285,1.0508039591038916,1.428504356745397,False
first_div_last_raw_median,pooled,20260919T092031.707413Z_b7c215e2,79,hiding,cpu,107.3627538038116,81.53727687326285,1.3167321490352257,1.428504356745397,False
first_div_last_raw_median,pooled,20260919T092040.378752Z_9b168dfc,80,unloaded,cpu,64.85741294630041,81.53727687326285,0.7954326589433601,1.428504356745397,False
first_div_last_raw_median,pooled,20260919T092042.407696Z_6350db11,81,sham,baseline,106.35929436590158,81.53727687326285,1.3044253922193247,1.428504356745397,False
first_div_last_raw_median,pooled,20260919T092050.755685Z_6e9eb041,82,hiding,cpu,101.92851595544619,81.53727687326285,1.2500848674880125,1.428504356745397,False
first_div_last_raw_median,pooled,20260919T092059.488351Z_852f64e5,83,sham,cpu,86.2785919815845,81.53727687326285,1.0581490490011247,1.428504356745397,False
first_div_last_raw_median,pooled,20260919T092107.705396Z_66eee11a,84,unloaded,cpu,79.8262126475985,81.53727687326285,0.9790149451725749,1.428504356745397,False
first_div_last_raw_median,pooled,20260919T092109.746607Z_a0ff1f24,85,unloaded,baseline,86.4548516357361,81.53727687326285,1.060310755412115,1.428504356745397,False
first_div_last_raw_median,pooled,20260919T092111.797808Z_5f3a95f0,86,sham,baseline,113.66272276526419,81.53727687326285,1.3939970418920833,1.428504356745397,False
first_div_last_raw_median,pooled,20260919T092114.033296Z_090576ae,87,hiding,baseline,130.74191762334436,81.53727687326285,1.603461908920046,1.428504356745397,True
first_div_last_raw_median,pooled,20260919T092116.655884Z_93e6b3b0,88,sham,baseline,113.11667230451502,81.53727687326285,1.3873000993194495,1.428504356745397,False
first_div_last_raw_median,pooled,20260919T092124.936548Z_c45ba886,89,sham,cpu,90.79376704659643,81.53727687326285,1.113524642081454,1.428504356745397,False
first_div_last_raw_median,pooled,20260919T092133.207728Z_42e0939b,90,sham,cpu,77.48597316070976,81.53727687326285,0.9503134778605592,1.428504356745397,False
first_div_last_raw_median,pooled,20260919T092135.274045Z_77e7c5f9,91,sham,baseline,111.27688052859264,81.53727687326285,1.3647362874474631,1.428504356745397,False
first_div_last_raw_median,pooled,20260919T092143.628749Z_aca35de2,92,unloaded,cpu,72.17630923463295,81.53727687326285,0.8851940118974039,1.428504356745397,False
first_div_last_raw_median,pooled,20260919T092151.829828Z_58776baf,93,unloaded,cpu,68.81267013141328,81.53727687326285,0.843941234858407,1.428504356745397,False
first_div_last_raw_median,pooled,20260919T092153.896791Z_ea7ce0a0,94,sham,baseline,109.33432524772812,81.53727687326285,1.340912150128235,1.428504356745397,False
first_div_last_raw_median,pooled,20260919T092155.950766Z_a592af37,95,unloaded,baseline,89.35444330835429,81.53727687326285,1.0958723020299295,1.428504356745397,False
first_div_last_raw_median,condition_stratified,20260919T091740.996812Z_b7180d5c,48,sham,baseline,112.19811416876351,85.60335336660512,1.310674287352548,1.3606517813827899,False
first_div_last_raw_median,condition_stratified,20260919T091749.261794Z_5be16b7a,49,sham,cpu,85.56440988145067,71.61709404018951,1.1947484190497077,1.467670905871827,False
first_div_last_raw_median,condition_stratified,20260919T091751.353834Z_4f63e80a,50,sham,baseline,106.85637576932848,85.60335336660512,1.2482732459288728,1.3606517813827899,False
first_div_last_raw_median,condition_stratified,20260919T091759.693538Z_e7b71d16,51,hiding,cpu,107.61678909131103,71.61709404018951,1.5026690280245034,1.467670905871827,True
first_div_last_raw_median,condition_stratified,20260919T091802.340106Z_dba02c8c,52,hiding,baseline,129.64639032527438,85.60335336660512,1.5145013042894528,1.3606517813827899,True
first_div_last_raw_median,condition_stratified,20260919T091804.935949Z_cdc3f4d8,53,unloaded,baseline,82.82250242483026,85.60335336660512,0.9675146961840901,1.3606517813827899,False
first_div_last_raw_median,condition_stratified,20260919T091813.068211Z_45889135,54,unloaded,cpu,76.00363252985073,71.61709404018951,1.0612498810297946,1.467670905871827,False
first_div_last_raw_median,condition_stratified,20260919T091821.287756Z_3199c5a1,55,unloaded,cpu,75.31178055228442,71.61709404018951,1.0515894502787497,1.467670905871827,False
first_div_last_raw_median,condition_stratified,20260919T091829.572504Z_24ca8872,56,hiding,cpu,102.70042923589313,71.61709404018951,1.4340211734681738,1.467670905871827,False
first_div_last_raw_median,condition_stratified,20260919T091832.240040Z_4b0e223d,57,hiding,baseline,143.08678913487572,85.60335336660512,1.6715091583164026,1.3606517813827899,True
first_div_last_raw_median,condition_stratified,20260919T091834.813104Z_cfd85f77,58,unloaded,baseline,86.26849510407872,85.60335336660512,1.0077700430101735,1.3606517813827899,False
first_div_last_raw_median,condition_stratified,20260919T091842.964747Z_03d80ae2,59,unloaded,cpu,76.99993858535919,71.61709404018951,1.0751614487757486,1.467670905871827,False
first_div_last_raw_median,condition_stratified,20260919T091845.121096Z_822dc945,60,hiding,baseline,132.09552454960073,85.60335336660512,1.5431115646122895,1.3606517813827899,True
first_div_last_raw_median,condition_stratified,20260919T091853.841401Z_20c07237,61,unloaded,cpu,73.13738468590427,71.61709404018951,1.0212280415184343,1.467670905871827,False
first_div_last_raw_median,condition_stratified,20260919T091856.005703Z_1d5ebf06,62,hiding,baseline,127.59577265510822,85.60335336660512,1.4905464288141408,1.3606517813827899,True
first_div_last_raw_median,condition_stratified,20260919T091858.531295Z_953f3012,63,unloaded,baseline,82.13589802001982,85.60335336660512,0.959493930900866,1.3606517813827899,False
first_div_last_raw_median,condition_stratified,20260919T091900.592185Z_ed613271,64,unloaded,baseline,86.28666024534616,85.60335336660512,1.0079822442914672,1.3606517813827899,False
first_div_last_raw_median,condition_stratified,20260919T091908.860186Z_8207ec6a,65,hiding,cpu,122.84291917893867,71.61709404018951,1.7152737181712883,1.467670905871827,True
first_div_last_raw_median,condition_stratified,20260919T091917.584769Z_2aa586ac,66,sham,cpu,89.97187571032892,71.61709404018951,1.2562905115898617,1.467670905871827,False
first_div_last_raw_median,condition_stratified,20260919T091925.885116Z_c70e3be6,67,hiding,cpu,118.84299842192314,71.61709404018951,1.6594222373115526,1.467670905871827,True
first_div_last_raw_median,condition_stratified,20260919T091928.463136Z_10c01a95,68,unloaded,baseline,84.33225120140601,85.60335336660512,0.9851512573373675,1.3606517813827899,False
first_div_last_raw_median,condition_stratified,20260919T091936.661114Z_e0e9f716,69,sham,cpu,97.82688349854007,71.61709404018951,1.3659711387290072,1.467670905871827,False
first_div_last_raw_median,condition_stratified,20260919T091938.743863Z_050d5fb4,70,unloaded,baseline,79.79158188955341,85.60335336660512,0.9321081330521924,1.3606517813827899,False
first_div_last_raw_median,condition_stratified,20260919T091947.006225Z_19ddfd76,71,sham,cpu,85.13194645921362,71.61709404018951,1.1887098687841195,1.467670905871827,False
first_div_last_raw_median,condition_stratified,20260919T091949.192389Z_da005983,72,hiding,baseline,128.1894511658979,85.60335336660512,1.497481653749164,1.3606517813827899,True
first_div_last_raw_median,condition_stratified,20260919T091958.103040Z_bbcd360e,73,hiding,cpu,110.75865184689653,71.61709404018951,1.5465393190170753,1.467670905871827,True
first_div_last_raw_median,condition_stratified,20260919T092000.710669Z_16832acd,74,sham,baseline,110.06221212121213,85.60335336660512,1.285723138086185,1.3606517813827899,False
first_div_last_raw_median,condition_stratified,20260919T092002.966223Z_0310bf27,75,hiding,baseline,122.29231251186633,85.60335336660512,1.4285925457632132,1.3606517813827899,True
first_div_last_raw_median,condition_stratified,20260919T092011.977781Z_f73d5c6e,76,hiding,cpu,99.95434810649452,71.61709404018951,1.3956772394367598,1.467670905871827,False
first_div_last_raw_median,condition_stratified,20260919T092014.632827Z_3bf466d6,77,hiding,baseline,129.80199112146425,85.60335336660512,1.516318999392161,1.3606517813827899,True
first_div_last_raw_median,condition_stratified,20260919T092023.339410Z_3d52c0ca,78,sham,cpu,85.67969335297478,71.61709404018951,1.196358139090281,1.467670905871827,False
first_div_last_raw_median,condition_stratified,20260919T092031.707413Z_b7c215e2,79,hiding,cpu,107.3627538038116,71.61709404018951,1.4991218960038035,1.467670905871827,True
first_div_last_raw_median,condition_stratified,20260919T092040.378752Z_9b168dfc,80,unloaded,cpu,64.85741294630041,71.61709404018951,0.9056135803262869,1.467670905871827,False
first_div_last_raw_median,condition_stratified,20260919T092042.407696Z_6350db11,81,sham,baseline,106.35929436590158,85.60335336660512,1.2424664476683176,1.3606517813827899,False
first_div_last_raw_median,condition_stratified,20260919T092050.755685Z_6e9eb041,82,hiding,cpu,101.92851595544619,71.61709404018951,1.4232428349891821,1.467670905871827,False
first_div_last_raw_median,condition_stratified,20260919T092059.488351Z_852f64e5,83,sham,cpu,86.2785919815845,71.61709404018951,1.204720648581013,1.467670905871827,False
first_div_last_raw_median,condition_stratified,20260919T092107.705396Z_66eee11a,84,unloaded,cpu,79.8262126475985,71.61709404018951,1.11462512850357,1.467670905871827,False
first_div_last_raw_median,condition_stratified,20260919T092109.746607Z_a0ff1f24,85,unloaded,baseline,86.4548516357361,85.60335336660512,1.009947020013157,1.3606517813827899,False
first_div_last_raw_median,condition_stratified,20260919T092111.797808Z_5f3a95f0,86,sham,baseline,113.66272276526419,85.60335336660512,1.3277835306111427,1.3606517813827899,False
first_div_last_raw_median,condition_stratified,20260919T092114.033296Z_090576ae,87,hiding,baseline,130.74191762334436,85.60335336660512,1.5272990190399285,1.3606517813827899,True
first_div_last_raw_median,condition_stratified,20260919T092116.655884Z_93e6b3b0,88,sham,baseline,113.11667230451502,85.60335336660512,1.3214046863337385,1.3606517813827899,False
first_div_last_raw_median,condition_stratified,20260919T092124.936548Z_c45ba886,89,sham,cpu,90.79376704659643,71.61709404018951,1.2677667010008185,1.467670905871827,False
first_div_last_raw_median,condition_stratified,20260919T092133.207728Z_42e0939b,90,sham,cpu,77.48597316070976,71.61709404018951,1.081948020918397,1.467670905871827,False
first_div_last_raw_median,condition_stratified,20260919T092135.274045Z_77e7c5f9,91,sham,baseline,111.27688052859264,85.60335336660512,1.2999126337030047,1.3606517813827899,False
first_div_last_raw_median,condition_stratified,20260919T092143.628749Z_aca35de2,92,unloaded,cpu,72.17630923463295,71.61709404018951,1.0078084038725394,1.467670905871827,False
first_div_last_raw_median,condition_stratified,20260919T092151.829828Z_58776baf,93,unloaded,cpu,68.81267013141328,71.61709404018951,0.9608414171733571,1.467670905871827,False
first_div_last_raw_median,condition_stratified,20260919T092153.896791Z_ea7ce0a0,94,sham,baseline,109.33432524772812,85.60335336660512,1.2772201198648454,1.3606517813827899,False
first_div_last_raw_median,condition_stratified,20260919T092155.950766Z_a592af37,95,unloaded,baseline,89.35444330835429,85.60335336660512,1.043819427560095,1.3606517813827899,False
