dataset,function,feature,quantile,boots,observations,pooled_out_of_boot_r2,mean_fold_r2,min_fold_r2
D2,filldir64,raw_wall_ns,0.1,5,600,0.010262855313135977,-1.0354944947576254,-3.0858846777201245
D2,filldir64,raw_wall_ns,0.2,5,600,0.02178817892020446,-0.5311988092039354,-1.454542032427013
D2,filldir64,raw_wall_ns,0.30000000000000004,5,600,0.07436247699996656,0.0461238096081056,-0.06405202558089762
D2,filldir64,raw_wall_ns,0.4,5,600,0.15441559812262695,0.23435496927674668,0.10556863753842571
D2,filldir64,raw_wall_ns,0.5,5,600,0.20821558743724777,0.3181510434899891,0.17805870446011696
D2,filldir64,raw_wall_ns,0.6000000000000001,5,600,0.21586819159210102,0.33300823175189936,0.18221511042056626
D2,filldir64,raw_wall_ns,0.7000000000000001,5,600,0.19073892797595815,0.29170873619993004,0.1675407321818595
D2,filldir64,raw_wall_ns,0.8,5,600,0.12880262405967802,0.09918240675579834,-0.04844463234388563
D2,filldir64,raw_wall_ns,0.9,5,600,0.45146870898026426,0.501860504353214,0.3978152201981784
D2,filldir64,oncpu_ns,0.1,5,600,0.010262855313135977,-1.0354944947576254,-3.0858846777201245
D2,filldir64,oncpu_ns,0.2,5,600,0.02178817892020446,-0.5311988092039354,-1.454542032427013
D2,filldir64,oncpu_ns,0.30000000000000004,5,600,0.07436247699996656,0.0461238096081056,-0.06405202558089762
D2,filldir64,oncpu_ns,0.4,5,600,0.15441559812262695,0.23435496927674668,0.10556863753842571
D2,filldir64,oncpu_ns,0.5,5,600,0.20821558743724777,0.3181510434899891,0.17805870446011696
D2,filldir64,oncpu_ns,0.6000000000000001,5,600,0.21586819159210102,0.33300823175189936,0.18221511042056626
D2,filldir64,oncpu_ns,0.7000000000000001,5,600,0.19073892797595815,0.29170873619993004,0.1675407321818595
D2,filldir64,oncpu_ns,0.8,5,600,0.12880262405967802,0.09918240675579834,-0.04844463234388563
D2,filldir64,oncpu_ns,0.9,5,600,0.45146870898026426,0.501860504353214,0.3978152201981784
D2,filldir64,irq_adjusted_wall_ns,0.1,5,600,0.010262855313135977,-1.0354944947576254,-3.0858846777201245
D2,filldir64,irq_adjusted_wall_ns,0.2,5,600,0.02178817892020446,-0.5311988092039354,-1.454542032427013
D2,filldir64,irq_adjusted_wall_ns,0.30000000000000004,5,600,0.07436247699996656,0.0461238096081056,-0.06405202558089762
D2,filldir64,irq_adjusted_wall_ns,0.4,5,600,0.15441559812262695,0.23435496927674668,0.10556863753842571
D2,filldir64,irq_adjusted_wall_ns,0.5,5,600,0.20821558743724777,0.3181510434899891,0.17805870446011696
D2,filldir64,irq_adjusted_wall_ns,0.6000000000000001,5,600,0.21586819159210102,0.33300823175189936,0.18221511042056626
D2,filldir64,irq_adjusted_wall_ns,0.7000000000000001,5,600,0.19073892797595815,0.29170873619993004,0.1675407321818595
D2,filldir64,irq_adjusted_wall_ns,0.8,5,600,0.12880262405967802,0.09918240675579834,-0.04844463234388563
D2,filldir64,irq_adjusted_wall_ns,0.9,5,600,0.45146870898026426,0.501860504353214,0.3978152201981784
D2,filldir64,accounted_exec_ns,0.1,5,600,0.010262855313135977,-1.0354944947576254,-3.0858846777201245
D2,filldir64,accounted_exec_ns,0.2,5,600,0.02178817892020446,-0.5311988092039354,-1.454542032427013
D2,filldir64,accounted_exec_ns,0.30000000000000004,5,600,0.07436247699996656,0.0461238096081056,-0.06405202558089762
D2,filldir64,accounted_exec_ns,0.4,5,600,0.15441559812262695,0.23435496927674668,0.10556863753842571
D2,filldir64,accounted_exec_ns,0.5,5,600,0.20821558743724777,0.3181510434899891,0.17805870446011696
D2,filldir64,accounted_exec_ns,0.6000000000000001,5,600,0.21586819159210102,0.33300823175189936,0.18221511042056626
D2,filldir64,accounted_exec_ns,0.7000000000000001,5,600,0.19073892797595815,0.29170873619993004,0.1675407321818595
D2,filldir64,accounted_exec_ns,0.8,5,600,0.12880262405967802,0.09918240675579834,-0.04844463234388563
D2,filldir64,accounted_exec_ns,0.9,5,600,0.45146870898026426,0.501860504353214,0.3978152201981784
D2,iterate_dir,raw_wall_ns,0.1,5,600,0.01240313234674828,-0.76334285070889,-2.2295394519386056
D2,iterate_dir,raw_wall_ns,0.2,5,600,0.1035779748490816,0.13408464716793086,0.08448803849735453
D2,iterate_dir,raw_wall_ns,0.30000000000000004,5,600,0.31573836156656865,0.4132331651490081,0.25915329234073126
D2,iterate_dir,raw_wall_ns,0.4,5,600,0.3937638573759358,0.4977600077372191,0.3132180143218434
D2,iterate_dir,raw_wall_ns,0.5,5,600,0.04725755357776129,0.041724820051083335,-0.03966126740762377
D2,iterate_dir,raw_wall_ns,0.6000000000000001,5,600,0.1009965814121877,0.14066650868782538,0.05691517875747776
D2,iterate_dir,raw_wall_ns,0.7000000000000001,5,600,0.21733766687083877,0.2958851242912831,0.11842667622258207
D2,iterate_dir,raw_wall_ns,0.8,5,600,0.22143220300903244,0.24306054549010617,0.156585422774549
D2,iterate_dir,raw_wall_ns,0.9,5,600,0.17693107666264696,0.19264997078907542,0.11681488078912816
D2,iterate_dir,oncpu_ns,0.1,5,600,0.01240313234674828,-0.76334285070889,-2.2295394519386056
D2,iterate_dir,oncpu_ns,0.2,5,600,0.1035779748490816,0.13408464716793086,0.08448803849735453
D2,iterate_dir,oncpu_ns,0.30000000000000004,5,600,0.31573836156656865,0.4132331651490081,0.25915329234073126
D2,iterate_dir,oncpu_ns,0.4,5,600,0.3937638573759358,0.4977600077372191,0.3132180143218434
D2,iterate_dir,oncpu_ns,0.5,5,600,0.04027358470440989,0.03497339638348083,-0.04348481834069151
D2,iterate_dir,oncpu_ns,0.6000000000000001,5,600,0.09990791622338957,0.13895573539885372,0.056645046329412585
D2,iterate_dir,oncpu_ns,0.7000000000000001,5,600,0.215932970516855,0.2948307669650069,0.11651805964144568
D2,iterate_dir,oncpu_ns,0.8,5,600,0.21991657001429488,0.24176111197238911,0.1553125092834997
D2,iterate_dir,oncpu_ns,0.9,5,600,0.1747516589785607,0.1904418354578145,0.11679001584728321
D2,iterate_dir,irq_adjusted_wall_ns,0.1,5,600,0.01240313234674828,-0.76334285070889,-2.2295394519386056
D2,iterate_dir,irq_adjusted_wall_ns,0.2,5,600,0.1035779748490816,0.13408464716793086,0.08448803849735453
D2,iterate_dir,irq_adjusted_wall_ns,0.30000000000000004,5,600,0.31573836156656865,0.4132331651490081,0.25915329234073126
D2,iterate_dir,irq_adjusted_wall_ns,0.4,5,600,0.3937638573759358,0.4977600077372191,0.3132180143218434
D2,iterate_dir,irq_adjusted_wall_ns,0.5,5,600,0.048284585420690584,0.042269790660186414,-0.03878494738105154
D2,iterate_dir,irq_adjusted_wall_ns,0.6000000000000001,5,600,0.1010109042677908,0.1411286658240306,0.056859763035789324
D2,iterate_dir,irq_adjusted_wall_ns,0.7000000000000001,5,600,0.21736337027550745,0.29584598462550815,0.11762364970076555
D2,iterate_dir,irq_adjusted_wall_ns,0.8,5,600,0.22089119884256536,0.24232668235274693,0.1561112213531436
D2,iterate_dir,irq_adjusted_wall_ns,0.9,5,600,0.17549495194235476,0.19142680899507547,0.11836997063373866
D2,iterate_dir,accounted_exec_ns,0.1,5,600,0.01240313234674828,-0.76334285070889,-2.2295394519386056
D2,iterate_dir,accounted_exec_ns,0.2,5,600,0.1035779748490816,0.13408464716793086,0.08448803849735453
D2,iterate_dir,accounted_exec_ns,0.30000000000000004,5,600,0.31573836156656865,0.4132331651490081,0.25915329234073126
D2,iterate_dir,accounted_exec_ns,0.4,5,600,0.3937638573759358,0.4977600077372191,0.3132180143218434
D2,iterate_dir,accounted_exec_ns,0.5,5,600,0.04096421947111206,0.03503875122601918,-0.04437973419197183
D2,iterate_dir,accounted_exec_ns,0.6000000000000001,5,600,0.09993138296324089,0.13940521575294862,0.056583787666082186
D2,iterate_dir,accounted_exec_ns,0.7000000000000001,5,600,0.215957767383948,0.2947925867849536,0.11571164702166359
D2,iterate_dir,accounted_exec_ns,0.8,5,600,0.2194734246859663,0.2411145423162587,0.15499139753582458
D2,iterate_dir,accounted_exec_ns,0.9,5,600,0.17333012878251963,0.18915729906138926,0.11827112760724157
D2,touch_atime,raw_wall_ns,0.1,5,600,0.01724692461554067,-1.2202725137563544,-3.6308106240093503
D2,touch_atime,raw_wall_ns,0.2,5,600,0.040841670039993394,-0.2833941017879246,-0.998170762502111
D2,touch_atime,raw_wall_ns,0.30000000000000004,5,600,0.1257662918878023,0.15039491037258967,0.09834085892882916
D2,touch_atime,raw_wall_ns,0.4,5,600,0.2804240313763383,0.3587448376865268,0.2260309015803864
D2,touch_atime,raw_wall_ns,0.5,5,600,0.4260977795973623,0.48271303236482516,0.35585268227003397
D2,touch_atime,raw_wall_ns,0.6000000000000001,5,600,0.5393740177215633,0.5678814286463085,0.4545555582831261
D2,touch_atime,raw_wall_ns,0.7000000000000001,5,600,0.6108305730543482,0.623937912479815,0.5267597179330584
D2,touch_atime,raw_wall_ns,0.8,5,600,0.6509029838701623,0.6498499093858395,0.5828438514539416
D2,touch_atime,raw_wall_ns,0.9,5,600,0.44955030486664704,0.4503362530305234,0.38254165234480064
D2,touch_atime,oncpu_ns,0.1,5,600,0.01724692461554067,-1.2202725137563544,-3.6308106240093503
D2,touch_atime,oncpu_ns,0.2,5,600,0.040841670039993394,-0.2833941017879246,-0.998170762502111
D2,touch_atime,oncpu_ns,0.30000000000000004,5,600,0.1257662918878023,0.15039491037258967,0.09834085892882916
D2,touch_atime,oncpu_ns,0.4,5,600,0.2804240313763383,0.3587448376865268,0.2260309015803864
D2,touch_atime,oncpu_ns,0.5,5,600,0.4260977795973623,0.48271303236482516,0.35585268227003397
D2,touch_atime,oncpu_ns,0.6000000000000001,5,600,0.5393740177215633,0.5678814286463085,0.4545555582831261
D2,touch_atime,oncpu_ns,0.7000000000000001,5,600,0.6108305730543482,0.623937912479815,0.5267597179330584
D2,touch_atime,oncpu_ns,0.8,5,600,0.6509029838701623,0.6498499093858395,0.5828438514539416
D2,touch_atime,oncpu_ns,0.9,5,600,0.44955030486664704,0.4503362530305234,0.38254165234480064
D2,touch_atime,irq_adjusted_wall_ns,0.1,5,600,0.01724692461554067,-1.2202725137563544,-3.6308106240093503
D2,touch_atime,irq_adjusted_wall_ns,0.2,5,600,0.040841670039993394,-0.2833941017879246,-0.998170762502111
D2,touch_atime,irq_adjusted_wall_ns,0.30000000000000004,5,600,0.1257662918878023,0.15039491037258967,0.09834085892882916
D2,touch_atime,irq_adjusted_wall_ns,0.4,5,600,0.2804240313763383,0.3587448376865268,0.2260309015803864
D2,touch_atime,irq_adjusted_wall_ns,0.5,5,600,0.4260977795973623,0.48271303236482516,0.35585268227003397
D2,touch_atime,irq_adjusted_wall_ns,0.6000000000000001,5,600,0.5393740177215633,0.5678814286463085,0.4545555582831261
D2,touch_atime,irq_adjusted_wall_ns,0.7000000000000001,5,600,0.6108305730543482,0.623937912479815,0.5267597179330584
D2,touch_atime,irq_adjusted_wall_ns,0.8,5,600,0.6509029838701623,0.6498499093858395,0.5828438514539416
D2,touch_atime,irq_adjusted_wall_ns,0.9,5,600,0.44956800799207175,0.45037062887545887,0.382553826838007
D2,touch_atime,accounted_exec_ns,0.1,5,600,0.01724692461554067,-1.2202725137563544,-3.6308106240093503
D2,touch_atime,accounted_exec_ns,0.2,5,600,0.040841670039993394,-0.2833941017879246,-0.998170762502111
D2,touch_atime,accounted_exec_ns,0.30000000000000004,5,600,0.1257662918878023,0.15039491037258967,0.09834085892882916
D2,touch_atime,accounted_exec_ns,0.4,5,600,0.2804240313763383,0.3587448376865268,0.2260309015803864
D2,touch_atime,accounted_exec_ns,0.5,5,600,0.4260977795973623,0.48271303236482516,0.35585268227003397
D2,touch_atime,accounted_exec_ns,0.6000000000000001,5,600,0.5393740177215633,0.5678814286463085,0.4545555582831261
D2,touch_atime,accounted_exec_ns,0.7000000000000001,5,600,0.6108305730543482,0.623937912479815,0.5267597179330584
D2,touch_atime,accounted_exec_ns,0.8,5,600,0.6509029838701623,0.6498499093858395,0.5828438514539416
D2,touch_atime,accounted_exec_ns,0.9,5,600,0.44956800799207175,0.45037062887545887,0.382553826838007
D3-r1-test,filldir64,raw_wall_ns,0.1,5,600,0.00490900643670078,0.010462430995829664,-0.018686000915798084
D3-r1-test,filldir64,raw_wall_ns,0.2,5,600,0.04478187109493459,0.057323525237265985,0.01189869878979155
D3-r1-test,filldir64,raw_wall_ns,0.30000000000000004,5,600,0.053228620689544925,0.06529187009186262,0.02693149899377323
D3-r1-test,filldir64,raw_wall_ns,0.4,5,600,0.043359588246460135,0.049220655657728776,-0.0009930765926087215
D3-r1-test,filldir64,raw_wall_ns,0.5,5,600,0.023974874435593763,0.02174067308309784,-0.041459113748465226
D3-r1-test,filldir64,raw_wall_ns,0.6000000000000001,5,600,0.01303856794962066,0.006607408625126587,-0.057744526449646116
D3-r1-test,filldir64,raw_wall_ns,0.7000000000000001,5,600,0.006604552783348039,-0.00499096668517125,-0.058940379621858385
D3-r1-test,filldir64,raw_wall_ns,0.8,5,600,0.005510859770816112,-0.006159722272189749,-0.07608122491022384
D3-r1-test,filldir64,raw_wall_ns,0.9,5,600,-0.0064615174232884875,-0.04089022399808586,-0.17722272771425973
D3-r1-test,filldir64,oncpu_ns,0.1,5,600,0.00490900643670078,0.010462430995829664,-0.018686000915798084
D3-r1-test,filldir64,oncpu_ns,0.2,5,600,0.04478187109493459,0.057323525237265985,0.01189869878979155
D3-r1-test,filldir64,oncpu_ns,0.30000000000000004,5,600,0.053228620689544925,0.06529187009186262,0.02693149899377323
D3-r1-test,filldir64,oncpu_ns,0.4,5,600,0.043359588246460135,0.049220655657728776,-0.0009930765926087215
D3-r1-test,filldir64,oncpu_ns,0.5,5,600,0.023974874435593763,0.02174067308309784,-0.041459113748465226
D3-r1-test,filldir64,oncpu_ns,0.6000000000000001,5,600,0.01303856794962066,0.006607408625126587,-0.057744526449646116
D3-r1-test,filldir64,oncpu_ns,0.7000000000000001,5,600,0.006604552783348039,-0.00499096668517125,-0.058940379621858385
D3-r1-test,filldir64,oncpu_ns,0.8,5,600,0.005510859770816112,-0.006159722272189749,-0.07608122491022384
D3-r1-test,filldir64,oncpu_ns,0.9,5,600,-0.0064615174232884875,-0.04089022399808586,-0.17722272771425973
D3-r1-test,filldir64,irq_adjusted_wall_ns,0.1,5,600,0.00490900643670078,0.010462430995829664,-0.018686000915798084
D3-r1-test,filldir64,irq_adjusted_wall_ns,0.2,5,600,0.04478187109493459,0.057323525237265985,0.01189869878979155
D3-r1-test,filldir64,irq_adjusted_wall_ns,0.30000000000000004,5,600,0.053228620689544925,0.06529187009186262,0.02693149899377323
D3-r1-test,filldir64,irq_adjusted_wall_ns,0.4,5,600,0.043359588246460135,0.049220655657728776,-0.0009930765926087215
D3-r1-test,filldir64,irq_adjusted_wall_ns,0.5,5,600,0.023974874435593763,0.02174067308309784,-0.041459113748465226
D3-r1-test,filldir64,irq_adjusted_wall_ns,0.6000000000000001,5,600,0.01303856794962066,0.006607408625126587,-0.057744526449646116
D3-r1-test,filldir64,irq_adjusted_wall_ns,0.7000000000000001,5,600,0.006604552783348039,-0.00499096668517125,-0.058940379621858385
D3-r1-test,filldir64,irq_adjusted_wall_ns,0.8,5,600,0.005510859770816112,-0.006159722272189749,-0.07608122491022384
D3-r1-test,filldir64,irq_adjusted_wall_ns,0.9,5,600,-0.0064615174232884875,-0.04089022399808586,-0.17722272771425973
D3-r1-test,filldir64,accounted_exec_ns,0.1,5,600,0.00490900643670078,0.010462430995829664,-0.018686000915798084
D3-r1-test,filldir64,accounted_exec_ns,0.2,5,600,0.04478187109493459,0.057323525237265985,0.01189869878979155
D3-r1-test,filldir64,accounted_exec_ns,0.30000000000000004,5,600,0.053228620689544925,0.06529187009186262,0.02693149899377323
D3-r1-test,filldir64,accounted_exec_ns,0.4,5,600,0.043359588246460135,0.049220655657728776,-0.0009930765926087215
D3-r1-test,filldir64,accounted_exec_ns,0.5,5,600,0.023974874435593763,0.02174067308309784,-0.041459113748465226
D3-r1-test,filldir64,accounted_exec_ns,0.6000000000000001,5,600,0.01303856794962066,0.006607408625126587,-0.057744526449646116
D3-r1-test,filldir64,accounted_exec_ns,0.7000000000000001,5,600,0.006604552783348039,-0.00499096668517125,-0.058940379621858385
D3-r1-test,filldir64,accounted_exec_ns,0.8,5,600,0.005510859770816112,-0.006159722272189749,-0.07608122491022384
D3-r1-test,filldir64,accounted_exec_ns,0.9,5,600,-0.0064615174232884875,-0.04089022399808586,-0.17722272771425973
D3-r1-test,iterate_dir,raw_wall_ns,0.1,5,600,0.03999379912548906,0.05535392943899655,-0.004110203053482753
D3-r1-test,iterate_dir,raw_wall_ns,0.2,5,600,0.05001862028946924,0.05845744944098794,0.03197708615008987
D3-r1-test,iterate_dir,raw_wall_ns,0.30000000000000004,5,600,0.02033577992970126,-0.0026593434939674587,-0.1329010136657518
D3-r1-test,iterate_dir,raw_wall_ns,0.4,5,600,-0.003332992148232128,-0.033246923814831006,-0.11839203217478711
D3-r1-test,iterate_dir,raw_wall_ns,0.5,5,600,0.013624541206796681,0.013302594482022001,-0.01190703644748492
D3-r1-test,iterate_dir,raw_wall_ns,0.6000000000000001,5,600,0.04784404428955491,0.0468321033770964,-0.03331121293961403
D3-r1-test,iterate_dir,raw_wall_ns,0.7000000000000001,5,600,-0.00293835634387718,-0.012817033204687078,-0.0979509800920495
D3-r1-test,iterate_dir,raw_wall_ns,0.8,5,600,-0.024001865918365173,0.005936789381801111,-0.053888587219478534
D3-r1-test,iterate_dir,raw_wall_ns,0.9,5,600,-0.017850240182812227,0.06106507208205216,-0.09558313791286244
D3-r1-test,iterate_dir,oncpu_ns,0.1,5,600,0.03999379912548906,0.05535392943899655,-0.004110203053482753
D3-r1-test,iterate_dir,oncpu_ns,0.2,5,600,0.05001862028946924,0.05845744944098794,0.03197708615008987
D3-r1-test,iterate_dir,oncpu_ns,0.30000000000000004,5,600,0.02033577992970126,-0.0026593434939674587,-0.1329010136657518
D3-r1-test,iterate_dir,oncpu_ns,0.4,5,600,-0.003332992148232128,-0.033246923814831006,-0.11839203217478711
D3-r1-test,iterate_dir,oncpu_ns,0.5,5,600,-0.018072845149492034,-0.014190727957925442,-0.09025398547100827
D3-r1-test,iterate_dir,oncpu_ns,0.6000000000000001,5,600,0.04541871685724763,0.04319044593416106,-0.0418066421700134
D3-r1-test,iterate_dir,oncpu_ns,0.7000000000000001,5,600,-0.0036279913957761867,-0.013624007331134868,-0.09884916121127119
D3-r1-test,iterate_dir,oncpu_ns,0.8,5,600,-0.023894724936499134,0.006722435720880937,-0.05454100285960739
D3-r1-test,iterate_dir,oncpu_ns,0.9,5,600,-0.01614747386870219,0.06549483733454826,-0.0973184780919536
D3-r1-test,iterate_dir,irq_adjusted_wall_ns,0.1,5,600,0.03999379912548906,0.05535392943899655,-0.004110203053482753
D3-r1-test,iterate_dir,irq_adjusted_wall_ns,0.2,5,600,0.05001862028946924,0.05845744944098794,0.03197708615008987
D3-r1-test,iterate_dir,irq_adjusted_wall_ns,0.30000000000000004,5,600,0.02033577992970126,-0.0026593434939674587,-0.1329010136657518
D3-r1-test,iterate_dir,irq_adjusted_wall_ns,0.4,5,600,-0.003332992148232128,-0.033246923814831006,-0.11839203217478711
D3-r1-test,iterate_dir,irq_adjusted_wall_ns,0.5,5,600,0.01014558397717924,0.010298204337116212,-0.009378392136115021
D3-r1-test,iterate_dir,irq_adjusted_wall_ns,0.6000000000000001,5,600,0.04763671715702866,0.0464076147453341,-0.03440446865250113
D3-r1-test,iterate_dir,irq_adjusted_wall_ns,0.7000000000000001,5,600,-0.003129211769867579,-0.013240421605351637,-0.09938131120448102
D3-r1-test,iterate_dir,irq_adjusted_wall_ns,0.8,5,600,-0.02457336511079178,0.00452293379657911,-0.05367192143631949
D3-r1-test,iterate_dir,irq_adjusted_wall_ns,0.9,5,600,-0.019615579103418046,0.06000174440434984,-0.09822707366593364
D3-r1-test,iterate_dir,accounted_exec_ns,0.1,5,600,0.03999379912548906,0.05535392943899655,-0.004110203053482753
D3-r1-test,iterate_dir,accounted_exec_ns,0.2,5,600,0.05001862028946924,0.05845744944098794,0.03197708615008987
D3-r1-test,iterate_dir,accounted_exec_ns,0.30000000000000004,5,600,0.02033577992970126,-0.0026593434939674587,-0.1329010136657518
D3-r1-test,iterate_dir,accounted_exec_ns,0.4,5,600,-0.003332992148232128,-0.033246923814831006,-0.11839203217478711
D3-r1-test,iterate_dir,accounted_exec_ns,0.5,5,600,-0.02497180754760997,-0.020692267671910347,-0.11301983825888828
D3-r1-test,iterate_dir,accounted_exec_ns,0.6000000000000001,5,600,0.04504783507781973,0.042587466643284236,-0.04236686657499322
D3-r1-test,iterate_dir,accounted_exec_ns,0.7000000000000001,5,600,-0.003833166860529591,-0.013978589737459579,-0.0998477828545099
D3-r1-test,iterate_dir,accounted_exec_ns,0.8,5,600,-0.024362717755656016,0.005385804498523905,-0.05416617710421234
D3-r1-test,iterate_dir,accounted_exec_ns,0.9,5,600,-0.01746127387519869,0.06401921994989841,-0.09832132911611136
D3-r1-test,touch_atime,raw_wall_ns,0.1,5,600,0.08013902426215436,0.10212041485579307,-0.0030492425823689384
D3-r1-test,touch_atime,raw_wall_ns,0.2,5,600,0.11612073509785625,0.17592764307493455,0.0014080199158565954
D3-r1-test,touch_atime,raw_wall_ns,0.30000000000000004,5,600,0.10601659723801571,0.1489150710897446,0.04179483150722718
D3-r1-test,touch_atime,raw_wall_ns,0.4,5,600,0.09527055670956164,0.1100832530657608,0.03818114832457298
D3-r1-test,touch_atime,raw_wall_ns,0.5,5,600,0.07686412589776903,0.06523064264303632,-0.07611190039455895
D3-r1-test,touch_atime,raw_wall_ns,0.6000000000000001,5,600,0.04532978548425126,-0.023005899491946757,-0.25365496421358547
D3-r1-test,touch_atime,raw_wall_ns,0.7000000000000001,5,600,-0.011180475709911208,-0.24394865911604846,-0.5682858315001256
D3-r1-test,touch_atime,raw_wall_ns,0.8,5,600,-0.057604199859581984,-0.12088349315311966,-0.34981782763325264
D3-r1-test,touch_atime,raw_wall_ns,0.9,5,600,0.7644644917390693,0.7495703130091894,0.5961980593534038
D3-r1-test,touch_atime,oncpu_ns,0.1,5,600,0.08013902426215436,0.10212041485579307,-0.0030492425823689384
D3-r1-test,touch_atime,oncpu_ns,0.2,5,600,0.11612073509785625,0.17592764307493455,0.0014080199158565954
D3-r1-test,touch_atime,oncpu_ns,0.30000000000000004,5,600,0.10601659723801571,0.1489150710897446,0.04179483150722718
D3-r1-test,touch_atime,oncpu_ns,0.4,5,600,0.09527055670956164,0.1100832530657608,0.03818114832457298
D3-r1-test,touch_atime,oncpu_ns,0.5,5,600,0.07686412589776903,0.06523064264303632,-0.07611190039455895
D3-r1-test,touch_atime,oncpu_ns,0.6000000000000001,5,600,0.04532978548425126,-0.023005899491946757,-0.25365496421358547
D3-r1-test,touch_atime,oncpu_ns,0.7000000000000001,5,600,-0.011180475709911208,-0.24394865911604846,-0.5682858315001256
D3-r1-test,touch_atime,oncpu_ns,0.8,5,600,-0.057604199859581984,-0.12088349315311966,-0.34981782763325264
D3-r1-test,touch_atime,oncpu_ns,0.9,5,600,0.7644692201367713,0.7495760568678381,0.5962195582093803
D3-r1-test,touch_atime,irq_adjusted_wall_ns,0.1,5,600,0.08013902426215436,0.10212041485579307,-0.0030492425823689384
D3-r1-test,touch_atime,irq_adjusted_wall_ns,0.2,5,600,0.11612073509785625,0.17592764307493455,0.0014080199158565954
D3-r1-test,touch_atime,irq_adjusted_wall_ns,0.30000000000000004,5,600,0.10601659723801571,0.1489150710897446,0.04179483150722718
D3-r1-test,touch_atime,irq_adjusted_wall_ns,0.4,5,600,0.09527055670956164,0.1100832530657608,0.03818114832457298
D3-r1-test,touch_atime,irq_adjusted_wall_ns,0.5,5,600,0.07686412589776903,0.06523064264303632,-0.07611190039455895
D3-r1-test,touch_atime,irq_adjusted_wall_ns,0.6000000000000001,5,600,0.04532978548425126,-0.023005899491946757,-0.25365496421358547
D3-r1-test,touch_atime,irq_adjusted_wall_ns,0.7000000000000001,5,600,-0.011180475709911208,-0.24394865911604846,-0.5682858315001256
D3-r1-test,touch_atime,irq_adjusted_wall_ns,0.8,5,600,-0.057604199859581984,-0.12088349315311966,-0.34981782763325264
D3-r1-test,touch_atime,irq_adjusted_wall_ns,0.9,5,600,0.7644446950937689,0.7495387070236592,0.596093262074978
D3-r1-test,touch_atime,accounted_exec_ns,0.1,5,600,0.08013902426215436,0.10212041485579307,-0.0030492425823689384
D3-r1-test,touch_atime,accounted_exec_ns,0.2,5,600,0.11612073509785625,0.17592764307493455,0.0014080199158565954
D3-r1-test,touch_atime,accounted_exec_ns,0.30000000000000004,5,600,0.10601659723801571,0.1489150710897446,0.04179483150722718
D3-r1-test,touch_atime,accounted_exec_ns,0.4,5,600,0.09527055670956164,0.1100832530657608,0.03818114832457298
D3-r1-test,touch_atime,accounted_exec_ns,0.5,5,600,0.07686412589776903,0.06523064264303632,-0.07611190039455895
D3-r1-test,touch_atime,accounted_exec_ns,0.6000000000000001,5,600,0.04532978548425126,-0.023005899491946757,-0.25365496421358547
D3-r1-test,touch_atime,accounted_exec_ns,0.7000000000000001,5,600,-0.011180475709911208,-0.24394865911604846,-0.5682858315001256
D3-r1-test,touch_atime,accounted_exec_ns,0.8,5,600,-0.057604199859581984,-0.12088349315311966,-0.34981782763325264
D3-r1-test,touch_atime,accounted_exec_ns,0.9,5,600,0.7644494291794269,0.7495444562304222,0.5961147629500745
