position,state,condition_for_audit_only,stratum,cpu_busy_fraction,score,threshold,alert
48,hiding,baseline,low,0.20754716981132076,0.5431740454809366,0.41750795613157105,True
49,hiding,cpu,high,1.0,0.5675026794033942,0.38700965248676217,True
50,unloaded,baseline,low,0.20689655172413793,0.006992904124151891,0.41750795613157105,False
51,unloaded,baseline,low,0.175,0.18715215432834809,0.41750795613157105,False
52,hiding,baseline,low,0.18518518518518517,0.6105115610874174,0.41750795613157105,True
53,unloaded,cpu,high,1.0,-0.0784842652175693,0.38700965248676217,False
54,hiding,baseline,low,0.19230769230769232,0.5531329694209781,0.41750795613157105,True
55,sham,baseline,low,0.22413793103448276,0.31386835209621344,0.41750795613157105,False
56,sham,cpu,high,1.0,0.25644793153313145,0.38700965248676217,False
57,unloaded,baseline,low,0.18181818181818182,-0.12928454733352435,0.41750795613157105,False
58,unloaded,cpu,high,1.0,-0.05765421548932756,0.38700965248676217,False
59,sham,baseline,low,0.1864406779661017,0.3858006212607876,0.41750795613157105,False
60,unloaded,cpu,high,1.0,0.062001425976307506,0.38700965248676217,False
61,sham,baseline,low,0.17543859649122806,0.2746961903152046,0.41750795613157105,False
62,unloaded,baseline,low,0.23076923076923078,-0.0355857984690645,0.41750795613157105,False
63,unloaded,cpu,high,1.0,-0.030772923933258093,0.38700965248676217,False
64,hiding,cpu,high,1.0,0.6329165315428198,0.38700965248676217,True
65,hiding,cpu,high,1.0,0.666614371356061,0.38700965248676217,True
66,sham,baseline,low,0.1875,0.3164969619005357,0.41750795613157105,False
67,sham,baseline,low,0.21666666666666667,0.22508740696532842,0.41750795613157105,False
68,sham,baseline,low,0.21311475409836064,0.33519615330392816,0.41750795613157105,False
69,hiding,cpu,high,1.0,0.5546029899362273,0.38700965248676217,True
70,sham,cpu,high,1.0,0.34349650234988727,0.38700965248676217,False
71,hiding,cpu,high,1.0,0.5465545415717983,0.38700965248676217,True
72,sham,cpu,high,1.0,0.379156903694696,0.38700965248676217,False
73,sham,cpu,high,1.0,0.2704255727246877,0.38700965248676217,False
74,sham,cpu,high,1.0,0.37401566118949725,0.38700965248676217,False
75,unloaded,cpu,high,0.9912280701754386,0.05401305185393608,0.38700965248676217,False
76,sham,baseline,low,0.1864406779661017,0.26553632798704613,0.41750795613157105,False
77,hiding,baseline,low,0.21052631578947367,0.5283761133135871,0.41750795613157105,True
78,unloaded,cpu,high,1.0,-0.06778524436755035,0.38700965248676217,False
79,unloaded,cpu,high,1.0,-0.05761131851615359,0.38700965248676217,False
80,unloaded,cpu,high,1.0,0.0005235449473857991,0.38700965248676217,False
81,sham,cpu,high,1.0,0.27652506693103274,0.38700965248676217,False
82,hiding,cpu,high,1.0,0.6632279119157843,0.38700965248676217,True
83,sham,cpu,high,1.0,0.28855065258367024,0.38700965248676217,False
84,unloaded,baseline,low,0.19480519480519481,0.10489862587987478,0.41750795613157105,False
85,hiding,cpu,high,1.0,0.5680156725734391,0.38700965248676217,True
86,hiding,baseline,low,0.20408163265306123,0.7050611117575122,0.41750795613157105,True
87,hiding,cpu,high,1.0,0.6361133683646669,0.38700965248676217,True
88,hiding,baseline,low,0.21818181818181817,0.6713781184814673,0.41750795613157105,True
89,unloaded,baseline,low,0.23529411764705882,0.08786115327315894,0.41750795613157105,False
90,sham,baseline,low,0.21428571428571427,0.1972998017989545,0.41750795613157105,False
91,sham,cpu,high,1.0,0.1919221518769929,0.38700965248676217,False
92,hiding,baseline,low,0.18181818181818182,0.6543197077809603,0.41750795613157105,True
93,hiding,baseline,low,0.19402985074626866,0.568999138524823,0.41750795613157105,True
94,unloaded,baseline,low,0.20689655172413793,-0.027012850030498865,0.41750795613157105,False
95,unloaded,baseline,low,0.2413793103448276,-0.0589752974541923,0.41750795613157105,False
