dataset,boot,condition,feature,normal_n,rootkit_n,rootkit_auc,rootkit_strength,direction
D2,1139a552-b844-4d1a-a00f-d77cd07994ea,baseline,all_q10_ns,30,30,1.0,1.0,up
D2,1139a552-b844-4d1a-a00f-d77cd07994ea,baseline,first_q10_ns,30,30,0.06666666666666667,0.8666666666666667,down
D2,1139a552-b844-4d1a-a00f-d77cd07994ea,baseline,first_median_ns,30,30,0.03111111111111111,0.9377777777777778,down
D2,1139a552-b844-4d1a-a00f-d77cd07994ea,baseline,first_q90_ns,30,30,0.034444444444444444,0.9311111111111111,down
D2,1139a552-b844-4d1a-a00f-d77cd07994ea,cpu,all_q10_ns,30,30,1.0,1.0,up
D2,1139a552-b844-4d1a-a00f-d77cd07994ea,cpu,first_q10_ns,30,30,0.0,1.0,down
D2,1139a552-b844-4d1a-a00f-d77cd07994ea,cpu,first_median_ns,30,30,0.0,1.0,down
D2,1139a552-b844-4d1a-a00f-d77cd07994ea,cpu,first_q90_ns,30,30,0.0,1.0,down
D2,1139a552-b844-4d1a-a00f-d77cd07994ea,memory,all_q10_ns,30,30,1.0,1.0,up
D2,1139a552-b844-4d1a-a00f-d77cd07994ea,memory,first_q10_ns,30,30,0.0,1.0,down
D2,1139a552-b844-4d1a-a00f-d77cd07994ea,memory,first_median_ns,30,30,0.0,1.0,down
D2,1139a552-b844-4d1a-a00f-d77cd07994ea,memory,first_q90_ns,30,30,0.023333333333333334,0.9533333333333334,down
D2,1139a552-b844-4d1a-a00f-d77cd07994ea,mixed,all_q10_ns,30,30,1.0,1.0,up
D2,1139a552-b844-4d1a-a00f-d77cd07994ea,mixed,first_q10_ns,30,30,0.0,1.0,down
D2,1139a552-b844-4d1a-a00f-d77cd07994ea,mixed,first_median_ns,30,30,0.0,1.0,down
D2,1139a552-b844-4d1a-a00f-d77cd07994ea,mixed,first_q90_ns,30,30,0.0,1.0,down
D2,326e444b-dd39-4b03-81d0-5f7187a4ff16,baseline,all_q10_ns,30,30,1.0,1.0,up
D2,326e444b-dd39-4b03-81d0-5f7187a4ff16,baseline,first_q10_ns,30,30,0.0,1.0,down
D2,326e444b-dd39-4b03-81d0-5f7187a4ff16,baseline,first_median_ns,30,30,0.0,1.0,down
D2,326e444b-dd39-4b03-81d0-5f7187a4ff16,baseline,first_q90_ns,30,30,0.0,1.0,down
D2,326e444b-dd39-4b03-81d0-5f7187a4ff16,cpu,all_q10_ns,30,30,1.0,1.0,up
D2,326e444b-dd39-4b03-81d0-5f7187a4ff16,cpu,first_q10_ns,30,30,0.0,1.0,down
D2,326e444b-dd39-4b03-81d0-5f7187a4ff16,cpu,first_median_ns,30,30,0.0,1.0,down
D2,326e444b-dd39-4b03-81d0-5f7187a4ff16,cpu,first_q90_ns,30,30,0.0,1.0,down
D2,326e444b-dd39-4b03-81d0-5f7187a4ff16,memory,all_q10_ns,30,30,1.0,1.0,up
D2,326e444b-dd39-4b03-81d0-5f7187a4ff16,memory,first_q10_ns,30,30,0.0,1.0,down
D2,326e444b-dd39-4b03-81d0-5f7187a4ff16,memory,first_median_ns,30,30,0.0,1.0,down
D2,326e444b-dd39-4b03-81d0-5f7187a4ff16,memory,first_q90_ns,30,30,0.03222222222222222,0.9355555555555556,down
D2,326e444b-dd39-4b03-81d0-5f7187a4ff16,mixed,all_q10_ns,30,30,1.0,1.0,up
D2,326e444b-dd39-4b03-81d0-5f7187a4ff16,mixed,first_q10_ns,30,30,0.0,1.0,down
D2,326e444b-dd39-4b03-81d0-5f7187a4ff16,mixed,first_median_ns,30,30,0.0,1.0,down
D2,326e444b-dd39-4b03-81d0-5f7187a4ff16,mixed,first_q90_ns,30,30,0.0,1.0,down
D2,528c526d-4dd2-47ae-8cc5-3db3c161e654,baseline,all_q10_ns,30,30,1.0,1.0,up
D2,528c526d-4dd2-47ae-8cc5-3db3c161e654,baseline,first_q10_ns,30,30,0.03333333333333333,0.9333333333333333,down
D2,528c526d-4dd2-47ae-8cc5-3db3c161e654,baseline,first_median_ns,30,30,0.028888888888888888,0.9422222222222222,down
D2,528c526d-4dd2-47ae-8cc5-3db3c161e654,baseline,first_q90_ns,30,30,0.03333333333333333,0.9333333333333333,down
D2,528c526d-4dd2-47ae-8cc5-3db3c161e654,cpu,all_q10_ns,30,30,1.0,1.0,up
D2,528c526d-4dd2-47ae-8cc5-3db3c161e654,cpu,first_q10_ns,30,30,0.0,1.0,down
D2,528c526d-4dd2-47ae-8cc5-3db3c161e654,cpu,first_median_ns,30,30,0.0,1.0,down
D2,528c526d-4dd2-47ae-8cc5-3db3c161e654,cpu,first_q90_ns,30,30,0.0,1.0,down
D2,528c526d-4dd2-47ae-8cc5-3db3c161e654,memory,all_q10_ns,30,30,1.0,1.0,up
D2,528c526d-4dd2-47ae-8cc5-3db3c161e654,memory,first_q10_ns,30,30,0.03333333333333333,0.9333333333333333,down
D2,528c526d-4dd2-47ae-8cc5-3db3c161e654,memory,first_median_ns,30,30,0.0,1.0,down
D2,528c526d-4dd2-47ae-8cc5-3db3c161e654,memory,first_q90_ns,30,30,0.013333333333333334,0.9733333333333334,down
D2,528c526d-4dd2-47ae-8cc5-3db3c161e654,mixed,all_q10_ns,30,30,1.0,1.0,up
D2,528c526d-4dd2-47ae-8cc5-3db3c161e654,mixed,first_q10_ns,30,30,0.0,1.0,down
D2,528c526d-4dd2-47ae-8cc5-3db3c161e654,mixed,first_median_ns,30,30,0.0,1.0,down
D2,528c526d-4dd2-47ae-8cc5-3db3c161e654,mixed,first_q90_ns,30,30,0.0,1.0,down
D2,896059f8-621f-4b22-8deb-daaeb98f7d22,baseline,all_q10_ns,30,30,0.9666666666666667,0.9333333333333333,up
D2,896059f8-621f-4b22-8deb-daaeb98f7d22,baseline,first_q10_ns,30,30,0.0,1.0,down
D2,896059f8-621f-4b22-8deb-daaeb98f7d22,baseline,first_median_ns,30,30,0.0,1.0,down
D2,896059f8-621f-4b22-8deb-daaeb98f7d22,baseline,first_q90_ns,30,30,0.0,1.0,down
D2,896059f8-621f-4b22-8deb-daaeb98f7d22,cpu,all_q10_ns,30,30,1.0,1.0,up
D2,896059f8-621f-4b22-8deb-daaeb98f7d22,cpu,first_q10_ns,30,30,0.03333333333333333,0.9333333333333333,down
D2,896059f8-621f-4b22-8deb-daaeb98f7d22,cpu,first_median_ns,30,30,0.03333333333333333,0.9333333333333333,down
D2,896059f8-621f-4b22-8deb-daaeb98f7d22,cpu,first_q90_ns,30,30,0.022222222222222223,0.9555555555555556,down
D2,896059f8-621f-4b22-8deb-daaeb98f7d22,memory,all_q10_ns,30,30,0.9666666666666667,0.9333333333333333,up
D2,896059f8-621f-4b22-8deb-daaeb98f7d22,memory,first_q10_ns,30,30,0.0,1.0,down
D2,896059f8-621f-4b22-8deb-daaeb98f7d22,memory,first_median_ns,30,30,0.0,1.0,down
D2,896059f8-621f-4b22-8deb-daaeb98f7d22,memory,first_q90_ns,30,30,0.0,1.0,down
D2,896059f8-621f-4b22-8deb-daaeb98f7d22,mixed,all_q10_ns,30,30,1.0,1.0,up
D2,896059f8-621f-4b22-8deb-daaeb98f7d22,mixed,first_q10_ns,30,30,0.0,1.0,down
D2,896059f8-621f-4b22-8deb-daaeb98f7d22,mixed,first_median_ns,30,30,0.0,1.0,down
D2,896059f8-621f-4b22-8deb-daaeb98f7d22,mixed,first_q90_ns,30,30,0.0,1.0,down
D2,fd7e85ef-6a6d-4480-abca-1596c505a72e,baseline,all_q10_ns,30,30,1.0,1.0,up
D2,fd7e85ef-6a6d-4480-abca-1596c505a72e,baseline,first_q10_ns,30,30,0.0,1.0,down
D2,fd7e85ef-6a6d-4480-abca-1596c505a72e,baseline,first_median_ns,30,30,0.0,1.0,down
D2,fd7e85ef-6a6d-4480-abca-1596c505a72e,baseline,first_q90_ns,30,30,0.0,1.0,down
D2,fd7e85ef-6a6d-4480-abca-1596c505a72e,cpu,all_q10_ns,30,30,1.0,1.0,up
D2,fd7e85ef-6a6d-4480-abca-1596c505a72e,cpu,first_q10_ns,30,30,0.0,1.0,down
D2,fd7e85ef-6a6d-4480-abca-1596c505a72e,cpu,first_median_ns,30,30,0.0,1.0,down
D2,fd7e85ef-6a6d-4480-abca-1596c505a72e,cpu,first_q90_ns,30,30,0.0,1.0,down
D2,fd7e85ef-6a6d-4480-abca-1596c505a72e,memory,all_q10_ns,30,30,1.0,1.0,up
D2,fd7e85ef-6a6d-4480-abca-1596c505a72e,memory,first_q10_ns,30,30,0.0,1.0,down
D2,fd7e85ef-6a6d-4480-abca-1596c505a72e,memory,first_median_ns,30,30,0.0,1.0,down
D2,fd7e85ef-6a6d-4480-abca-1596c505a72e,memory,first_q90_ns,30,30,0.0,1.0,down
D2,fd7e85ef-6a6d-4480-abca-1596c505a72e,mixed,all_q10_ns,30,30,1.0,1.0,up
D2,fd7e85ef-6a6d-4480-abca-1596c505a72e,mixed,first_q10_ns,30,30,0.0,1.0,down
D2,fd7e85ef-6a6d-4480-abca-1596c505a72e,mixed,first_median_ns,30,30,0.0,1.0,down
D2,fd7e85ef-6a6d-4480-abca-1596c505a72e,mixed,first_q90_ns,30,30,0.0,1.0,down
D3-r1-test,0b20a343-e0ef-4420-8d59-14f7f32c45ae,baseline,all_q10_ns,30,30,1.0,1.0,up
D3-r1-test,0b20a343-e0ef-4420-8d59-14f7f32c45ae,baseline,first_q10_ns,30,30,0.0,1.0,down
D3-r1-test,0b20a343-e0ef-4420-8d59-14f7f32c45ae,baseline,first_median_ns,30,30,0.0,1.0,down
D3-r1-test,0b20a343-e0ef-4420-8d59-14f7f32c45ae,baseline,first_q90_ns,30,30,0.0,1.0,down
D3-r1-test,0b20a343-e0ef-4420-8d59-14f7f32c45ae,cpu,all_q10_ns,30,30,1.0,1.0,up
D3-r1-test,0b20a343-e0ef-4420-8d59-14f7f32c45ae,cpu,first_q10_ns,30,30,0.0,1.0,down
D3-r1-test,0b20a343-e0ef-4420-8d59-14f7f32c45ae,cpu,first_median_ns,30,30,0.0,1.0,down
D3-r1-test,0b20a343-e0ef-4420-8d59-14f7f32c45ae,cpu,first_q90_ns,30,30,0.0,1.0,down
D3-r1-test,0b20a343-e0ef-4420-8d59-14f7f32c45ae,memory,all_q10_ns,30,30,1.0,1.0,up
D3-r1-test,0b20a343-e0ef-4420-8d59-14f7f32c45ae,memory,first_q10_ns,30,30,0.0,1.0,down
D3-r1-test,0b20a343-e0ef-4420-8d59-14f7f32c45ae,memory,first_median_ns,30,30,0.0,1.0,down
D3-r1-test,0b20a343-e0ef-4420-8d59-14f7f32c45ae,memory,first_q90_ns,30,30,0.0,1.0,down
D3-r1-test,0b20a343-e0ef-4420-8d59-14f7f32c45ae,mixed,all_q10_ns,30,30,1.0,1.0,up
D3-r1-test,0b20a343-e0ef-4420-8d59-14f7f32c45ae,mixed,first_q10_ns,30,30,0.0,1.0,down
D3-r1-test,0b20a343-e0ef-4420-8d59-14f7f32c45ae,mixed,first_median_ns,30,30,0.0,1.0,down
D3-r1-test,0b20a343-e0ef-4420-8d59-14f7f32c45ae,mixed,first_q90_ns,30,30,0.0,1.0,down
D3-r1-test,211c7cc0-8d01-45f6-9085-de70dd8b239f,baseline,all_q10_ns,30,30,1.0,1.0,up
D3-r1-test,211c7cc0-8d01-45f6-9085-de70dd8b239f,baseline,first_q10_ns,30,30,0.0,1.0,down
D3-r1-test,211c7cc0-8d01-45f6-9085-de70dd8b239f,baseline,first_median_ns,30,30,0.0,1.0,down
D3-r1-test,211c7cc0-8d01-45f6-9085-de70dd8b239f,baseline,first_q90_ns,30,30,0.0,1.0,down
D3-r1-test,211c7cc0-8d01-45f6-9085-de70dd8b239f,cpu,all_q10_ns,30,30,1.0,1.0,up
D3-r1-test,211c7cc0-8d01-45f6-9085-de70dd8b239f,cpu,first_q10_ns,30,30,0.0,1.0,down
D3-r1-test,211c7cc0-8d01-45f6-9085-de70dd8b239f,cpu,first_median_ns,30,30,0.0,1.0,down
D3-r1-test,211c7cc0-8d01-45f6-9085-de70dd8b239f,cpu,first_q90_ns,30,30,0.0,1.0,down
D3-r1-test,211c7cc0-8d01-45f6-9085-de70dd8b239f,memory,all_q10_ns,30,30,1.0,1.0,up
D3-r1-test,211c7cc0-8d01-45f6-9085-de70dd8b239f,memory,first_q10_ns,30,30,0.0,1.0,down
D3-r1-test,211c7cc0-8d01-45f6-9085-de70dd8b239f,memory,first_median_ns,30,30,0.0,1.0,down
D3-r1-test,211c7cc0-8d01-45f6-9085-de70dd8b239f,memory,first_q90_ns,30,30,0.0,1.0,down
D3-r1-test,211c7cc0-8d01-45f6-9085-de70dd8b239f,mixed,all_q10_ns,30,30,1.0,1.0,up
D3-r1-test,211c7cc0-8d01-45f6-9085-de70dd8b239f,mixed,first_q10_ns,30,30,0.0,1.0,down
D3-r1-test,211c7cc0-8d01-45f6-9085-de70dd8b239f,mixed,first_median_ns,30,30,0.0,1.0,down
D3-r1-test,211c7cc0-8d01-45f6-9085-de70dd8b239f,mixed,first_q90_ns,30,30,0.0,1.0,down
D3-r1-test,62930e5a-2815-4bb7-b720-3e0c744573a9,baseline,all_q10_ns,30,30,1.0,1.0,up
D3-r1-test,62930e5a-2815-4bb7-b720-3e0c744573a9,baseline,first_q10_ns,30,30,0.0,1.0,down
D3-r1-test,62930e5a-2815-4bb7-b720-3e0c744573a9,baseline,first_median_ns,30,30,0.0,1.0,down
D3-r1-test,62930e5a-2815-4bb7-b720-3e0c744573a9,baseline,first_q90_ns,30,30,0.0,1.0,down
D3-r1-test,62930e5a-2815-4bb7-b720-3e0c744573a9,cpu,all_q10_ns,30,30,1.0,1.0,up
D3-r1-test,62930e5a-2815-4bb7-b720-3e0c744573a9,cpu,first_q10_ns,30,30,0.0,1.0,down
D3-r1-test,62930e5a-2815-4bb7-b720-3e0c744573a9,cpu,first_median_ns,30,30,0.0,1.0,down
D3-r1-test,62930e5a-2815-4bb7-b720-3e0c744573a9,cpu,first_q90_ns,30,30,0.0,1.0,down
D3-r1-test,62930e5a-2815-4bb7-b720-3e0c744573a9,memory,all_q10_ns,30,30,1.0,1.0,up
D3-r1-test,62930e5a-2815-4bb7-b720-3e0c744573a9,memory,first_q10_ns,30,30,0.0,1.0,down
D3-r1-test,62930e5a-2815-4bb7-b720-3e0c744573a9,memory,first_median_ns,30,30,0.0,1.0,down
D3-r1-test,62930e5a-2815-4bb7-b720-3e0c744573a9,memory,first_q90_ns,30,30,0.0,1.0,down
D3-r1-test,62930e5a-2815-4bb7-b720-3e0c744573a9,mixed,all_q10_ns,30,30,1.0,1.0,up
D3-r1-test,62930e5a-2815-4bb7-b720-3e0c744573a9,mixed,first_q10_ns,30,30,0.0,1.0,down
D3-r1-test,62930e5a-2815-4bb7-b720-3e0c744573a9,mixed,first_median_ns,30,30,0.0,1.0,down
D3-r1-test,62930e5a-2815-4bb7-b720-3e0c744573a9,mixed,first_q90_ns,30,30,0.0,1.0,down
D3-r1-test,7d677e67-ac07-455b-ae12-d922bc6fe728,baseline,all_q10_ns,30,30,1.0,1.0,up
D3-r1-test,7d677e67-ac07-455b-ae12-d922bc6fe728,baseline,first_q10_ns,30,30,0.0,1.0,down
D3-r1-test,7d677e67-ac07-455b-ae12-d922bc6fe728,baseline,first_median_ns,30,30,0.0,1.0,down
D3-r1-test,7d677e67-ac07-455b-ae12-d922bc6fe728,baseline,first_q90_ns,30,30,0.0,1.0,down
D3-r1-test,7d677e67-ac07-455b-ae12-d922bc6fe728,cpu,all_q10_ns,30,30,1.0,1.0,up
D3-r1-test,7d677e67-ac07-455b-ae12-d922bc6fe728,cpu,first_q10_ns,30,30,0.0,1.0,down
D3-r1-test,7d677e67-ac07-455b-ae12-d922bc6fe728,cpu,first_median_ns,30,30,0.0,1.0,down
D3-r1-test,7d677e67-ac07-455b-ae12-d922bc6fe728,cpu,first_q90_ns,30,30,0.0,1.0,down
D3-r1-test,7d677e67-ac07-455b-ae12-d922bc6fe728,memory,all_q10_ns,30,30,1.0,1.0,up
D3-r1-test,7d677e67-ac07-455b-ae12-d922bc6fe728,memory,first_q10_ns,30,30,0.0,1.0,down
D3-r1-test,7d677e67-ac07-455b-ae12-d922bc6fe728,memory,first_median_ns,30,30,0.0,1.0,down
D3-r1-test,7d677e67-ac07-455b-ae12-d922bc6fe728,memory,first_q90_ns,30,30,0.0,1.0,down
D3-r1-test,7d677e67-ac07-455b-ae12-d922bc6fe728,mixed,all_q10_ns,30,30,1.0,1.0,up
D3-r1-test,7d677e67-ac07-455b-ae12-d922bc6fe728,mixed,first_q10_ns,30,30,0.0,1.0,down
D3-r1-test,7d677e67-ac07-455b-ae12-d922bc6fe728,mixed,first_median_ns,30,30,0.0,1.0,down
D3-r1-test,7d677e67-ac07-455b-ae12-d922bc6fe728,mixed,first_q90_ns,30,30,0.0,1.0,down
D3-r1-test,7d9cd8f6-f1b9-4a3a-a784-7b3453a4210d,baseline,all_q10_ns,30,30,1.0,1.0,up
D3-r1-test,7d9cd8f6-f1b9-4a3a-a784-7b3453a4210d,baseline,first_q10_ns,30,30,0.0,1.0,down
D3-r1-test,7d9cd8f6-f1b9-4a3a-a784-7b3453a4210d,baseline,first_median_ns,30,30,0.0,1.0,down
D3-r1-test,7d9cd8f6-f1b9-4a3a-a784-7b3453a4210d,baseline,first_q90_ns,30,30,0.0,1.0,down
D3-r1-test,7d9cd8f6-f1b9-4a3a-a784-7b3453a4210d,cpu,all_q10_ns,30,30,1.0,1.0,up
D3-r1-test,7d9cd8f6-f1b9-4a3a-a784-7b3453a4210d,cpu,first_q10_ns,30,30,0.0,1.0,down
D3-r1-test,7d9cd8f6-f1b9-4a3a-a784-7b3453a4210d,cpu,first_median_ns,30,30,0.0,1.0,down
D3-r1-test,7d9cd8f6-f1b9-4a3a-a784-7b3453a4210d,cpu,first_q90_ns,30,30,0.0,1.0,down
D3-r1-test,7d9cd8f6-f1b9-4a3a-a784-7b3453a4210d,memory,all_q10_ns,30,30,1.0,1.0,up
D3-r1-test,7d9cd8f6-f1b9-4a3a-a784-7b3453a4210d,memory,first_q10_ns,30,30,0.0,1.0,down
D3-r1-test,7d9cd8f6-f1b9-4a3a-a784-7b3453a4210d,memory,first_median_ns,30,30,0.0,1.0,down
D3-r1-test,7d9cd8f6-f1b9-4a3a-a784-7b3453a4210d,memory,first_q90_ns,30,30,0.0,1.0,down
D3-r1-test,7d9cd8f6-f1b9-4a3a-a784-7b3453a4210d,mixed,all_q10_ns,30,30,1.0,1.0,up
D3-r1-test,7d9cd8f6-f1b9-4a3a-a784-7b3453a4210d,mixed,first_q10_ns,30,30,0.0,1.0,down
D3-r1-test,7d9cd8f6-f1b9-4a3a-a784-7b3453a4210d,mixed,first_median_ns,30,30,0.0,1.0,down
D3-r1-test,7d9cd8f6-f1b9-4a3a-a784-7b3453a4210d,mixed,first_q90_ns,30,30,0.0,1.0,down
