batch_id,boot_id,campaign_position,campaign_phase,probe_profile,poll_policy,context_tracepoints_enabled,label,condition,visible_cardinality,filename_length,hidden_slot,actual_normal_hidden_index,iterate_calls_per_listing,filldir64_calls_per_listing,filldir64_nested_fraction,first_raw_q10,first_raw_median,first_raw_q90,first_oncpu_median,first_accounted_median,last_raw_median,last_oncpu_median,last_accounted_median,first_minus_last_raw_median,first_div_last_raw_median,first_minus_last_oncpu_median,first_div_last_oncpu_median
20260919T084517.428682Z_dffc5c35,48c03e11-137a-4048-98c3-210b601631e0,0,unloaded,role_aggregate,none,False,normal,baseline,128,32,middle,129,2.0,0.0,nan,81680.0,86765.0,112367.40000000001,nan,nan,1034.5,nan,nan,85748.0,90.36837572866985,nan,nan
20260919T084525.630494Z_7dccc499,48c03e11-137a-4048-98c3-210b601631e0,1,hiding,role_aggregate,none,False,rootkit,cpu,8,160,middle,,2.0,0.0,nan,35028.7,39236.0,66522.00000000006,nan,nan,933.0,nan,nan,38376.5,41.83328429017536,nan,nan
20260919T084528.154502Z_2ad4856a,48c03e11-137a-4048-98c3-210b601631e0,2,unloaded,role_aggregate,none,False,normal,baseline,8,32,middle,10,2.0,0.0,nan,16018.1,18534.5,21191.3,nan,nan,910.0,nan,nan,17672.0,19.67069950369885,nan,nan
20260919T084536.534952Z_2c77ec81,48c03e11-137a-4048-98c3-210b601631e0,3,unloaded,role_aggregate,none,False,normal,cpu,1024,32,middle,1008,3.0,0.0,nan,345927.9,470794.0,554639.1000000001,nan,nan,1462.5,nan,nan,467606.0,333.57079092497435,nan,nan
20260919T084538.530956Z_3457deec,48c03e11-137a-4048-98c3-210b601631e0,4,unloaded,role_aggregate,none,False,normal,baseline,8,160,middle,3,2.0,0.0,nan,24677.7,28066.5,41248.50000000001,nan,nan,904.0,nan,nan,26824.5,30.16241794286075,nan,nan
20260919T084547.178927Z_c114d79b,48c03e11-137a-4048-98c3-210b601631e0,5,sham,role_aggregate,none,False,normal,cpu,1024,160,middle,254,7.0,0.0,nan,300009.3,414150.0,3389406.8000000003,nan,nan,1512.0,nan,nan,410244.0,374.76528338640526,nan,nan
20260919T084549.479443Z_e6c0cb61,48c03e11-137a-4048-98c3-210b601631e0,6,hiding,role_aggregate,none,False,rootkit,baseline,1024,32,middle,,3.0,0.0,nan,569309.1,595990.0,695928.6000000001,nan,nan,968.0,nan,nan,594937.0,649.3140832564802,nan,nan
20260919T084558.248638Z_515609d2,48c03e11-137a-4048-98c3-210b601631e0,7,sham,role_aggregate,none,False,normal,cpu,8,160,middle,3,2.0,0.0,nan,33425.2,38994.5,44136.600000000006,nan,nan,1445.5,nan,nan,37239.0,25.55533500590319,nan,nan
20260919T084600.399710Z_22d71f29,48c03e11-137a-4048-98c3-210b601631e0,8,sham,role_aggregate,none,False,normal,baseline,128,32,middle,129,2.0,0.0,nan,107360.5,118840.0,193124.1,nan,nan,1148.5,nan,nan,117462.5,110.00249452572908,nan,nan
20260919T084602.742064Z_2846a706,48c03e11-137a-4048-98c3-210b601631e0,9,sham,role_aggregate,none,False,normal,baseline,1024,160,middle,254,7.0,0.0,nan,298341.6,304677.5,503044.2000000003,nan,nan,792.5,nan,nan,303781.5,413.0602048618139,nan,nan
20260919T084604.975359Z_2dd82374,48c03e11-137a-4048-98c3-210b601631e0,10,hiding,role_aggregate,none,False,rootkit,baseline,128,160,middle,,2.0,0.0,nan,291488.7,318615.5,391066.4000000001,nan,nan,1309.5,nan,nan,317420.5,253.51211562790223,nan,nan
20260919T084613.809634Z_c4842df1,48c03e11-137a-4048-98c3-210b601631e0,11,hiding,role_aggregate,none,False,rootkit,cpu,128,160,middle,,2.0,0.0,nan,296868.5,427089.5,533803.9,nan,nan,2047.0,nan,nan,423936.0,231.59078790469547,nan,nan
20260919T084616.570788Z_14f9a7a1,48c03e11-137a-4048-98c3-210b601631e0,12,sham,role_aggregate,none,False,normal,baseline,1024,32,middle,1008,3.0,0.0,nan,442610.8,490146.0,564601.7000000001,nan,nan,948.0,nan,nan,489237.0,506.0673223816043,nan,nan
20260919T084618.684147Z_de516b1a,48c03e11-137a-4048-98c3-210b601631e0,13,unloaded,role_aggregate,none,False,normal,baseline,128,160,middle,41,2.0,0.0,nan,181228.3,198791.0,269014.5,nan,nan,1305.0,nan,nan,197593.0,168.54669793679486,nan,nan
20260919T084620.884701Z_875c996a,48c03e11-137a-4048-98c3-210b601631e0,14,sham,role_aggregate,none,False,normal,baseline,128,160,middle,41,2.0,0.0,nan,210704.8,219787.0,307661.2,nan,nan,1502.0,nan,nan,218662.0,151.53312813318124,nan,nan
20260919T084623.330773Z_74baa937,48c03e11-137a-4048-98c3-210b601631e0,15,hiding,role_aggregate,none,False,rootkit,baseline,1024,160,middle,,7.0,0.0,nan,411882.4,453998.0,647490.5000000001,nan,nan,857.0,nan,nan,453078.0,527.894511440112,nan,nan
20260919T084632.129062Z_3847479f,48c03e11-137a-4048-98c3-210b601631e0,16,hiding,role_aggregate,none,False,rootkit,cpu,128,32,middle,,2.0,0.0,nan,128539.2,175410.0,226278.40000000008,nan,nan,1714.0,nan,nan,173879.0,129.1313899838987,nan,nan
20260919T084640.872796Z_2b557f83,48c03e11-137a-4048-98c3-210b601631e0,17,sham,role_aggregate,none,False,normal,cpu,128,160,middle,41,2.0,0.0,nan,210969.4,293261.0,1003126.8000000004,nan,nan,1859.0,nan,nan,288254.5,183.3422289908479,nan,nan
20260919T084649.331091Z_1ed97cd8,48c03e11-137a-4048-98c3-210b601631e0,18,sham,role_aggregate,none,False,normal,cpu,1024,32,middle,1008,3.0,0.0,nan,647295.1,717100.5,3690798.2,nan,nan,1714.0,nan,nan,715234.0,428.38693771923795,nan,nan
20260919T084657.679932Z_1edc822a,48c03e11-137a-4048-98c3-210b601631e0,19,hiding,role_aggregate,none,False,rootkit,cpu,8,32,middle,,2.0,0.0,nan,26005.1,32380.5,44290.100000000006,nan,nan,1696.0,nan,nan,30916.0,19.817761099358258,nan,nan
20260919T084706.527731Z_1ea00549,48c03e11-137a-4048-98c3-210b601631e0,20,sham,role_aggregate,none,False,normal,cpu,128,32,middle,129,2.0,0.0,nan,106745.0,133628.5,192642.40000000002,nan,nan,1685.5,nan,nan,131940.5,95.56393066808471,nan,nan
20260919T084708.655105Z_28c8bbb3,48c03e11-137a-4048-98c3-210b601631e0,21,sham,role_aggregate,none,False,normal,baseline,8,32,middle,10,2.0,0.0,nan,19228.6,21235.5,25753.4,nan,nan,964.5,nan,nan,20235.0,22.18769253124092,nan,nan
20260919T084716.893618Z_e383241f,48c03e11-137a-4048-98c3-210b601631e0,22,unloaded,role_aggregate,none,False,normal,cpu,8,160,middle,3,2.0,0.0,nan,29066.4,34914.0,43343.3,nan,nan,1264.5,nan,nan,33325.5,26.0467791225766,nan,nan
20260919T084725.321779Z_08179585,48c03e11-137a-4048-98c3-210b601631e0,23,hiding,role_aggregate,none,False,rootkit,cpu,1024,32,middle,,3.0,0.0,nan,570022.6,759878.5,1196903.2000000041,nan,nan,2094.0,nan,nan,757673.0,454.4359274682215,nan,nan
20260919T084734.532620Z_c61f4db8,48c03e11-137a-4048-98c3-210b601631e0,24,hiding,role_aggregate,none,False,rootkit,cpu,1024,160,middle,,7.0,0.0,nan,414091.7,533063.0,707383.9,nan,nan,2109.5,nan,nan,531486.0,300.3433632045809,nan,nan
20260919T084743.270850Z_10cb7591,48c03e11-137a-4048-98c3-210b601631e0,25,sham,role_aggregate,none,False,normal,cpu,8,32,middle,10,2.0,0.0,nan,22445.9,27626.0,43111.90000000002,nan,nan,1701.5,nan,nan,26311.0,24.244775202803062,nan,nan
20260919T084751.454988Z_e70951bb,48c03e11-137a-4048-98c3-210b601631e0,26,unloaded,role_aggregate,none,False,normal,cpu,128,32,middle,129,2.0,0.0,nan,83105.4,87439.0,124260.5,nan,nan,1121.0,nan,nan,86450.0,77.4115540587857,nan,nan
20260919T084800.088464Z_5eed0706,48c03e11-137a-4048-98c3-210b601631e0,27,unloaded,role_aggregate,none,False,normal,cpu,1024,160,middle,254,7.0,0.0,nan,271535.4,389587.0,563869.4,nan,nan,1518.0,nan,nan,387859.0,265.2853732224797,nan,nan
20260919T084808.218401Z_1c825e25,48c03e11-137a-4048-98c3-210b601631e0,28,unloaded,role_aggregate,none,False,normal,cpu,8,32,middle,10,2.0,0.0,nan,19216.4,22593.0,35291.50000000004,nan,nan,1072.5,nan,nan,20909.5,20.148251755647685,nan,nan
20260919T084810.326899Z_8dd9e6b2,48c03e11-137a-4048-98c3-210b601631e0,29,hiding,role_aggregate,none,False,rootkit,baseline,128,32,middle,,2.0,0.0,nan,127760.8,132422.0,156670.60000000006,nan,nan,1046.5,nan,nan,131423.0,135.52087481146305,nan,nan
20260919T084813.282489Z_5faf0f07,48c03e11-137a-4048-98c3-210b601631e0,30,unloaded,role_aggregate,none,False,normal,baseline,1024,160,middle,254,7.0,0.0,nan,265283.2,272862.0,327912.3,nan,nan,841.5,nan,nan,271927.5,326.0764630660448,nan,nan
20260919T084821.487938Z_97d844a7,48c03e11-137a-4048-98c3-210b601631e0,31,unloaded,role_aggregate,none,False,normal,cpu,128,160,middle,41,2.0,0.0,nan,187523.7,258593.5,349688.4,nan,nan,1676.0,nan,nan,255942.0,152.36199064181852,nan,nan
20260919T084823.518892Z_bf5b450b,48c03e11-137a-4048-98c3-210b601631e0,32,sham,role_aggregate,none,False,normal,baseline,8,160,middle,3,2.0,0.0,nan,26288.7,30238.0,44867.00000000001,nan,nan,963.0,nan,nan,29331.5,30.818260927328282,nan,nan
20260919T084825.694258Z_89df6d67,48c03e11-137a-4048-98c3-210b601631e0,33,hiding,role_aggregate,none,False,rootkit,baseline,8,160,middle,,2.0,0.0,nan,34583.9,37179.0,64187.80000000001,nan,nan,855.0,nan,nan,36348.5,43.74667101369607,nan,nan
20260919T084828.392874Z_40d57830,48c03e11-137a-4048-98c3-210b601631e0,34,unloaded,role_aggregate,none,False,normal,baseline,1024,32,middle,1008,3.0,0.0,nan,340004.1,394002.5,563983.8000000002,nan,nan,942.5,nan,nan,393060.0,418.04415204875863,nan,nan
20260919T084830.492280Z_81188a06,48c03e11-137a-4048-98c3-210b601631e0,35,hiding,role_aggregate,none,False,rootkit,baseline,8,32,middle,,2.0,0.0,nan,21403.4,24644.5,40256.70000000001,nan,nan,924.5,nan,nan,23653.0,25.981213140142298,nan,nan
