condition,feature,unloaded_mean,pass_mean,active_mean,hiding_mean,active_over_pass,hiding_over_active,hiding_minus_active
baseline,first_raw_q10,85123.83333333334,114276.53333333333,134759.7333333333,135803.56666666668,1.1792423991393974,1.007745884527327,1043.8333333333721
baseline,first_raw_median,93890.33333333333,117809.0,138068.5,140346.66666666666,1.1719690346238403,1.0165002637579654,2278.166666666657
baseline,first_raw_q90,130207.20000000007,175697.80000000005,199743.23333333337,245203.26666666672,1.1368567695971907,1.2275923573214078,45460.033333333355
baseline,last_raw_median,1079.5,1067.6666666666667,1049.5,1094.8333333333333,0.982984701842023,1.0431951723042718,45.33333333333326
baseline,first_minus_last_raw_median,92308.66666666667,116839.16666666667,136997.33333333334,139181.16666666666,1.1725291889848581,1.0159406995756608,2183.833333333314
baseline,first_div_last_raw_median,86.54505227804208,117.78816943583548,136.9314099152533,140.59030053166288,1.1625226079249495,1.0267206086512515,3.6588906164095647
cpu,first_raw_q10,88911.36666666665,117530.83333333333,148584.83333333334,138778.43333333335,1.2642200273687048,0.9340013393022393,-9806.399999999994
cpu,first_raw_median,122391.5,161822.83333333334,187867.83333333334,181314.66666666666,1.1609476207004161,0.9651182081019722,-6553.166666666686
cpu,first_raw_q90,178656.23333333337,219147.56666666668,448603.06666666706,1232742.5333333334,2.0470364945872865,2.7479583287140534,784139.4666666663
cpu,last_raw_median,2067.0,2087.0,2095.3333333333335,1742.8333333333333,1.0039929723686314,0.8317690104995227,-352.5000000000002
cpu,first_minus_last_raw_median,120042.66666666667,159541.66666666666,184758.5,179645.5,1.158057978584487,0.9723260364205165,-5113.0
cpu,first_div_last_raw_median,66.76617194126186,83.6774595900484,112.42040836086788,109.03572363809813,1.3434969095815836,0.9698926131641067,-3.384684722769748
memory,first_raw_q10,88617.83333333333,117846.33333333333,137347.69999999998,139058.46666666667,1.1654813188926822,1.0124557358198696,1710.766666666692
memory,first_raw_median,115762.0,149360.83333333334,187599.83333333334,175552.83333333334,1.2560175860472123,0.9357835250386684,-12047.0
memory,first_raw_q90,165857.83333333334,228349.23333333348,252275.2333333334,287267.60000000015,1.1047781052326717,1.1387071025732878,34992.366666666756
memory,last_raw_median,1744.0,1661.1666666666667,2123.6666666666665,1778.0,1.2784187819805357,0.8372312038926386,-345.6666666666665
memory,first_minus_last_raw_median,113860.83333333333,147365.33333333334,181094.16666666666,173756.33333333334,1.2288790217509318,0.9594805648994769,-7337.833333333314
memory,first_div_last_raw_median,64.9860652554007,107.74175591013733,100.02268334442522,110.94509004423094,0.9283557939026885,1.1091992969454212,10.92240669980572
mixed,first_raw_q10,87967.26666666666,119120.16666666667,176163.70000000004,152795.33333333334,1.4788738542732063,0.8673485702975886,-23368.366666666698
mixed,first_raw_median,119636.0,146836.83333333334,192095.16666666666,190560.83333333334,1.3082219379560758,0.9920126395684085,-1534.333333333314
mixed,first_raw_q90,157849.76666666672,211475.33333333334,536478.8666666694,260434.26666666675,2.536838969399123,0.4854511199757706,-276044.60000000265
mixed,last_raw_median,1899.1666666666667,1797.6666666666667,2234.5,2275.8333333333335,1.2430001854255517,1.0184977996568958,41.333333333333485
mixed,first_minus_last_raw_median,116560.5,144530.16666666666,189407.33333333334,187550.33333333334,1.3105038048573483,0.9901957333577369,-1857.0
mixed,first_div_last_raw_median,69.03212560082336,91.35534290106638,96.02487037978001,88.05616769283193,1.0511138958097996,0.9170141791867906,-7.9687026869480775
