condition,state,n,alert_rate,score_mean,score_min,score_max
ALL,unloaded,12,0.0,1.3704315460216776e-16,-0.1143991942022069,0.07087736656844637
ALL,pass,12,0.0,0.40683617684287254,0.3150735579649412,0.5217951138942805
ALL,active,12,0.75,0.6096904542857192,0.4667676458065244,0.8305622813717899
ALL,hiding,12,0.5833333333333334,0.5987717739975192,0.410089298667996,0.7166884217362093
baseline,unloaded,3,0.0,0.05046767437502015,0.028377279109080777,0.06848096910059773
baseline,pass,3,0.0,0.43542695657607156,0.4206981357323068,0.45498251234687576
baseline,active,3,1.0,0.6502550273650097,0.6129600918958558,0.6790099715817695
baseline,hiding,3,1.0,0.6813284961446797,0.6495605657208057,0.7166884217362093
cpu,unloaded,3,0.0,-0.0037326940727868477,-0.11303147372918723,0.07087736656844637
cpu,pass,3,0.0,0.3458421328227521,0.31757921123074695,0.37229016693149397
cpu,active,3,0.6666666666666666,0.6589202055080777,0.4669390368401095,0.8305622813717899
cpu,hiding,3,0.6666666666666666,0.6212006533274471,0.5283034172467833,0.6784337011937515
memory,unloaded,3,0.0,-0.058506716211944816,-0.1143991942022069,-0.018607161615709557
memory,pass,3,0.0,0.5005394896726808,0.47722897763702266,0.5217951138942805
memory,active,3,0.6666666666666666,0.5731975455483532,0.4667676458065244,0.6478872700104562
memory,hiding,3,0.6666666666666666,0.6108090659087199,0.508736346837275,0.6727784813000167
mixed,unloaded,3,0.0,0.011771735909712066,-0.013447314885335383,0.059346338548667665
mixed,pass,3,0.0,0.3455361282999856,0.3150735579649412,0.3914409020016393
mixed,active,3,0.6666666666666666,0.5563890387214362,0.4694071415545111,0.6417020790264027
mixed,hiding,3,0.0,0.4817488806092302,0.410089298667996,0.5281881857980193
