position,state,valid,exact_output,hidden_visible_iterations,lost_events,iterate_enter,iterate_return,filldir_enter,filldir_return,wrapper_callbacks,filter_checks,filter_matches
0,hiding,True,True,0,0,40,40,5220,5220,2620,2620,20
1,active,True,True,20,0,40,40,5240,5240,2620,2620,20
2,active,True,True,20,0,40,40,5240,5240,2620,2620,20
3,pass,True,True,20,0,40,40,5240,5240,2620,0,0
4,unloaded,True,True,20,0,40,40,2620,2620,0,0,0
5,hiding,True,True,0,0,40,40,5220,5220,2620,2620,20
6,pass,True,True,20,0,40,40,5240,5240,2620,0,0
7,hiding,True,True,0,0,40,40,5220,5220,2620,2620,20
8,unloaded,True,True,20,0,40,40,2620,2620,0,0,0
9,pass,True,True,20,0,40,40,5240,5240,2620,0,0
10,unloaded,True,True,20,0,40,40,2620,2620,0,0,0
11,active,True,True,20,0,40,40,5240,5240,2620,2620,20
