feature,factor_cells,sham_higher_than_unloaded_fraction,hiding_higher_than_sham_fraction,median_sham_over_unloaded,median_hiding_over_sham
first_raw_q10,12,1.0,0.75,1.9041939414778075,1.0652647267850828
first_raw_median,12,1.0,0.75,1.837896016082991,1.0420559291126201
first_raw_q90,12,1.0,0.6666666666666666,1.782624807439352,1.0300820487540097
first_oncpu_median,12,1.0,0.8333333333333334,1.8049718919814257,1.0586645507451595
first_accounted_median,12,1.0,0.8333333333333334,1.8091562271605006,1.0594283598716463
last_raw_median,12,0.5,0.8333333333333334,0.9967504224694572,1.0589525666984818
last_oncpu_median,12,0.5,0.8333333333333334,0.9967504224694572,1.0589525666984818
last_accounted_median,12,0.5,0.8333333333333334,0.9967504224694572,1.0589525666984818
first_minus_last_raw_median,12,1.0,0.75,1.8615264504371578,1.0418419670941308
first_div_last_raw_median,12,1.0,0.75,1.8589858389518978,1.0518755014873045
first_minus_last_oncpu_median,12,1.0,0.8333333333333334,1.8485674848487625,1.059284837266146
first_div_last_oncpu_median,12,1.0,0.75,1.7871354971894475,1.034255678900641
filldir64_calls_per_listing,12,1.0,0.0,2.0,0.9961832061068703
iterate_calls_per_listing,12,0.0,0.0,1.0,1.0
