batch_id,boot_id,campaign_position,campaign_phase,context_tracepoints_enabled,label,condition,visible_cardinality,filename_length,hidden_slot,actual_normal_hidden_index,iterate_calls_per_listing,filldir64_calls_per_listing,filldir64_nested_fraction,first_raw_q10,first_raw_median,first_raw_q90,first_oncpu_median,first_accounted_median,last_raw_median,last_oncpu_median,last_accounted_median,first_minus_last_raw_median,first_div_last_raw_median,first_minus_last_oncpu_median,first_div_last_oncpu_median
20260919T080912.065537Z_51ecabb2,7d9cd8f6-f1b9-4a3a-a784-7b3453a4210d,0,sham,False,normal,baseline,1024,32,middle,1008,3.0,0.0,nan,496148.7,526713.0,572538.5,nan,nan,33080.0,nan,nan,492306.0,15.898338954340932,nan,nan
20260919T080921.284999Z_3678745a,7d9cd8f6-f1b9-4a3a-a784-7b3453a4210d,1,hiding,False,rootkit,cpu,8,32,middle,,2.0,0.0,nan,51540.9,62560.0,75774.00000000003,nan,nan,8573.5,nan,nan,54456.0,7.694672642380773,nan,nan
20260919T080924.855584Z_6f434e2d,7d9cd8f6-f1b9-4a3a-a784-7b3453a4210d,2,hiding,False,rootkit,baseline,8,160,middle,,2.0,0.0,nan,85549.1,96958.5,113356.20000000003,nan,nan,5704.0,nan,nan,91116.5,16.540237039930034,nan,nan
20260919T080934.710351Z_d61d9fc1,7d9cd8f6-f1b9-4a3a-a784-7b3453a4210d,3,sham,False,normal,cpu,1024,160,middle,254,7.0,0.0,nan,322506.6,483659.5,566082.2000000001,nan,nan,12179.0,nan,nan,468690.5,31.21508541646559,nan,nan
20260919T080937.764412Z_ae013cd8,7d9cd8f6-f1b9-4a3a-a784-7b3453a4210d,4,unloaded,False,normal,baseline,128,32,middle,129,2.0,0.0,nan,143293.1,150927.0,196655.5,nan,nan,6303.0,nan,nan,141182.5,24.485284421618847,nan,nan
20260919T080946.968542Z_39026f19,7d9cd8f6-f1b9-4a3a-a784-7b3453a4210d,5,sham,False,normal,cpu,1024,32,middle,1008,3.0,0.0,nan,470943.0,666481.5,3727241.3,nan,nan,15013.0,nan,nan,642352.5,46.34948294140122,nan,nan
20260919T080956.482324Z_fc21cf71,7d9cd8f6-f1b9-4a3a-a784-7b3453a4210d,6,unloaded,False,normal,cpu,1024,160,middle,254,7.0,0.0,nan,416562.8,481836.5,3605355.1,nan,nan,16345.0,nan,nan,469821.5,34.65593791472379,nan,nan
20260919T080959.707475Z_60edfe1f,7d9cd8f6-f1b9-4a3a-a784-7b3453a4210d,7,hiding,False,rootkit,baseline,1024,160,middle,,7.0,0.0,nan,475953.7,505302.0,575539.3,nan,nan,33322.0,nan,nan,468237.0,15.365840348740736,nan,nan
20260919T081003.314489Z_e90cec8a,7d9cd8f6-f1b9-4a3a-a784-7b3453a4210d,8,sham,False,normal,baseline,8,32,middle,10,2.0,0.0,nan,75365.0,81631.0,99331.60000000003,nan,nan,5707.0,nan,nan,75844.5,14.476930256930386,nan,nan
20260919T081006.479511Z_a49a4827,7d9cd8f6-f1b9-4a3a-a784-7b3453a4210d,9,sham,False,normal,baseline,8,160,middle,3,2.0,0.0,nan,80011.6,98997.0,133406.5,nan,nan,5577.0,nan,nan,92779.5,17.214807373717626,nan,nan
20260919T081015.644082Z_ec2be23e,7d9cd8f6-f1b9-4a3a-a784-7b3453a4210d,10,unloaded,False,normal,cpu,128,32,middle,129,2.0,0.0,nan,116981.7,154167.0,548142.5000000041,nan,nan,11915.5,nan,nan,138064.0,16.356028061706905,nan,nan
20260919T081018.636700Z_872f8f63,7d9cd8f6-f1b9-4a3a-a784-7b3453a4210d,11,sham,False,normal,baseline,128,32,middle,129,2.0,0.0,nan,169852.1,187661.0,207096.7,nan,nan,6460.5,nan,nan,165584.0,26.7475010819008,nan,nan
20260919T081028.077108Z_c7f8c17f,7d9cd8f6-f1b9-4a3a-a784-7b3453a4210d,12,hiding,False,rootkit,cpu,1024,32,middle,,3.0,0.0,nan,585879.2,829934.0,3783426.1,nan,nan,15939.0,nan,nan,814477.0,52.42696192530376,nan,nan
20260919T081037.689320Z_a784d3e7,7d9cd8f6-f1b9-4a3a-a784-7b3453a4210d,13,unloaded,False,normal,cpu,8,32,middle,10,2.0,0.0,nan,42464.0,54678.0,98228.3,nan,nan,5719.5,nan,nan,47040.5,8.022320981698513,nan,nan
20260919T081041.236669Z_af9c41bd,7d9cd8f6-f1b9-4a3a-a784-7b3453a4210d,14,hiding,False,rootkit,baseline,128,32,middle,,2.0,0.0,nan,189787.2,260132.5,326106.3000000001,nan,nan,26144.0,nan,nan,208965.5,11.53407227461014,nan,nan
20260919T081051.525721Z_1f2b6301,7d9cd8f6-f1b9-4a3a-a784-7b3453a4210d,15,unloaded,False,normal,cpu,128,160,middle,41,2.0,0.0,nan,217093.6,301316.5,370701.20000000007,nan,nan,16115.5,nan,nan,277410.0,18.353211798999133,nan,nan
20260919T081054.553206Z_1d2ed6b4,7d9cd8f6-f1b9-4a3a-a784-7b3453a4210d,16,hiding,False,rootkit,baseline,8,32,middle,,2.0,0.0,nan,71736.1,83998.5,95387.8,nan,nan,5658.5,nan,nan,78342.5,14.642860274139084,nan,nan
20260919T081104.145528Z_ee9cb216,7d9cd8f6-f1b9-4a3a-a784-7b3453a4210d,17,sham,False,normal,cpu,8,32,middle,10,2.0,0.0,nan,45158.2,59911.0,85714.8,nan,nan,8706.0,nan,nan,51062.0,7.952171636679803,nan,nan
20260919T081113.492031Z_5d2a8f99,7d9cd8f6-f1b9-4a3a-a784-7b3453a4210d,18,sham,False,normal,cpu,8,160,middle,3,2.0,0.0,nan,59963.2,75431.5,93904.1,nan,nan,5853.0,nan,nan,63823.0,10.872280343558689,nan,nan
20260919T081116.475725Z_9f71ea4f,7d9cd8f6-f1b9-4a3a-a784-7b3453a4210d,19,unloaded,False,normal,baseline,8,32,middle,10,2.0,0.0,nan,68446.7,84331.0,120710.90000000005,nan,nan,5575.0,nan,nan,78669.5,15.107927924107049,nan,nan
20260919T081125.580208Z_c5f48024,7d9cd8f6-f1b9-4a3a-a784-7b3453a4210d,20,hiding,False,rootkit,cpu,128,32,middle,,2.0,0.0,nan,160627.6,211783.5,280398.0,nan,nan,13459.5,nan,nan,196806.0,13.559430113357568,nan,nan
20260919T081135.270978Z_eb11d557,7d9cd8f6-f1b9-4a3a-a784-7b3453a4210d,21,sham,False,normal,cpu,128,160,middle,41,2.0,0.0,nan,233473.6,326007.5,369532.80000000005,nan,nan,19953.5,nan,nan,306114.0,17.946383934977096,nan,nan
20260919T081144.474246Z_f98fadb7,7d9cd8f6-f1b9-4a3a-a784-7b3453a4210d,22,unloaded,False,normal,cpu,1024,32,middle,1008,3.0,0.0,nan,366913.7,406788.5,589060.8,nan,nan,11139.0,nan,nan,401543.0,34.59166863482981,nan,nan
20260919T081147.444204Z_8f64b6d9,7d9cd8f6-f1b9-4a3a-a784-7b3453a4210d,23,unloaded,False,normal,baseline,8,160,middle,3,2.0,0.0,nan,74054.3,91694.5,107470.00000000001,nan,nan,5695.0,nan,nan,84856.5,15.557180002656235,nan,nan
20260919T081156.568607Z_facf293d,7d9cd8f6-f1b9-4a3a-a784-7b3453a4210d,24,hiding,False,rootkit,cpu,128,160,middle,,2.0,0.0,nan,311630.7,337974.0,527802.1,nan,nan,11847.0,nan,nan,318431.0,30.88443347905786,nan,nan
20260919T081200.425879Z_bae34b6f,7d9cd8f6-f1b9-4a3a-a784-7b3453a4210d,25,unloaded,False,normal,baseline,1024,32,middle,1008,3.0,0.0,nan,392720.2,434746.5,509523.3000000002,nan,nan,33944.0,nan,nan,396364.5,12.493464243308253,nan,nan
20260919T081209.923590Z_41b56e7c,7d9cd8f6-f1b9-4a3a-a784-7b3453a4210d,26,hiding,False,rootkit,cpu,1024,160,middle,,7.0,0.0,nan,438668.4,482648.0,3684192.5,nan,nan,16605.5,nan,nan,468384.0,41.926730464930415,nan,nan
20260919T081219.533126Z_0a43c15c,7d9cd8f6-f1b9-4a3a-a784-7b3453a4210d,27,hiding,False,rootkit,cpu,8,160,middle,,2.0,0.0,nan,66324.7,82519.0,102292.40000000002,nan,nan,8509.5,nan,nan,74300.5,10.313603694671036,nan,nan
20260919T081223.223277Z_d8a06df3,7d9cd8f6-f1b9-4a3a-a784-7b3453a4210d,28,hiding,False,rootkit,baseline,1024,32,middle,,3.0,0.0,nan,611607.9,636061.5,741668.9,nan,nan,32582.5,nan,nan,603534.0,19.60740865673519,nan,nan
20260919T081226.919493Z_30f738e8,7d9cd8f6-f1b9-4a3a-a784-7b3453a4210d,29,sham,False,normal,baseline,1024,160,middle,254,7.0,0.0,nan,337278.4,369493.5,469002.50000000006,nan,nan,30703.5,nan,nan,334677.5,11.764535425880599,nan,nan
20260919T081236.058811Z_0747079b,7d9cd8f6-f1b9-4a3a-a784-7b3453a4210d,30,sham,False,normal,cpu,128,32,middle,129,2.0,0.0,nan,136346.7,184490.5,236159.20000000024,nan,nan,13607.5,nan,nan,163948.0,11.39615181975004,nan,nan
20260919T081239.255021Z_149fbdbe,7d9cd8f6-f1b9-4a3a-a784-7b3453a4210d,31,unloaded,False,normal,baseline,1024,160,middle,254,7.0,0.0,nan,327471.2,369200.0,417189.80000000005,nan,nan,32966.5,nan,nan,335157.0,10.98752338575108,nan,nan
20260919T081248.314487Z_1ca8ea49,7d9cd8f6-f1b9-4a3a-a784-7b3453a4210d,32,unloaded,False,normal,cpu,8,160,middle,3,2.0,0.0,nan,54696.8,63857.0,90833.20000000004,nan,nan,5759.0,nan,nan,56876.5,10.214080673261225,nan,nan
20260919T081251.368816Z_01ed3cf7,7d9cd8f6-f1b9-4a3a-a784-7b3453a4210d,33,hiding,False,rootkit,baseline,128,160,middle,,2.0,0.0,nan,347881.3,404671.0,448140.20000000007,nan,nan,36540.5,nan,nan,367004.0,11.149616555349304,nan,nan
20260919T081254.814265Z_f9c60de8,7d9cd8f6-f1b9-4a3a-a784-7b3453a4210d,34,unloaded,False,normal,baseline,128,160,middle,41,2.0,0.0,nan,229320.2,257677.0,314167.5,nan,nan,34904.0,nan,nan,222018.5,7.391428432934745,nan,nan
20260919T081257.872210Z_2b142c6e,7d9cd8f6-f1b9-4a3a-a784-7b3453a4210d,35,sham,False,normal,baseline,128,160,middle,41,2.0,0.0,nan,256767.5,288066.0,327332.9,nan,nan,36223.0,nan,nan,245004.0,7.75401843756124,nan,nan
