visible_cardinality,filename_length,condition,feature,unloaded,sham,hiding,sham_minus_unloaded,hiding_minus_sham,hiding_minus_unloaded,sham_over_unloaded,hiding_over_sham
8,32,baseline,first_raw_q10,68446.7,75365.0,71736.1,6918.300000000003,-3628.899999999994,3289.4000000000087,1.101075727536901,0.9518490015259073
8,32,baseline,first_raw_median,84331.0,81631.0,83998.5,-2700.0,2367.5,-332.5,0.9679833038858783,1.0290024622998615
8,32,baseline,first_raw_q90,120710.90000000005,99331.60000000003,95387.8,-21379.300000000017,-3943.800000000032,-25323.10000000005,0.8228884052724318,0.9602966226256294
8,32,baseline,last_raw_median,5575.0,5707.0,5658.5,132.0,-48.5,83.5,1.023677130044843,0.9915016646223935
8,32,baseline,first_minus_last_raw_median,78669.5,75844.5,78342.5,-2825.0,2498.0,-327.0,0.9640902764095362,1.0329358094522345
8,32,baseline,first_div_last_raw_median,15.107927924107049,14.476930256930386,14.642860274139084,-0.6309976671766631,0.16593001720869793,-0.4650676499679651,0.9582340033427212,1.0114616851959526
8,32,baseline,filldir64_calls_per_listing,0.0,0.0,0.0,0.0,0.0,0.0,0.0,0.0
8,32,baseline,iterate_calls_per_listing,2.0,2.0,2.0,0.0,0.0,0.0,1.0,1.0
8,32,cpu,first_raw_q10,42464.0,45158.2,51540.9,2694.199999999997,6382.700000000004,9076.900000000001,1.0634466842501884,1.1413408860406307
8,32,cpu,first_raw_median,54678.0,59911.0,62560.0,5233.0,2649.0,7882.0,1.0957057683163247,1.044215586453239
8,32,cpu,first_raw_q90,98228.3,85714.8,75774.00000000003,-12513.5,-9940.799999999974,-22454.299999999974,0.8726079958626994,0.8840246958518252
8,32,cpu,last_raw_median,5719.5,8706.0,8573.5,2986.5,-132.5,2854.0,1.5221610280618936,0.9847806110728233
8,32,cpu,first_minus_last_raw_median,47040.5,51062.0,54456.0,4021.5,3394.0,7415.5,1.0854901627321139,1.0664682151110414
8,32,cpu,first_div_last_raw_median,8.022320981698513,7.952171636679803,7.694672642380773,-0.07014934501871029,-0.2574989942990298,-0.32764833931774007,0.9912557294604961,0.967619034640638
8,32,cpu,filldir64_calls_per_listing,0.0,0.0,0.0,0.0,0.0,0.0,0.0,0.0
8,32,cpu,iterate_calls_per_listing,2.0,2.0,2.0,0.0,0.0,0.0,1.0,1.0
8,160,baseline,first_raw_q10,74054.3,80011.6,85549.1,5957.300000000003,5537.5,11494.800000000003,1.0804450247993702,1.0692087147363631
8,160,baseline,first_raw_median,91694.5,98997.0,96958.5,7302.5,-2038.5,5264.0,1.0796394549291397,0.9794084669232401
8,160,baseline,first_raw_q90,107470.00000000001,133406.5,113356.20000000003,25936.499999999985,-20050.299999999974,5886.200000000012,1.24133711733507,0.8497052242581885
8,160,baseline,last_raw_median,5695.0,5577.0,5704.0,-118.0,127.0,9.0,0.97928007023705,1.0227720996951766
8,160,baseline,first_minus_last_raw_median,84856.5,92779.5,91116.5,7923.0,-1663.0,6260.0,1.0933693942125824,0.9820757818268044
8,160,baseline,first_div_last_raw_median,15.557180002656235,17.214807373717626,16.540237039930034,1.6576273710613911,-0.6745703337875923,0.9830570372737988,1.1065506326196886,0.9608145290770155
8,160,baseline,filldir64_calls_per_listing,0.0,0.0,0.0,0.0,0.0,0.0,0.0,0.0
8,160,baseline,iterate_calls_per_listing,2.0,2.0,2.0,0.0,0.0,0.0,1.0,1.0
8,160,cpu,first_raw_q10,54696.8,59963.2,66324.7,5266.399999999994,6361.5,11627.899999999994,1.096283512015328,1.106090068575393
8,160,cpu,first_raw_median,63857.0,75431.5,82519.0,11574.5,7087.5,18662.0,1.1812565576209342,1.09395942013615
8,160,cpu,first_raw_q90,90833.20000000004,93904.1,102292.40000000002,3070.899999999965,8388.300000000017,11459.199999999983,1.0338081230210976,1.0893283679839327
8,160,cpu,last_raw_median,5759.0,5853.0,8509.5,94.0,2656.5,2750.5,1.016322278173294,1.4538698103536647
8,160,cpu,first_minus_last_raw_median,56876.5,63823.0,74300.5,6946.5,10477.5,17424.0,1.122133042645029,1.16416495620701
8,160,cpu,first_div_last_raw_median,10.214080673261225,10.872280343558689,10.313603694671036,0.6581996702974635,-0.5586766488876531,0.0995230214098104,1.0644404221341741,0.9486145839480085
8,160,cpu,filldir64_calls_per_listing,0.0,0.0,0.0,0.0,0.0,0.0,0.0,0.0
8,160,cpu,iterate_calls_per_listing,2.0,2.0,2.0,0.0,0.0,0.0,1.0,1.0
128,32,baseline,first_raw_q10,143293.1,169852.1,189787.2,26559.0,19935.100000000006,46494.100000000006,1.1853473754144477,1.1173674037589174
128,32,baseline,first_raw_median,150927.0,187661.0,260132.5,36734.0,72471.5,109205.5,1.2433891881505628,1.3861830641422566
128,32,baseline,first_raw_q90,196655.5,207096.7,326106.3000000001,10441.200000000012,119009.6000000001,129450.8000000001,1.0530938621091197,1.5746571529145568
128,32,baseline,last_raw_median,6303.0,6460.5,26144.0,157.5,19683.5,19841.0,1.0249881009043313,4.046745607925083
128,32,baseline,first_minus_last_raw_median,141182.5,165584.0,208965.5,24401.5,43381.5,67783.0,1.1728365767712003,1.261990892839888
128,32,baseline,first_div_last_raw_median,24.485284421618847,26.7475010819008,11.53407227461014,2.262216660281954,-15.213428807290661,-12.951212147008707,1.0923908671562979,0.4312205554938695
128,32,baseline,filldir64_calls_per_listing,0.0,0.0,0.0,0.0,0.0,0.0,0.0,0.0
128,32,baseline,iterate_calls_per_listing,2.0,2.0,2.0,0.0,0.0,0.0,1.0,1.0
128,32,cpu,first_raw_q10,116981.7,136346.7,160627.6,19365.000000000015,24280.899999999994,43645.90000000001,1.1655387124652832,1.1780820511240828
128,32,cpu,first_raw_median,154167.0,184490.5,211783.5,30323.5,27293.0,57616.5,1.1966925476917887,1.1479371566557628
128,32,cpu,first_raw_q90,548142.5000000041,236159.20000000024,280398.0,-311983.30000000383,44238.799999999756,-267744.5000000041,0.4308354123243472,1.1873261765791878
128,32,cpu,last_raw_median,11915.5,13607.5,13459.5,1692.0,-148.0,1544.0,1.1419999160756997,0.9891236450486864
128,32,cpu,first_minus_last_raw_median,138064.0,163948.0,196806.0,25884.0,32858.0,58742.0,1.1874782709468072,1.2004172054553883
128,32,cpu,first_div_last_raw_median,16.356028061706905,11.39615181975004,13.559430113357568,-4.959876241956865,2.1632782936075277,-2.796597948349337,0.6967554577893494,1.189825331201579
128,32,cpu,filldir64_calls_per_listing,0.0,0.0,0.0,0.0,0.0,0.0,0.0,0.0
128,32,cpu,iterate_calls_per_listing,2.0,2.0,2.0,0.0,0.0,0.0,1.0,1.0
128,160,baseline,first_raw_q10,229320.2,256767.5,347881.3,27447.29999999999,91113.79999999999,118561.09999999998,1.1196898485174878,1.3548494260371737
128,160,baseline,first_raw_median,257677.0,288066.0,404671.0,30389.0,116605.0,146994.0,1.1179344683460302,1.4047857088306153
128,160,baseline,first_raw_q90,314167.5,327332.9,448140.20000000007,13165.400000000023,120807.30000000005,133972.70000000007,1.041905671337742,1.3690655598627575
128,160,baseline,last_raw_median,34904.0,36223.0,36540.5,1319.0,317.5,1636.5,1.0377893651157462,1.0087651492145875
128,160,baseline,first_minus_last_raw_median,222018.5,245004.0,367004.0,22985.5,122000.0,144985.5,1.1035296608165537,1.497951053860345
128,160,baseline,first_div_last_raw_median,7.391428432934745,7.75401843756124,11.149616555349304,0.3625900046264947,3.3955981177880643,3.758188122414559,1.0490554712010558,1.4379146303469499
128,160,baseline,filldir64_calls_per_listing,0.0,0.0,0.0,0.0,0.0,0.0,0.0,0.0
128,160,baseline,iterate_calls_per_listing,2.0,2.0,2.0,0.0,0.0,0.0,1.0,1.0
128,160,cpu,first_raw_q10,217093.6,233473.6,311630.7,16380.0,78157.1,94537.1,1.075451326063965,1.3347577627620424
128,160,cpu,first_raw_median,301316.5,326007.5,337974.0,24691.0,11966.5,36657.5,1.0819437369012317,1.0367062107466853
128,160,cpu,first_raw_q90,370701.20000000007,369532.80000000005,527802.1,-1168.4000000000233,158269.29999999993,157100.8999999999,0.9968481353715607,1.4282956749712066
128,160,cpu,last_raw_median,16115.5,19953.5,11847.0,3838.0,-8106.5,-4268.5,1.238155812726878,0.5937304232340191
128,160,cpu,first_minus_last_raw_median,277410.0,306114.0,318431.0,28704.0,12317.0,41021.0,1.1034713961284741,1.040236643864704
128,160,cpu,first_div_last_raw_median,18.353211798999133,17.946383934977096,30.88443347905786,-0.40682786402203774,12.938049544080766,12.531221680058728,0.977833424008967,1.720927936845528
128,160,cpu,filldir64_calls_per_listing,0.0,0.0,0.0,0.0,0.0,0.0,0.0,0.0
128,160,cpu,iterate_calls_per_listing,2.0,2.0,2.0,0.0,0.0,0.0,1.0,1.0
1024,32,baseline,first_raw_q10,392720.2,496148.7,611607.9,103428.5,115459.20000000001,218887.7,1.2633643494783309,1.2327108788151617
1024,32,baseline,first_raw_median,434746.5,526713.0,636061.5,91966.5,109348.5,201315.0,1.2115405184400565,1.2076054701516765
1024,32,baseline,first_raw_q90,509523.3000000002,572538.5,741668.9,63015.19999999978,169130.40000000002,232145.5999999998,1.1236748152635998,1.295404413851645
1024,32,baseline,last_raw_median,33944.0,33080.0,32582.5,-864.0,-497.5,-1361.5,0.9745463115720009,0.9849607013301088
1024,32,baseline,first_minus_last_raw_median,396364.5,492306.0,603534.0,95941.5,111228.0,207169.5,1.2420537157086469,1.22593265164349
1024,32,baseline,first_div_last_raw_median,12.493464243308253,15.898338954340932,19.60740865673519,3.4048747110326794,3.709069702394256,7.113944413426935,1.2725324733575316,1.233299196415832
1024,32,baseline,filldir64_calls_per_listing,0.0,0.0,0.0,0.0,0.0,0.0,0.0,0.0
1024,32,baseline,iterate_calls_per_listing,3.0,3.0,3.0,0.0,0.0,0.0,1.0,1.0
1024,32,cpu,first_raw_q10,366913.7,470943.0,585879.2,104029.29999999999,114936.19999999995,218965.49999999994,1.283525254031125,1.2440554377068986
1024,32,cpu,first_raw_median,406788.5,666481.5,829934.0,259693.0,163452.5,423145.5,1.6383980864749126,1.2452468673173973
1024,32,cpu,first_raw_q90,589060.8,3727241.3,3783426.1,3138180.5,56184.80000000028,3194365.3,6.3274305470674665,1.0150740978320885
1024,32,cpu,last_raw_median,11139.0,15013.0,15939.0,3874.0,926.0,4800.0,1.347787054493222,1.0616798774395524
1024,32,cpu,first_minus_last_raw_median,401543.0,642352.5,814477.0,240809.5,172124.5,412934.0,1.599710367258301,1.267959570485053
1024,32,cpu,first_div_last_raw_median,34.59166863482981,46.34948294140122,52.42696192530376,11.757814306571412,6.077478983902537,17.83529329047395,1.339903068299303,1.1311229079208107
1024,32,cpu,filldir64_calls_per_listing,0.0,0.0,0.0,0.0,0.0,0.0,0.0,0.0
1024,32,cpu,iterate_calls_per_listing,3.0,3.0,3.0,0.0,0.0,0.0,1.0,1.0
1024,160,baseline,first_raw_q10,327471.2,337278.4,475953.7,9807.200000000012,138675.3,148482.5,1.0299482824749169,1.4111597422188908
1024,160,baseline,first_raw_median,369200.0,369493.5,505302.0,293.5,135808.5,136102.0,1.0007949620801733,1.367553150461375
1024,160,baseline,first_raw_q90,417189.80000000005,469002.50000000006,575539.3,51812.70000000001,106536.79999999999,158349.5,1.1241945512570057,1.2271561452231063
1024,160,baseline,last_raw_median,32966.5,30703.5,33322.0,-2263.0,2618.5,355.5,0.9313545568986699,1.0852834367417394
1024,160,baseline,first_minus_last_raw_median,335157.0,334677.5,468237.0,-479.5,133559.5,133080.0,0.9985693272108296,1.3990692532363245
1024,160,baseline,first_div_last_raw_median,10.98752338575108,11.764535425880599,15.365840348740736,0.7770120401295184,3.6013049228601375,4.378316962989656,1.0707176688367435,1.3061153536872938
1024,160,baseline,filldir64_calls_per_listing,0.0,0.0,0.0,0.0,0.0,0.0,0.0,0.0
1024,160,baseline,iterate_calls_per_listing,7.0,7.0,7.0,0.0,0.0,0.0,1.0,1.0
1024,160,cpu,first_raw_q10,416562.8,322506.6,438668.4,-94056.20000000001,116161.80000000005,22105.600000000035,0.7742088347783335,1.3601842566942817
1024,160,cpu,first_raw_median,481836.5,483659.5,482648.0,1823.0,-1011.5,811.5,1.0037834410635142,0.9979086526781754
1024,160,cpu,first_raw_q90,3605355.1,566082.2000000001,3684192.5,-3039272.9,3118110.3,78837.3999999999,0.1570114965929431,6.5082288402638335
1024,160,cpu,last_raw_median,16345.0,12179.0,16605.5,-4166.0,4426.5,260.5,0.7451208320587336,1.3634534855078413
1024,160,cpu,first_minus_last_raw_median,469821.5,468690.5,468384.0,-1131.0,-306.5,-1437.5,0.9975927027605165,0.9993460503253213
1024,160,cpu,first_div_last_raw_median,34.65593791472379,31.21508541646559,41.926730464930415,-3.4408524982582023,10.711645048464824,7.270792550206622,0.9007139120942291,1.3431560383562031
1024,160,cpu,filldir64_calls_per_listing,0.0,0.0,0.0,0.0,0.0,0.0,0.0,0.0
1024,160,cpu,iterate_calls_per_listing,7.0,7.0,7.0,0.0,0.0,0.0,1.0,1.0
