path,batch_id,boot_id,campaign_id,campaign_position,campaign_phase,label,condition,probe_profile,iterations,visible_cardinality,filename_length,hidden_slot,valid,exact_output_pass,lost_events,iterate_pid_count,iterate_calls,iterate_call_count_distribution,pids_one_call,pids_two_calls,pids_other_calls,hidden_visible_iterations,normal_hidden_observed_index
results/d4_sham_control/raw_r1/batch_20260919T080010.223614Z_97520d1e.json.gz,20260919T080010.223614Z_97520d1e,7d9cd8f6-f1b9-4a3a-a784-7b3453a4210d,d4sham_7d9cd8f6-f1b9-4a3a-a784-7b3453a4210d_7401_69489bc8,0,sham,normal,baseline,security,20,1024,32,middle,True,True,0,20,60,"{""3"": 20}",0,0,20,20,1008
results/d4_sham_control/raw_r1/batch_20260919T080023.356236Z_1a604e45.json.gz,20260919T080023.356236Z_1a604e45,7d9cd8f6-f1b9-4a3a-a784-7b3453a4210d,d4sham_7d9cd8f6-f1b9-4a3a-a784-7b3453a4210d_7401_69489bc8,1,hiding,rootkit,cpu,security,20,8,32,middle,True,True,0,20,40,"{""2"": 20}",0,20,0,0,
results/d4_sham_control/raw_r1/batch_20260919T080028.023598Z_a48fb297.json.gz,20260919T080028.023598Z_a48fb297,7d9cd8f6-f1b9-4a3a-a784-7b3453a4210d,d4sham_7d9cd8f6-f1b9-4a3a-a784-7b3453a4210d_7401_69489bc8,2,hiding,rootkit,baseline,security,20,8,160,middle,True,True,0,20,40,"{""2"": 20}",0,20,0,0,
results/d4_sham_control/raw_r1/batch_20260919T080040.516359Z_5d780499.json.gz,20260919T080040.516359Z_5d780499,7d9cd8f6-f1b9-4a3a-a784-7b3453a4210d,d4sham_7d9cd8f6-f1b9-4a3a-a784-7b3453a4210d_7401_69489bc8,3,sham,normal,cpu,security,20,1024,160,middle,True,True,0,20,140,"{""7"": 20}",0,0,20,20,254
results/d4_sham_control/raw_r1/batch_20260919T080047.489154Z_82eb7324.json.gz,20260919T080047.489154Z_82eb7324,7d9cd8f6-f1b9-4a3a-a784-7b3453a4210d,d4sham_7d9cd8f6-f1b9-4a3a-a784-7b3453a4210d_7401_69489bc8,4,unloaded,normal,baseline,security,20,128,32,middle,True,True,0,20,40,"{""2"": 20}",0,20,0,20,129
results/d4_sham_control/raw_r1/batch_20260919T080059.511554Z_3b9ad2a2.json.gz,20260919T080059.511554Z_3b9ad2a2,7d9cd8f6-f1b9-4a3a-a784-7b3453a4210d,d4sham_7d9cd8f6-f1b9-4a3a-a784-7b3453a4210d_7401_69489bc8,5,sham,normal,cpu,security,20,1024,32,middle,True,True,0,20,60,"{""3"": 20}",0,0,20,20,1008
results/d4_sham_control/raw_r1/batch_20260919T080113.982674Z_43248868.json.gz,20260919T080113.982674Z_43248868,7d9cd8f6-f1b9-4a3a-a784-7b3453a4210d,d4sham_7d9cd8f6-f1b9-4a3a-a784-7b3453a4210d_7401_69489bc8,6,unloaded,normal,cpu,security,20,1024,160,middle,True,True,0,20,140,"{""7"": 20}",0,0,20,20,254
results/d4_sham_control/raw_r1/batch_20260919T080120.532913Z_544e2bbd.json.gz,20260919T080120.532913Z_544e2bbd,7d9cd8f6-f1b9-4a3a-a784-7b3453a4210d,d4sham_7d9cd8f6-f1b9-4a3a-a784-7b3453a4210d_7401_69489bc8,7,hiding,rootkit,baseline,security,20,1024,160,middle,True,True,0,20,140,"{""7"": 20}",0,0,20,0,
results/d4_sham_control/raw_r1/batch_20260919T080127.782802Z_9369ffea.json.gz,20260919T080127.782802Z_9369ffea,7d9cd8f6-f1b9-4a3a-a784-7b3453a4210d,d4sham_7d9cd8f6-f1b9-4a3a-a784-7b3453a4210d_7401_69489bc8,8,sham,normal,baseline,security,20,8,32,middle,True,True,0,20,40,"{""2"": 20}",0,20,0,20,10
results/d4_sham_control/raw_r1/batch_20260919T080131.929844Z_fd7f87b3.json.gz,20260919T080131.929844Z_fd7f87b3,7d9cd8f6-f1b9-4a3a-a784-7b3453a4210d,d4sham_7d9cd8f6-f1b9-4a3a-a784-7b3453a4210d_7401_69489bc8,9,sham,normal,baseline,security,20,8,160,middle,True,True,0,20,40,"{""2"": 20}",0,20,0,20,3
results/d4_sham_control/raw_r1/batch_20260919T080142.470428Z_034bd0f9.json.gz,20260919T080142.470428Z_034bd0f9,7d9cd8f6-f1b9-4a3a-a784-7b3453a4210d,d4sham_7d9cd8f6-f1b9-4a3a-a784-7b3453a4210d_7401_69489bc8,10,unloaded,normal,cpu,security,20,128,32,middle,True,True,0,20,40,"{""2"": 20}",0,20,0,20,129
results/d4_sham_control/raw_r1/batch_20260919T080146.865576Z_a572d138.json.gz,20260919T080146.865576Z_a572d138,7d9cd8f6-f1b9-4a3a-a784-7b3453a4210d,d4sham_7d9cd8f6-f1b9-4a3a-a784-7b3453a4210d_7401_69489bc8,11,sham,normal,baseline,security,20,128,32,middle,True,True,0,20,40,"{""2"": 20}",0,20,0,20,129
results/d4_sham_control/raw_r1/batch_20260919T080159.426627Z_40c18a37.json.gz,20260919T080159.426627Z_40c18a37,7d9cd8f6-f1b9-4a3a-a784-7b3453a4210d,d4sham_7d9cd8f6-f1b9-4a3a-a784-7b3453a4210d_7401_69489bc8,12,hiding,rootkit,cpu,security,20,1024,32,middle,True,True,0,20,60,"{""3"": 20}",0,0,20,0,
results/d4_sham_control/raw_r1/batch_20260919T080213.003687Z_ffe62a6e.json.gz,20260919T080213.003687Z_ffe62a6e,7d9cd8f6-f1b9-4a3a-a784-7b3453a4210d,d4sham_7d9cd8f6-f1b9-4a3a-a784-7b3453a4210d_7401_69489bc8,13,unloaded,normal,cpu,security,20,8,32,middle,True,True,0,20,40,"{""2"": 20}",0,20,0,20,10
results/d4_sham_control/raw_r1/batch_20260919T080217.339163Z_4aae5f8b.json.gz,20260919T080217.339163Z_4aae5f8b,7d9cd8f6-f1b9-4a3a-a784-7b3453a4210d,d4sham_7d9cd8f6-f1b9-4a3a-a784-7b3453a4210d_7401_69489bc8,14,hiding,rootkit,baseline,security,20,128,32,middle,True,True,0,20,40,"{""2"": 20}",0,20,0,0,
results/d4_sham_control/raw_r1/batch_20260919T080228.591029Z_3cb3dc12.json.gz,20260919T080228.591029Z_3cb3dc12,7d9cd8f6-f1b9-4a3a-a784-7b3453a4210d,d4sham_7d9cd8f6-f1b9-4a3a-a784-7b3453a4210d_7401_69489bc8,15,unloaded,normal,cpu,security,20,128,160,middle,True,True,0,20,40,"{""2"": 20}",0,20,0,20,41
results/d4_sham_control/raw_r1/batch_20260919T080232.929994Z_85e638f2.json.gz,20260919T080232.929994Z_85e638f2,7d9cd8f6-f1b9-4a3a-a784-7b3453a4210d,d4sham_7d9cd8f6-f1b9-4a3a-a784-7b3453a4210d_7401_69489bc8,16,hiding,rootkit,baseline,security,20,8,32,middle,True,True,0,20,40,"{""2"": 20}",0,20,0,0,
results/d4_sham_control/raw_r1/batch_20260919T080243.725878Z_1fcbe044.json.gz,20260919T080243.725878Z_1fcbe044,7d9cd8f6-f1b9-4a3a-a784-7b3453a4210d,d4sham_7d9cd8f6-f1b9-4a3a-a784-7b3453a4210d_7401_69489bc8,17,sham,normal,cpu,security,20,8,32,middle,True,True,0,20,40,"{""2"": 20}",0,20,0,20,10
results/d4_sham_control/raw_r1/batch_20260919T080254.103245Z_a537b327.json.gz,20260919T080254.103245Z_a537b327,7d9cd8f6-f1b9-4a3a-a784-7b3453a4210d,d4sham_7d9cd8f6-f1b9-4a3a-a784-7b3453a4210d_7401_69489bc8,18,sham,normal,cpu,security,20,8,160,middle,True,True,0,20,40,"{""2"": 20}",0,20,0,20,3
results/d4_sham_control/raw_r1/batch_20260919T080258.256269Z_dbca4d25.json.gz,20260919T080258.256269Z_dbca4d25,7d9cd8f6-f1b9-4a3a-a784-7b3453a4210d,d4sham_7d9cd8f6-f1b9-4a3a-a784-7b3453a4210d_7401_69489bc8,19,unloaded,normal,baseline,security,20,8,32,middle,True,True,0,20,40,"{""2"": 20}",0,20,0,20,10
results/d4_sham_control/raw_r1/batch_20260919T080308.780182Z_d75e0048.json.gz,20260919T080308.780182Z_d75e0048,7d9cd8f6-f1b9-4a3a-a784-7b3453a4210d,d4sham_7d9cd8f6-f1b9-4a3a-a784-7b3453a4210d_7401_69489bc8,20,hiding,rootkit,cpu,security,20,128,32,middle,True,True,0,20,40,"{""2"": 20}",0,20,0,0,
results/d4_sham_control/raw_r1/batch_20260919T080320.142369Z_833e9ac0.json.gz,20260919T080320.142369Z_833e9ac0,7d9cd8f6-f1b9-4a3a-a784-7b3453a4210d,d4sham_7d9cd8f6-f1b9-4a3a-a784-7b3453a4210d_7401_69489bc8,21,sham,normal,cpu,security,20,128,160,middle,True,True,0,20,40,"{""2"": 20}",0,20,0,20,41
results/d4_sham_control/raw_r1/batch_20260919T080331.728126Z_87e6274b.json.gz,20260919T080331.728126Z_87e6274b,7d9cd8f6-f1b9-4a3a-a784-7b3453a4210d,d4sham_7d9cd8f6-f1b9-4a3a-a784-7b3453a4210d_7401_69489bc8,22,unloaded,normal,cpu,security,20,1024,32,middle,True,True,0,20,60,"{""3"": 20}",0,0,20,20,1008
results/d4_sham_control/raw_r1/batch_20260919T080337.305593Z_db9903e6.json.gz,20260919T080337.305593Z_db9903e6,7d9cd8f6-f1b9-4a3a-a784-7b3453a4210d,d4sham_7d9cd8f6-f1b9-4a3a-a784-7b3453a4210d_7401_69489bc8,23,unloaded,normal,baseline,security,20,8,160,middle,True,True,0,20,40,"{""2"": 20}",0,20,0,20,3
results/d4_sham_control/raw_r1/batch_20260919T080348.075583Z_c6145339.json.gz,20260919T080348.075583Z_c6145339,7d9cd8f6-f1b9-4a3a-a784-7b3453a4210d,d4sham_7d9cd8f6-f1b9-4a3a-a784-7b3453a4210d_7401_69489bc8,24,hiding,rootkit,cpu,security,20,128,160,middle,True,True,0,20,40,"{""2"": 20}",0,20,0,0,
results/d4_sham_control/raw_r1/batch_20260919T080353.499028Z_0d1cc551.json.gz,20260919T080353.499028Z_0d1cc551,7d9cd8f6-f1b9-4a3a-a784-7b3453a4210d,d4sham_7d9cd8f6-f1b9-4a3a-a784-7b3453a4210d_7401_69489bc8,25,unloaded,normal,baseline,security,20,1024,32,middle,True,True,0,20,60,"{""3"": 20}",0,0,20,20,1008
results/d4_sham_control/raw_r1/batch_20260919T080408.085796Z_084c30e3.json.gz,20260919T080408.085796Z_084c30e3,7d9cd8f6-f1b9-4a3a-a784-7b3453a4210d,d4sham_7d9cd8f6-f1b9-4a3a-a784-7b3453a4210d_7401_69489bc8,26,hiding,rootkit,cpu,security,20,1024,160,middle,True,True,0,20,140,"{""7"": 20}",0,0,20,0,
results/d4_sham_control/raw_r1/batch_20260919T080422.052433Z_ea48218e.json.gz,20260919T080422.052433Z_ea48218e,7d9cd8f6-f1b9-4a3a-a784-7b3453a4210d,d4sham_7d9cd8f6-f1b9-4a3a-a784-7b3453a4210d_7401_69489bc8,27,hiding,rootkit,cpu,security,20,8,160,middle,True,True,0,20,40,"{""2"": 20}",0,20,0,0,
results/d4_sham_control/raw_r1/batch_20260919T080427.623490Z_ed6ce3a4.json.gz,20260919T080427.623490Z_ed6ce3a4,7d9cd8f6-f1b9-4a3a-a784-7b3453a4210d,d4sham_7d9cd8f6-f1b9-4a3a-a784-7b3453a4210d_7401_69489bc8,28,hiding,rootkit,baseline,security,20,1024,32,middle,True,True,0,20,60,"{""3"": 20}",0,0,20,0,
results/d4_sham_control/raw_r1/batch_20260919T080435.843789Z_4707ece2.json.gz,20260919T080435.843789Z_4707ece2,7d9cd8f6-f1b9-4a3a-a784-7b3453a4210d,d4sham_7d9cd8f6-f1b9-4a3a-a784-7b3453a4210d_7401_69489bc8,29,sham,normal,baseline,security,20,1024,160,middle,True,True,0,20,140,"{""7"": 20}",0,0,20,20,254
results/d4_sham_control/raw_r1/batch_20260919T080449.182251Z_012520e9.json.gz,20260919T080449.182251Z_012520e9,7d9cd8f6-f1b9-4a3a-a784-7b3453a4210d,d4sham_7d9cd8f6-f1b9-4a3a-a784-7b3453a4210d_7401_69489bc8,30,sham,normal,cpu,security,20,128,32,middle,True,True,0,20,40,"{""2"": 20}",0,20,0,20,129
results/d4_sham_control/raw_r1/batch_20260919T080454.172506Z_6f48fc78.json.gz,20260919T080454.172506Z_6f48fc78,7d9cd8f6-f1b9-4a3a-a784-7b3453a4210d,d4sham_7d9cd8f6-f1b9-4a3a-a784-7b3453a4210d_7401_69489bc8,31,unloaded,normal,baseline,security,20,1024,160,middle,True,True,0,20,140,"{""7"": 20}",0,0,20,20,254
results/d4_sham_control/raw_r1/batch_20260919T080505.738912Z_995e37a7.json.gz,20260919T080505.738912Z_995e37a7,7d9cd8f6-f1b9-4a3a-a784-7b3453a4210d,d4sham_7d9cd8f6-f1b9-4a3a-a784-7b3453a4210d_7401_69489bc8,32,unloaded,normal,cpu,security,20,8,160,middle,True,True,0,20,40,"{""2"": 20}",0,20,0,20,3
results/d4_sham_control/raw_r1/batch_20260919T080510.041561Z_218bffde.json.gz,20260919T080510.041561Z_218bffde,7d9cd8f6-f1b9-4a3a-a784-7b3453a4210d,d4sham_7d9cd8f6-f1b9-4a3a-a784-7b3453a4210d_7401_69489bc8,33,hiding,rootkit,baseline,security,20,128,160,middle,True,True,0,20,40,"{""2"": 20}",0,20,0,0,
results/d4_sham_control/raw_r1/batch_20260919T080515.610337Z_7c3344ee.json.gz,20260919T080515.610337Z_7c3344ee,7d9cd8f6-f1b9-4a3a-a784-7b3453a4210d,d4sham_7d9cd8f6-f1b9-4a3a-a784-7b3453a4210d_7401_69489bc8,34,unloaded,normal,baseline,security,20,128,160,middle,True,True,0,20,40,"{""2"": 20}",0,20,0,20,41
results/d4_sham_control/raw_r1/batch_20260919T080519.954301Z_c318f759.json.gz,20260919T080519.954301Z_c318f759,7d9cd8f6-f1b9-4a3a-a784-7b3453a4210d,d4sham_7d9cd8f6-f1b9-4a3a-a784-7b3453a4210d_7401_69489bc8,35,sham,normal,baseline,security,20,128,160,middle,True,True,0,20,40,"{""2"": 20}",0,20,0,20,41
