mode,symmetric_difference,requested_cell_factor,cell_count,actual_cells_per_difference,trials,decode_successes,decode_success_rate,incorrect_successes,fingerprint_false_equals,mean_residual_cells,max_residual_cells
missing,1,1,4,4.0,128,128,1.0,0,0,0.0,0
missing,1,2,4,4.0,128,128,1.0,0,0,0.0,0
missing,1,4,4,4.0,128,128,1.0,0,0,0.0,0
missing,1,8,8,8.0,128,128,1.0,0,0,0.0,0
missing,2,1,4,2.0,128,90,0.703125,0,0,0.890625,3
missing,2,2,4,2.0,128,101,0.7890625,0,0,0.6328125,3
missing,2,4,8,4.0,128,126,0.984375,0,0,0.046875,3
missing,2,8,16,8.0,128,128,1.0,0,0,0.0,0
missing,4,1,4,1.0,128,0,0.0,0,0,3.8359375,4
missing,4,2,8,2.0,128,108,0.84375,0,0,0.59375,6
missing,4,4,16,4.0,128,128,1.0,0,0,0.0,0
missing,4,8,32,8.0,128,128,1.0,0,0,0.0,0
missing,8,1,8,1.0,128,0,0.0,0,0,6.671875,8
missing,8,2,16,2.0,128,120,0.9375,0,0,0.3203125,7
missing,8,4,32,4.0,128,127,0.9921875,0,0,0.0234375,3
missing,8,8,64,8.0,128,128,1.0,0,0,0.0,0
missing,16,1,16,1.0,128,0,0.0,0,0,12.734375,16
missing,16,2,32,2.0,128,124,0.96875,0,0,0.1015625,4
missing,16,4,64,4.0,128,127,0.9921875,0,0,0.0234375,3
missing,16,8,128,8.0,128,128,1.0,0,0,0.0,0
missing,32,1,32,1.0,128,0,0.0,0,0,24.46875,30
missing,32,2,64,2.0,128,125,0.9765625,0,0,0.0703125,3
missing,32,4,128,4.0,128,128,1.0,0,0,0.0,0
missing,32,8,256,8.0,128,128,1.0,0,0,0.0,0
missing,64,1,64,1.0,128,0,0.0,0,0,46.890625,57
missing,64,2,128,2.0,128,127,0.9921875,0,0,0.0234375,3
missing,64,4,256,4.0,128,128,1.0,0,0,0.0,0
missing,64,8,512,8.0,128,128,1.0,0,0,0.0,0
missing,128,1,128,1.0,128,0,0.0,0,0,92.7265625,104
missing,128,2,256,2.0,128,128,1.0,0,0,0.0,0
missing,128,4,512,4.0,128,128,1.0,0,0,0.0,0
missing,128,8,1024,8.0,128,128,1.0,0,0,0.0,0
missing,256,1,256,1.0,128,0,0.0,0,0,185.7734375,202
missing,256,2,512,2.0,128,128,1.0,0,0,0.0,0
missing,256,4,1024,4.0,128,128,1.0,0,0,0.0,0
missing,256,8,2048,8.0,128,128,1.0,0,0,0.0,0
missing,512,1,512,1.0,128,0,0.0,0,0,371.234375,403
missing,512,2,1024,2.0,128,128,1.0,0,0,0.0,0
missing,512,4,2048,4.0,128,128,1.0,0,0,0.0,0
missing,512,8,4096,8.0,128,128,1.0,0,0,0.0,0
substitution,1,1,4,4.0,128,128,1.0,0,0,0.0,0
substitution,1,2,4,4.0,128,128,1.0,0,0,0.0,0
substitution,1,4,4,4.0,128,128,1.0,0,0,0.0,0
substitution,1,8,8,8.0,128,128,1.0,0,0,0.0,0
substitution,2,1,4,2.0,128,95,0.7421875,0,0,0.7734375,3
substitution,2,2,4,2.0,128,96,0.75,0,0,0.75,3
substitution,2,4,8,4.0,128,127,0.9921875,0,0,0.0234375,3
substitution,2,8,16,8.0,128,128,1.0,0,0,0.0,0
substitution,4,1,4,1.0,128,0,0.0,0,0,3.8046875,4
substitution,4,2,8,2.0,128,102,0.796875,0,0,0.7109375,5
substitution,4,4,16,4.0,128,127,0.9921875,0,0,0.0234375,3
substitution,4,8,32,8.0,128,128,1.0,0,0,0.0,0
substitution,8,1,8,1.0,128,0,0.0,0,0,6.546875,8
substitution,8,2,16,2.0,128,106,0.828125,0,0,0.6875,8
substitution,8,4,32,4.0,128,124,0.96875,0,0,0.09375,3
substitution,8,8,64,8.0,128,128,1.0,0,0,0.0,0
substitution,16,1,16,1.0,128,0,0.0,0,0,12.171875,16
substitution,16,2,32,2.0,128,124,0.96875,0,0,0.171875,7
substitution,16,4,64,4.0,128,128,1.0,0,0,0.0,0
substitution,16,8,128,8.0,128,128,1.0,0,0,0.0,0
substitution,32,1,32,1.0,128,0,0.0,0,0,23.5234375,32
substitution,32,2,64,2.0,128,123,0.9609375,0,0,0.1953125,10
substitution,32,4,128,4.0,128,128,1.0,0,0,0.0,0
substitution,32,8,256,8.0,128,128,1.0,0,0,0.0,0
substitution,64,1,64,1.0,128,0,0.0,0,0,47.3046875,58
substitution,64,2,128,2.0,128,126,0.984375,0,0,0.046875,3
substitution,64,4,256,4.0,128,128,1.0,0,0,0.0,0
substitution,64,8,512,8.0,128,128,1.0,0,0,0.0,0
substitution,128,1,128,1.0,128,0,0.0,0,0,93.0390625,107
substitution,128,2,256,2.0,128,128,1.0,0,0,0.0,0
substitution,128,4,512,4.0,128,128,1.0,0,0,0.0,0
substitution,128,8,1024,8.0,128,128,1.0,0,0,0.0,0
substitution,256,1,256,1.0,128,0,0.0,0,0,185.9765625,201
substitution,256,2,512,2.0,128,128,1.0,0,0,0.0,0
substitution,256,4,1024,4.0,128,128,1.0,0,0,0.0,0
substitution,256,8,2048,8.0,128,128,1.0,0,0,0.0,0
substitution,512,1,512,1.0,128,0,0.0,0,0,370.3671875,397
substitution,512,2,1024,2.0,128,128,1.0,0,0,0.0,0
substitution,512,4,2048,4.0,128,128,1.0,0,0,0.0,0
substitution,512,8,4096,8.0,128,128,1.0,0,0,0.0,0
