position,state,condition_for_audit_only,cpu_busy_fraction,raw_timing_ns,log_residual,threshold,alert
48,hiding,baseline,0.20754716981132076,131654.0,0.2228613991283428,0.28319181588425113,False
49,hiding,cpu,1.0,191903.5,0.3164574398741795,0.28319181588425113,True
50,unloaded,baseline,0.20689655172413793,113522.5,0.07491771340206554,0.28319181588425113,False
51,unloaded,baseline,0.175,127629.5,0.20344788801913793,0.28319181588425113,False
52,hiding,baseline,0.18518518518518517,138394.0,0.280780899604105,0.28319181588425113,False
53,unloaded,cpu,1.0,126171.0,-0.10289707191650521,0.28319181588425113,False
54,hiding,baseline,0.19230769230769232,136550.5,0.2648251652396407,0.28319181588425113,False
55,sham,baseline,0.22413793103448276,111529.5,0.05104379118542646,0.28319181588425113,False
56,sham,cpu,1.0,153687.0,0.09438286497697312,0.28319181588425113,False
57,unloaded,baseline,0.18181818181818182,87399.0,-0.17763659614962357,0.28319181588425113,False
58,unloaded,cpu,1.0,124993.0,-0.11227746590488152,0.28319181588425113,False
59,sham,baseline,0.1864406779661017,131573.0,0.22978933275362579,0.28319181588425113,False
60,unloaded,cpu,1.0,127591.0,-0.09170536613135738,0.28319181588425113,False
61,sham,baseline,0.17543859649122806,110658.5,0.06060848239701677,0.28319181588425113,False
62,unloaded,baseline,0.23076923076923078,88081.5,-0.1873528152985191,0.28319181588425113,False
63,unloaded,cpu,1.0,123632.5,-0.12322174619568749,0.28319181588425113,False
64,hiding,cpu,1.0,197354.5,0.3444664023379662,0.28319181588425113,True
65,hiding,cpu,1.0,200107.5,0.35831952050753024,0.28319181588425113,True
66,sham,baseline,0.1875,109296.5,0.043913277526716143,0.28319181588425113,False
67,sham,baseline,0.21666666666666667,119239.0,0.12055474229498842,0.28319181588425113,False
68,sham,baseline,0.21311475409836064,114387.0,0.08028173480948375,0.28319181588425113,False
69,hiding,cpu,1.0,193164.0,0.32300436737296856,0.28319181588425113,True
70,sham,cpu,1.0,161275.0,0.14257578077918254,0.28319181588425113,False
71,hiding,cpu,1.0,177883.5,0.24059363999599093,0.28319181588425113,False
72,sham,cpu,1.0,172939.5,0.21240662071285143,0.28319181588425113,False
73,sham,cpu,1.0,155375.5,0.10530956620749166,0.28319181588425113,False
74,sham,cpu,1.0,159874.5,0.13385393081167685,0.28319181588425113,False
75,unloaded,cpu,0.9912280701754386,124466.5,-0.11336354716528341,0.28319181588425113,False
76,sham,baseline,0.1864406779661017,112343.5,0.07178864412533414,0.28319181588425113,False
77,hiding,baseline,0.21052631578947367,135748.0,0.25241962146556673,0.28319181588425113,False
78,unloaded,cpu,1.0,124079.0,-0.11961674211988615,0.28319181588425113,False
79,unloaded,cpu,1.0,119364.5,-0.15835336482195395,0.28319181588425113,False
80,unloaded,cpu,1.0,130185.0,-0.07157868587480642,0.28319181588425113,False
81,sham,cpu,1.0,162462.0,0.14990892663054822,0.28319181588425113,False
82,hiding,cpu,1.0,204103.5,0.3780920164862813,0.28319181588425113,True
83,sham,cpu,1.0,156480.5,0.1123961999388019,0.28319181588425113,False
84,unloaded,baseline,0.19480519480519481,109950.5,0.04726832321490804,0.28319181588425113,False
85,hiding,cpu,1.0,200141.0,0.35848691651315256,0.28319181588425113,True
86,hiding,baseline,0.20408163265306123,152408.5,0.3704871145361217,0.28319181588425113,True
87,hiding,cpu,1.0,201294.0,0.364231324303093,0.28319181588425113,True
88,hiding,baseline,0.21818181818181817,149673.0,0.3473362655817489,0.28319181588425113,True
89,unloaded,baseline,0.23529411764705882,99262.0,-0.0694696941521844,0.28319181588425113,False
90,sham,baseline,0.21428571428571427,110584.5,0.04605573700587229,0.28319181588425113,False
91,sham,cpu,1.0,152183.5,0.08455182792481608,0.28319181588425113,False
92,hiding,baseline,0.18181818181818182,168964.5,0.48156819658789907,0.28319181588425113,True
93,hiding,baseline,0.19402985074626866,162482.0,0.4380823898348378,0.28319181588425113,True
94,unloaded,baseline,0.20689655172413793,87490.5,-0.18555312571762705,0.28319181588425113,False
95,unloaded,baseline,0.2413793103448276,90411.0,-0.16504139425470576,0.28319181588425113,False
