path,batch_id,schema_version,boot_id,campaign_id,campaign_position,campaign_phase,label,condition,probe_profile,iterations,visible_cardinality,filename_length,hidden_slot,valid,exact_output_pass,lost_events,iterate_pid_count,iterate_calls,iterate_call_count_distribution,pids_one_call,pids_two_calls,pids_other_calls,hidden_visible_iterations,normal_hidden_observed_index
results\d4_sham_control\raw_r3_role_aggregate\batch_20260919T083240.755985Z_e3e64e68.json.gz,20260919T083240.755985Z_e3e64e68,4,7d9cd8f6-f1b9-4a3a-a784-7b3453a4210d,d4sham_7d9cd8f6-f1b9-4a3a-a784-7b3453a4210d_7403_f1cc9b44,0,hiding,rootkit,cpu,role_aggregate,20,8,160,middle,True,True,0,20,40,"{""2"": 20}",0,20,0,0,
results\d4_sham_control\raw_r3_role_aggregate\batch_20260919T083243.382581Z_7c05fa1c.json.gz,20260919T083243.382581Z_7c05fa1c,4,7d9cd8f6-f1b9-4a3a-a784-7b3453a4210d,d4sham_7d9cd8f6-f1b9-4a3a-a784-7b3453a4210d_7403_f1cc9b44,1,hiding,rootkit,baseline,role_aggregate,20,8,32,middle,True,True,0,20,40,"{""2"": 20}",0,20,0,0,
results\d4_sham_control\raw_r3_role_aggregate\batch_20260919T083252.135445Z_50873400.json.gz,20260919T083252.135445Z_50873400,4,7d9cd8f6-f1b9-4a3a-a784-7b3453a4210d,d4sham_7d9cd8f6-f1b9-4a3a-a784-7b3453a4210d_7403_f1cc9b44,2,sham,normal,cpu,role_aggregate,20,128,32,middle,True,True,0,20,40,"{""2"": 20}",0,20,0,20,129
results\d4_sham_control\raw_r3_role_aggregate\batch_20260919T083300.499276Z_1a218cb8.json.gz,20260919T083300.499276Z_1a218cb8,4,7d9cd8f6-f1b9-4a3a-a784-7b3453a4210d,d4sham_7d9cd8f6-f1b9-4a3a-a784-7b3453a4210d_7403_f1cc9b44,3,unloaded,normal,cpu,role_aggregate,20,1024,32,middle,True,True,0,20,60,"{""3"": 20}",0,0,20,20,1008
results\d4_sham_control\raw_r3_role_aggregate\batch_20260919T083308.677336Z_51de89a1.json.gz,20260919T083308.677336Z_51de89a1,4,7d9cd8f6-f1b9-4a3a-a784-7b3453a4210d,d4sham_7d9cd8f6-f1b9-4a3a-a784-7b3453a4210d_7403_f1cc9b44,4,unloaded,normal,cpu,role_aggregate,20,128,32,middle,True,True,0,20,40,"{""2"": 20}",0,20,0,20,129
results\d4_sham_control\raw_r3_role_aggregate\batch_20260919T083310.735710Z_d2b73868.json.gz,20260919T083310.735710Z_d2b73868,4,7d9cd8f6-f1b9-4a3a-a784-7b3453a4210d,d4sham_7d9cd8f6-f1b9-4a3a-a784-7b3453a4210d_7403_f1cc9b44,5,sham,normal,baseline,role_aggregate,20,8,32,middle,True,True,0,20,40,"{""2"": 20}",0,20,0,20,10
results\d4_sham_control\raw_r3_role_aggregate\batch_20260919T083318.998395Z_052ed915.json.gz,20260919T083318.998395Z_052ed915,4,7d9cd8f6-f1b9-4a3a-a784-7b3453a4210d,d4sham_7d9cd8f6-f1b9-4a3a-a784-7b3453a4210d_7403_f1cc9b44,6,sham,normal,cpu,role_aggregate,20,8,160,middle,True,True,0,20,40,"{""2"": 20}",0,20,0,20,3
results\d4_sham_control\raw_r3_role_aggregate\batch_20260919T083321.064200Z_96e30007.json.gz,20260919T083321.064200Z_96e30007,4,7d9cd8f6-f1b9-4a3a-a784-7b3453a4210d,d4sham_7d9cd8f6-f1b9-4a3a-a784-7b3453a4210d_7403_f1cc9b44,7,unloaded,normal,baseline,role_aggregate,20,8,160,middle,True,True,0,20,40,"{""2"": 20}",0,20,0,20,3
results\d4_sham_control\raw_r3_role_aggregate\batch_20260919T083323.314856Z_e5532438.json.gz,20260919T083323.314856Z_e5532438,4,7d9cd8f6-f1b9-4a3a-a784-7b3453a4210d,d4sham_7d9cd8f6-f1b9-4a3a-a784-7b3453a4210d_7403_f1cc9b44,8,sham,normal,baseline,role_aggregate,20,1024,32,middle,True,True,0,20,60,"{""3"": 20}",0,0,20,20,1008
results\d4_sham_control\raw_r3_role_aggregate\batch_20260919T083331.906570Z_35d9a445.json.gz,20260919T083331.906570Z_35d9a445,4,7d9cd8f6-f1b9-4a3a-a784-7b3453a4210d,d4sham_7d9cd8f6-f1b9-4a3a-a784-7b3453a4210d_7403_f1cc9b44,9,unloaded,normal,cpu,role_aggregate,20,1024,160,middle,True,True,0,20,140,"{""7"": 20}",0,0,20,20,254
results\d4_sham_control\raw_r3_role_aggregate\batch_20260919T083334.079953Z_4fb35a06.json.gz,20260919T083334.079953Z_4fb35a06,4,7d9cd8f6-f1b9-4a3a-a784-7b3453a4210d,d4sham_7d9cd8f6-f1b9-4a3a-a784-7b3453a4210d_7403_f1cc9b44,10,hiding,rootkit,baseline,role_aggregate,20,128,160,middle,True,True,0,20,40,"{""2"": 20}",0,20,0,0,
results\d4_sham_control\raw_r3_role_aggregate\batch_20260919T083336.642599Z_8edb4b95.json.gz,20260919T083336.642599Z_8edb4b95,4,7d9cd8f6-f1b9-4a3a-a784-7b3453a4210d,d4sham_7d9cd8f6-f1b9-4a3a-a784-7b3453a4210d_7403_f1cc9b44,11,sham,normal,baseline,role_aggregate,20,8,160,middle,True,True,0,20,40,"{""2"": 20}",0,20,0,20,3
results\d4_sham_control\raw_r3_role_aggregate\batch_20260919T083345.229262Z_63d99e9f.json.gz,20260919T083345.229262Z_63d99e9f,4,7d9cd8f6-f1b9-4a3a-a784-7b3453a4210d,d4sham_7d9cd8f6-f1b9-4a3a-a784-7b3453a4210d_7403_f1cc9b44,12,hiding,rootkit,cpu,role_aggregate,20,128,160,middle,True,True,0,20,40,"{""2"": 20}",0,20,0,0,
results\d4_sham_control\raw_r3_role_aggregate\batch_20260919T083348.016901Z_3de9df35.json.gz,20260919T083348.016901Z_3de9df35,4,7d9cd8f6-f1b9-4a3a-a784-7b3453a4210d,d4sham_7d9cd8f6-f1b9-4a3a-a784-7b3453a4210d_7403_f1cc9b44,13,hiding,rootkit,baseline,role_aggregate,20,1024,32,middle,True,True,0,20,60,"{""3"": 20}",0,0,20,0,
results\d4_sham_control\raw_r3_role_aggregate\batch_20260919T083350.779142Z_4905187e.json.gz,20260919T083350.779142Z_4905187e,4,7d9cd8f6-f1b9-4a3a-a784-7b3453a4210d,d4sham_7d9cd8f6-f1b9-4a3a-a784-7b3453a4210d_7403_f1cc9b44,14,hiding,rootkit,baseline,role_aggregate,20,8,160,middle,True,True,0,20,40,"{""2"": 20}",0,20,0,0,
results\d4_sham_control\raw_r3_role_aggregate\batch_20260919T083359.549620Z_8f11a2ed.json.gz,20260919T083359.549620Z_8f11a2ed,4,7d9cd8f6-f1b9-4a3a-a784-7b3453a4210d,d4sham_7d9cd8f6-f1b9-4a3a-a784-7b3453a4210d_7403_f1cc9b44,15,hiding,rootkit,cpu,role_aggregate,20,8,32,middle,True,True,0,20,40,"{""2"": 20}",0,20,0,0,
results\d4_sham_control\raw_r3_role_aggregate\batch_20260919T083402.103285Z_512f9af4.json.gz,20260919T083402.103285Z_512f9af4,4,7d9cd8f6-f1b9-4a3a-a784-7b3453a4210d,d4sham_7d9cd8f6-f1b9-4a3a-a784-7b3453a4210d_7403_f1cc9b44,16,unloaded,normal,baseline,role_aggregate,20,128,32,middle,True,True,0,20,40,"{""2"": 20}",0,20,0,20,129
results\d4_sham_control\raw_r3_role_aggregate\batch_20260919T083410.341424Z_196cfad6.json.gz,20260919T083410.341424Z_196cfad6,4,7d9cd8f6-f1b9-4a3a-a784-7b3453a4210d,d4sham_7d9cd8f6-f1b9-4a3a-a784-7b3453a4210d_7403_f1cc9b44,17,sham,normal,cpu,role_aggregate,20,128,160,middle,True,True,0,20,40,"{""2"": 20}",0,20,0,20,41
results\d4_sham_control\raw_r3_role_aggregate\batch_20260919T083419.194097Z_e58ad867.json.gz,20260919T083419.194097Z_e58ad867,4,7d9cd8f6-f1b9-4a3a-a784-7b3453a4210d,d4sham_7d9cd8f6-f1b9-4a3a-a784-7b3453a4210d_7403_f1cc9b44,18,hiding,rootkit,cpu,role_aggregate,20,1024,160,middle,True,True,0,20,140,"{""7"": 20}",0,0,20,0,
results\d4_sham_control\raw_r3_role_aggregate\batch_20260919T083422.351624Z_8caa5112.json.gz,20260919T083422.351624Z_8caa5112,4,7d9cd8f6-f1b9-4a3a-a784-7b3453a4210d,d4sham_7d9cd8f6-f1b9-4a3a-a784-7b3453a4210d_7403_f1cc9b44,19,hiding,rootkit,baseline,role_aggregate,20,1024,160,middle,True,True,0,20,140,"{""7"": 20}",0,0,20,0,
results\d4_sham_control\raw_r3_role_aggregate\batch_20260919T083431.442950Z_90f591c2.json.gz,20260919T083431.442950Z_90f591c2,4,7d9cd8f6-f1b9-4a3a-a784-7b3453a4210d,d4sham_7d9cd8f6-f1b9-4a3a-a784-7b3453a4210d_7403_f1cc9b44,20,sham,normal,cpu,role_aggregate,20,1024,160,middle,True,True,0,20,140,"{""7"": 20}",0,0,20,20,254
results\d4_sham_control\raw_r3_role_aggregate\batch_20260919T083433.639826Z_3c82249e.json.gz,20260919T083433.639826Z_3c82249e,4,7d9cd8f6-f1b9-4a3a-a784-7b3453a4210d,d4sham_7d9cd8f6-f1b9-4a3a-a784-7b3453a4210d_7403_f1cc9b44,21,sham,normal,baseline,role_aggregate,20,128,160,middle,True,True,0,20,40,"{""2"": 20}",0,20,0,20,41
results\d4_sham_control\raw_r3_role_aggregate\batch_20260919T083435.752883Z_9edf5f77.json.gz,20260919T083435.752883Z_9edf5f77,4,7d9cd8f6-f1b9-4a3a-a784-7b3453a4210d,d4sham_7d9cd8f6-f1b9-4a3a-a784-7b3453a4210d_7403_f1cc9b44,22,unloaded,normal,baseline,role_aggregate,20,128,160,middle,True,True,0,20,40,"{""2"": 20}",0,20,0,20,41
results\d4_sham_control\raw_r3_role_aggregate\batch_20260919T083443.963576Z_0a78382b.json.gz,20260919T083443.963576Z_0a78382b,4,7d9cd8f6-f1b9-4a3a-a784-7b3453a4210d,d4sham_7d9cd8f6-f1b9-4a3a-a784-7b3453a4210d_7403_f1cc9b44,23,sham,normal,cpu,role_aggregate,20,8,32,middle,True,True,0,20,40,"{""2"": 20}",0,20,0,20,10
results\d4_sham_control\raw_r3_role_aggregate\batch_20260919T083452.218082Z_31599f42.json.gz,20260919T083452.218082Z_31599f42,4,7d9cd8f6-f1b9-4a3a-a784-7b3453a4210d,d4sham_7d9cd8f6-f1b9-4a3a-a784-7b3453a4210d_7403_f1cc9b44,24,unloaded,normal,cpu,role_aggregate,20,128,160,middle,True,True,0,20,40,"{""2"": 20}",0,20,0,20,41
results\d4_sham_control\raw_r3_role_aggregate\batch_20260919T083454.369405Z_c3da971d.json.gz,20260919T083454.369405Z_c3da971d,4,7d9cd8f6-f1b9-4a3a-a784-7b3453a4210d,d4sham_7d9cd8f6-f1b9-4a3a-a784-7b3453a4210d_7403_f1cc9b44,25,hiding,rootkit,baseline,role_aggregate,20,128,32,middle,True,True,0,20,40,"{""2"": 20}",0,20,0,0,
results\d4_sham_control\raw_r3_role_aggregate\batch_20260919T083457.105484Z_c1dac9bd.json.gz,20260919T083457.105484Z_c1dac9bd,4,7d9cd8f6-f1b9-4a3a-a784-7b3453a4210d,d4sham_7d9cd8f6-f1b9-4a3a-a784-7b3453a4210d_7403_f1cc9b44,26,unloaded,normal,baseline,role_aggregate,20,1024,32,middle,True,True,0,20,60,"{""3"": 20}",0,0,20,20,1008
results\d4_sham_control\raw_r3_role_aggregate\batch_20260919T083505.396687Z_90ce2611.json.gz,20260919T083505.396687Z_90ce2611,4,7d9cd8f6-f1b9-4a3a-a784-7b3453a4210d,d4sham_7d9cd8f6-f1b9-4a3a-a784-7b3453a4210d_7403_f1cc9b44,27,hiding,rootkit,cpu,role_aggregate,20,128,32,middle,True,True,0,20,40,"{""2"": 20}",0,20,0,0,
results\d4_sham_control\raw_r3_role_aggregate\batch_20260919T083508.286385Z_57119717.json.gz,20260919T083508.286385Z_57119717,4,7d9cd8f6-f1b9-4a3a-a784-7b3453a4210d,d4sham_7d9cd8f6-f1b9-4a3a-a784-7b3453a4210d_7403_f1cc9b44,28,sham,normal,baseline,role_aggregate,20,1024,160,middle,True,True,0,20,140,"{""7"": 20}",0,0,20,20,254
results\d4_sham_control\raw_r3_role_aggregate\batch_20260919T083516.767231Z_34819979.json.gz,20260919T083516.767231Z_34819979,4,7d9cd8f6-f1b9-4a3a-a784-7b3453a4210d,d4sham_7d9cd8f6-f1b9-4a3a-a784-7b3453a4210d_7403_f1cc9b44,29,hiding,rootkit,cpu,role_aggregate,20,1024,32,middle,True,True,0,20,60,"{""3"": 20}",0,0,20,0,
results\d4_sham_control\raw_r3_role_aggregate\batch_20260919T083519.370922Z_1a1841eb.json.gz,20260919T083519.370922Z_1a1841eb,4,7d9cd8f6-f1b9-4a3a-a784-7b3453a4210d,d4sham_7d9cd8f6-f1b9-4a3a-a784-7b3453a4210d_7403_f1cc9b44,30,sham,normal,baseline,role_aggregate,20,128,32,middle,True,True,0,20,40,"{""2"": 20}",0,20,0,20,129
results\d4_sham_control\raw_r3_role_aggregate\batch_20260919T083527.586685Z_f94b53e6.json.gz,20260919T083527.586685Z_f94b53e6,4,7d9cd8f6-f1b9-4a3a-a784-7b3453a4210d,d4sham_7d9cd8f6-f1b9-4a3a-a784-7b3453a4210d_7403_f1cc9b44,31,unloaded,normal,cpu,role_aggregate,20,8,160,middle,True,True,0,20,40,"{""2"": 20}",0,20,0,20,3
results\d4_sham_control\raw_r3_role_aggregate\batch_20260919T083529.780543Z_c595147d.json.gz,20260919T083529.780543Z_c595147d,4,7d9cd8f6-f1b9-4a3a-a784-7b3453a4210d,d4sham_7d9cd8f6-f1b9-4a3a-a784-7b3453a4210d_7403_f1cc9b44,32,unloaded,normal,baseline,role_aggregate,20,1024,160,middle,True,True,0,20,140,"{""7"": 20}",0,0,20,20,254
results\d4_sham_control\raw_r3_role_aggregate\batch_20260919T083538.087225Z_c962e6ff.json.gz,20260919T083538.087225Z_c962e6ff,4,7d9cd8f6-f1b9-4a3a-a784-7b3453a4210d,d4sham_7d9cd8f6-f1b9-4a3a-a784-7b3453a4210d_7403_f1cc9b44,33,unloaded,normal,cpu,role_aggregate,20,8,32,middle,True,True,0,20,40,"{""2"": 20}",0,20,0,20,10
results\d4_sham_control\raw_r3_role_aggregate\batch_20260919T083546.476590Z_d949c5fa.json.gz,20260919T083546.476590Z_d949c5fa,4,7d9cd8f6-f1b9-4a3a-a784-7b3453a4210d,d4sham_7d9cd8f6-f1b9-4a3a-a784-7b3453a4210d_7403_f1cc9b44,34,sham,normal,cpu,role_aggregate,20,1024,32,middle,True,True,0,20,60,"{""3"": 20}",0,0,20,20,1008
results\d4_sham_control\raw_r3_role_aggregate\batch_20260919T083548.565569Z_73fe9b28.json.gz,20260919T083548.565569Z_73fe9b28,4,7d9cd8f6-f1b9-4a3a-a784-7b3453a4210d,d4sham_7d9cd8f6-f1b9-4a3a-a784-7b3453a4210d_7403_f1cc9b44,35,unloaded,normal,baseline,role_aggregate,20,8,32,middle,True,True,0,20,40,"{""2"": 20}",0,20,0,20,10
