window,method,segment,state,condition,batches,alert_rate,last_20_alert_rate,accepted_updates
20,fixed,normal_pre,unloaded,baseline,30,0.03333333333333333,0.05,0
20,fixed,benign_cpu_drift,unloaded,cpu,120,0.825,1.0,0
20,fixed,normal_recovery_1,unloaded,baseline,30,0.7,0.55,0
20,fixed,persistent_attack_baseline,hiding,baseline,120,1.0,1.0,0
20,fixed,normal_recovery_2,unloaded,baseline,30,0.6666666666666666,0.6,0
20,fixed,persistent_attack_cpu,hiding,cpu,60,1.0,1.0,0
20,fixed,sham_negative_baseline,sham,baseline,20,1.0,1.0,0
20,fixed,sham_negative_cpu,sham,cpu,20,1.0,1.0,0
20,blind,normal_pre,unloaded,baseline,30,0.1,0.15,30
20,blind,benign_cpu_drift,unloaded,cpu,120,0.49166666666666664,0.65,120
20,blind,normal_recovery_1,unloaded,baseline,30,0.13333333333333333,0.0,30
20,blind,persistent_attack_baseline,hiding,baseline,120,0.5166666666666667,0.45,120
20,blind,normal_recovery_2,unloaded,baseline,30,0.2,0.3,30
20,blind,persistent_attack_cpu,hiding,cpu,60,0.35,0.15,60
20,blind,sham_negative_baseline,sham,baseline,20,0.1,0.1,20
20,blind,sham_negative_cpu,sham,cpu,20,0.75,0.75,20
20,guarded,normal_pre,unloaded,baseline,30,0.1,0.15,30
20,guarded,benign_cpu_drift,unloaded,cpu,120,0.49166666666666664,0.65,120
20,guarded,normal_recovery_1,unloaded,baseline,30,0.13333333333333333,0.0,30
20,guarded,persistent_attack_baseline,hiding,baseline,120,0.5416666666666666,0.6,111
20,guarded,normal_recovery_2,unloaded,baseline,30,0.2,0.3,30
20,guarded,persistent_attack_cpu,hiding,cpu,60,0.85,0.7,24
20,guarded,sham_negative_baseline,sham,baseline,20,0.1,0.1,20
20,guarded,sham_negative_cpu,sham,cpu,20,0.75,0.75,19
50,fixed,normal_pre,unloaded,baseline,30,0.03333333333333333,0.05,0
50,fixed,benign_cpu_drift,unloaded,cpu,120,0.825,1.0,0
50,fixed,normal_recovery_1,unloaded,baseline,30,0.7,0.55,0
50,fixed,persistent_attack_baseline,hiding,baseline,120,1.0,1.0,0
50,fixed,normal_recovery_2,unloaded,baseline,30,0.6666666666666666,0.6,0
50,fixed,persistent_attack_cpu,hiding,cpu,60,1.0,1.0,0
50,fixed,sham_negative_baseline,sham,baseline,20,1.0,1.0,0
50,fixed,sham_negative_cpu,sham,cpu,20,1.0,1.0,0
50,blind,normal_pre,unloaded,baseline,30,0.1,0.15,30
50,blind,benign_cpu_drift,unloaded,cpu,120,0.575,0.65,120
50,blind,normal_recovery_1,unloaded,baseline,30,0.2,0.05,30
50,blind,persistent_attack_baseline,hiding,baseline,120,0.6,0.55,120
50,blind,normal_recovery_2,unloaded,baseline,30,0.0,0.0,30
50,blind,persistent_attack_cpu,hiding,cpu,60,0.6,0.15,60
50,blind,sham_negative_baseline,sham,baseline,20,0.0,0.0,20
50,blind,sham_negative_cpu,sham,cpu,20,0.15,0.15,20
50,guarded,normal_pre,unloaded,baseline,30,0.1,0.15,30
50,guarded,benign_cpu_drift,unloaded,cpu,120,0.575,0.65,120
50,guarded,normal_recovery_1,unloaded,baseline,30,0.2,0.05,30
50,guarded,persistent_attack_baseline,hiding,baseline,120,0.6083333333333333,0.6,111
50,guarded,normal_recovery_2,unloaded,baseline,30,0.0,0.0,30
50,guarded,persistent_attack_cpu,hiding,cpu,60,1.0,1.0,24
50,guarded,sham_negative_baseline,sham,baseline,20,0.05,0.05,20
50,guarded,sham_negative_cpu,sham,cpu,20,0.3,0.3,19
100,fixed,normal_pre,unloaded,baseline,30,0.03333333333333333,0.05,0
100,fixed,benign_cpu_drift,unloaded,cpu,120,0.825,1.0,0
100,fixed,normal_recovery_1,unloaded,baseline,30,0.7,0.55,0
100,fixed,persistent_attack_baseline,hiding,baseline,120,1.0,1.0,0
100,fixed,normal_recovery_2,unloaded,baseline,30,0.6666666666666666,0.6,0
100,fixed,persistent_attack_cpu,hiding,cpu,60,1.0,1.0,0
100,fixed,sham_negative_baseline,sham,baseline,20,1.0,1.0,0
100,fixed,sham_negative_cpu,sham,cpu,20,1.0,1.0,0
100,blind,normal_pre,unloaded,baseline,30,0.1,0.15,30
100,blind,benign_cpu_drift,unloaded,cpu,120,0.6833333333333333,0.7,120
100,blind,normal_recovery_1,unloaded,baseline,30,0.23333333333333334,0.1,30
100,blind,persistent_attack_baseline,hiding,baseline,120,0.7333333333333333,0.6,120
100,blind,normal_recovery_2,unloaded,baseline,30,0.0,0.0,30
100,blind,persistent_attack_cpu,hiding,cpu,60,0.8666666666666667,0.6,60
100,blind,sham_negative_baseline,sham,baseline,20,0.0,0.0,20
100,blind,sham_negative_cpu,sham,cpu,20,0.0,0.0,20
100,guarded,normal_pre,unloaded,baseline,30,0.1,0.15,30
100,guarded,benign_cpu_drift,unloaded,cpu,120,0.6833333333333333,0.7,120
100,guarded,normal_recovery_1,unloaded,baseline,30,0.23333333333333334,0.1,30
100,guarded,persistent_attack_baseline,hiding,baseline,120,0.75,0.65,111
100,guarded,normal_recovery_2,unloaded,baseline,30,0.0,0.0,30
100,guarded,persistent_attack_cpu,hiding,cpu,60,1.0,1.0,24
100,guarded,sham_negative_baseline,sham,baseline,20,0.0,0.0,20
100,guarded,sham_negative_cpu,sham,cpu,20,1.0,1.0,19
