position,state,condition,iteration,observed_entries,filldir64_calls,hook_multiplicity,suppression_residual,suppression_alert
0,hiding,cpu,0,130,261,double_path,1,True
0,hiding,cpu,1,130,261,double_path,1,True
0,hiding,cpu,2,130,261,double_path,1,True
0,hiding,cpu,3,130,261,double_path,1,True
0,hiding,cpu,4,130,261,double_path,1,True
0,hiding,cpu,5,130,261,double_path,1,True
0,hiding,cpu,6,130,261,double_path,1,True
0,hiding,cpu,7,130,261,double_path,1,True
0,hiding,cpu,8,130,261,double_path,1,True
0,hiding,cpu,9,130,261,double_path,1,True
0,hiding,cpu,10,130,261,double_path,1,True
0,hiding,cpu,11,130,261,double_path,1,True
0,hiding,cpu,12,130,261,double_path,1,True
0,hiding,cpu,13,130,261,double_path,1,True
0,hiding,cpu,14,130,261,double_path,1,True
0,hiding,cpu,15,130,261,double_path,1,True
0,hiding,cpu,16,130,261,double_path,1,True
0,hiding,cpu,17,130,261,double_path,1,True
0,hiding,cpu,18,130,261,double_path,1,True
0,hiding,cpu,19,130,261,double_path,1,True
1,unloaded,baseline,0,131,131,unhooked,0,False
1,unloaded,baseline,1,131,131,unhooked,0,False
1,unloaded,baseline,2,131,131,unhooked,0,False
1,unloaded,baseline,3,131,131,unhooked,0,False
1,unloaded,baseline,4,131,131,unhooked,0,False
1,unloaded,baseline,5,131,131,unhooked,0,False
1,unloaded,baseline,6,131,131,unhooked,0,False
1,unloaded,baseline,7,131,131,unhooked,0,False
1,unloaded,baseline,8,131,131,unhooked,0,False
1,unloaded,baseline,9,131,131,unhooked,0,False
1,unloaded,baseline,10,131,131,unhooked,0,False
1,unloaded,baseline,11,131,131,unhooked,0,False
1,unloaded,baseline,12,131,131,unhooked,0,False
1,unloaded,baseline,13,131,131,unhooked,0,False
1,unloaded,baseline,14,131,131,unhooked,0,False
1,unloaded,baseline,15,131,131,unhooked,0,False
1,unloaded,baseline,16,131,131,unhooked,0,False
1,unloaded,baseline,17,131,131,unhooked,0,False
1,unloaded,baseline,18,131,131,unhooked,0,False
1,unloaded,baseline,19,131,131,unhooked,0,False
2,active,baseline,0,131,262,double_path,0,False
2,active,baseline,1,131,262,double_path,0,False
2,active,baseline,2,131,262,double_path,0,False
2,active,baseline,3,131,262,double_path,0,False
2,active,baseline,4,131,262,double_path,0,False
2,active,baseline,5,131,262,double_path,0,False
2,active,baseline,6,131,262,double_path,0,False
2,active,baseline,7,131,262,double_path,0,False
2,active,baseline,8,131,262,double_path,0,False
2,active,baseline,9,131,262,double_path,0,False
2,active,baseline,10,131,262,double_path,0,False
2,active,baseline,11,131,262,double_path,0,False
2,active,baseline,12,131,262,double_path,0,False
2,active,baseline,13,131,262,double_path,0,False
2,active,baseline,14,131,262,double_path,0,False
2,active,baseline,15,131,262,double_path,0,False
2,active,baseline,16,131,262,double_path,0,False
2,active,baseline,17,131,262,double_path,0,False
2,active,baseline,18,131,262,double_path,0,False
2,active,baseline,19,131,262,double_path,0,False
3,unloaded,baseline,0,131,131,unhooked,0,False
3,unloaded,baseline,1,131,131,unhooked,0,False
3,unloaded,baseline,2,131,131,unhooked,0,False
3,unloaded,baseline,3,131,131,unhooked,0,False
3,unloaded,baseline,4,131,131,unhooked,0,False
3,unloaded,baseline,5,131,131,unhooked,0,False
3,unloaded,baseline,6,131,131,unhooked,0,False
3,unloaded,baseline,7,131,131,unhooked,0,False
3,unloaded,baseline,8,131,131,unhooked,0,False
3,unloaded,baseline,9,131,131,unhooked,0,False
3,unloaded,baseline,10,131,131,unhooked,0,False
3,unloaded,baseline,11,131,131,unhooked,0,False
3,unloaded,baseline,12,131,131,unhooked,0,False
3,unloaded,baseline,13,131,131,unhooked,0,False
3,unloaded,baseline,14,131,131,unhooked,0,False
3,unloaded,baseline,15,131,131,unhooked,0,False
3,unloaded,baseline,16,131,131,unhooked,0,False
3,unloaded,baseline,17,131,131,unhooked,0,False
3,unloaded,baseline,18,131,131,unhooked,0,False
3,unloaded,baseline,19,131,131,unhooked,0,False
4,unloaded,baseline,0,131,131,unhooked,0,False
4,unloaded,baseline,1,131,131,unhooked,0,False
4,unloaded,baseline,2,131,131,unhooked,0,False
4,unloaded,baseline,3,131,131,unhooked,0,False
4,unloaded,baseline,4,131,131,unhooked,0,False
4,unloaded,baseline,5,131,131,unhooked,0,False
4,unloaded,baseline,6,131,131,unhooked,0,False
4,unloaded,baseline,7,131,131,unhooked,0,False
4,unloaded,baseline,8,131,131,unhooked,0,False
4,unloaded,baseline,9,131,131,unhooked,0,False
4,unloaded,baseline,10,131,131,unhooked,0,False
4,unloaded,baseline,11,131,131,unhooked,0,False
4,unloaded,baseline,12,131,131,unhooked,0,False
4,unloaded,baseline,13,131,131,unhooked,0,False
4,unloaded,baseline,14,131,131,unhooked,0,False
4,unloaded,baseline,15,131,131,unhooked,0,False
4,unloaded,baseline,16,131,131,unhooked,0,False
4,unloaded,baseline,17,131,131,unhooked,0,False
4,unloaded,baseline,18,131,131,unhooked,0,False
4,unloaded,baseline,19,131,131,unhooked,0,False
5,pass,memory,0,131,262,double_path,0,False
5,pass,memory,1,131,262,double_path,0,False
5,pass,memory,2,131,262,double_path,0,False
5,pass,memory,3,131,262,double_path,0,False
5,pass,memory,4,131,262,double_path,0,False
5,pass,memory,5,131,262,double_path,0,False
5,pass,memory,6,131,262,double_path,0,False
5,pass,memory,7,131,262,double_path,0,False
5,pass,memory,8,131,262,double_path,0,False
5,pass,memory,9,131,262,double_path,0,False
5,pass,memory,10,131,262,double_path,0,False
5,pass,memory,11,131,262,double_path,0,False
5,pass,memory,12,131,262,double_path,0,False
5,pass,memory,13,131,262,double_path,0,False
5,pass,memory,14,131,262,double_path,0,False
5,pass,memory,15,131,262,double_path,0,False
5,pass,memory,16,131,262,double_path,0,False
5,pass,memory,17,131,262,double_path,0,False
5,pass,memory,18,131,262,double_path,0,False
5,pass,memory,19,131,262,double_path,0,False
6,pass,cpu,0,131,262,double_path,0,False
6,pass,cpu,1,131,262,double_path,0,False
6,pass,cpu,2,131,262,double_path,0,False
6,pass,cpu,3,131,262,double_path,0,False
6,pass,cpu,4,131,262,double_path,0,False
6,pass,cpu,5,131,262,double_path,0,False
6,pass,cpu,6,131,262,double_path,0,False
6,pass,cpu,7,131,262,double_path,0,False
6,pass,cpu,8,131,262,double_path,0,False
6,pass,cpu,9,131,262,double_path,0,False
6,pass,cpu,10,131,262,double_path,0,False
6,pass,cpu,11,131,262,double_path,0,False
6,pass,cpu,12,131,262,double_path,0,False
6,pass,cpu,13,131,262,double_path,0,False
6,pass,cpu,14,131,262,double_path,0,False
6,pass,cpu,15,131,262,double_path,0,False
6,pass,cpu,16,131,262,double_path,0,False
6,pass,cpu,17,131,262,double_path,0,False
6,pass,cpu,18,131,262,double_path,0,False
6,pass,cpu,19,131,262,double_path,0,False
7,pass,cpu,0,131,262,double_path,0,False
7,pass,cpu,1,131,262,double_path,0,False
7,pass,cpu,2,131,262,double_path,0,False
7,pass,cpu,3,131,262,double_path,0,False
7,pass,cpu,4,131,262,double_path,0,False
7,pass,cpu,5,131,262,double_path,0,False
7,pass,cpu,6,131,262,double_path,0,False
7,pass,cpu,7,131,262,double_path,0,False
7,pass,cpu,8,131,262,double_path,0,False
7,pass,cpu,9,131,262,double_path,0,False
7,pass,cpu,10,131,262,double_path,0,False
7,pass,cpu,11,131,262,double_path,0,False
7,pass,cpu,12,131,262,double_path,0,False
7,pass,cpu,13,131,262,double_path,0,False
7,pass,cpu,14,131,262,double_path,0,False
7,pass,cpu,15,131,262,double_path,0,False
7,pass,cpu,16,131,262,double_path,0,False
7,pass,cpu,17,131,262,double_path,0,False
7,pass,cpu,18,131,262,double_path,0,False
7,pass,cpu,19,131,262,double_path,0,False
8,unloaded,mixed,0,131,131,unhooked,0,False
8,unloaded,mixed,1,131,131,unhooked,0,False
8,unloaded,mixed,2,131,131,unhooked,0,False
8,unloaded,mixed,3,131,131,unhooked,0,False
8,unloaded,mixed,4,131,131,unhooked,0,False
8,unloaded,mixed,5,131,131,unhooked,0,False
8,unloaded,mixed,6,131,131,unhooked,0,False
8,unloaded,mixed,7,131,131,unhooked,0,False
8,unloaded,mixed,8,131,131,unhooked,0,False
8,unloaded,mixed,9,131,131,unhooked,0,False
8,unloaded,mixed,10,131,131,unhooked,0,False
8,unloaded,mixed,11,131,131,unhooked,0,False
8,unloaded,mixed,12,131,131,unhooked,0,False
8,unloaded,mixed,13,131,131,unhooked,0,False
8,unloaded,mixed,14,131,131,unhooked,0,False
8,unloaded,mixed,15,131,131,unhooked,0,False
8,unloaded,mixed,16,131,131,unhooked,0,False
8,unloaded,mixed,17,131,131,unhooked,0,False
8,unloaded,mixed,18,131,131,unhooked,0,False
8,unloaded,mixed,19,131,131,unhooked,0,False
9,hiding,memory,0,130,261,double_path,1,True
9,hiding,memory,1,130,261,double_path,1,True
9,hiding,memory,2,130,261,double_path,1,True
9,hiding,memory,3,130,261,double_path,1,True
9,hiding,memory,4,130,261,double_path,1,True
9,hiding,memory,5,130,261,double_path,1,True
9,hiding,memory,6,130,261,double_path,1,True
9,hiding,memory,7,130,261,double_path,1,True
9,hiding,memory,8,130,261,double_path,1,True
9,hiding,memory,9,130,261,double_path,1,True
9,hiding,memory,10,130,261,double_path,1,True
9,hiding,memory,11,130,261,double_path,1,True
9,hiding,memory,12,130,261,double_path,1,True
9,hiding,memory,13,130,261,double_path,1,True
9,hiding,memory,14,130,261,double_path,1,True
9,hiding,memory,15,130,261,double_path,1,True
9,hiding,memory,16,130,261,double_path,1,True
9,hiding,memory,17,130,261,double_path,1,True
9,hiding,memory,18,130,261,double_path,1,True
9,hiding,memory,19,130,261,double_path,1,True
10,pass,cpu,0,131,262,double_path,0,False
10,pass,cpu,1,131,262,double_path,0,False
10,pass,cpu,2,131,262,double_path,0,False
10,pass,cpu,3,131,262,double_path,0,False
10,pass,cpu,4,131,262,double_path,0,False
10,pass,cpu,5,131,262,double_path,0,False
10,pass,cpu,6,131,262,double_path,0,False
10,pass,cpu,7,131,262,double_path,0,False
10,pass,cpu,8,131,262,double_path,0,False
10,pass,cpu,9,131,262,double_path,0,False
10,pass,cpu,10,131,262,double_path,0,False
10,pass,cpu,11,131,262,double_path,0,False
10,pass,cpu,12,131,262,double_path,0,False
10,pass,cpu,13,131,262,double_path,0,False
10,pass,cpu,14,131,262,double_path,0,False
10,pass,cpu,15,131,262,double_path,0,False
10,pass,cpu,16,131,262,double_path,0,False
10,pass,cpu,17,131,262,double_path,0,False
10,pass,cpu,18,131,262,double_path,0,False
10,pass,cpu,19,131,262,double_path,0,False
11,pass,mixed,0,131,262,double_path,0,False
11,pass,mixed,1,131,262,double_path,0,False
11,pass,mixed,2,131,262,double_path,0,False
11,pass,mixed,3,131,262,double_path,0,False
11,pass,mixed,4,131,262,double_path,0,False
11,pass,mixed,5,131,262,double_path,0,False
11,pass,mixed,6,131,262,double_path,0,False
11,pass,mixed,7,131,262,double_path,0,False
11,pass,mixed,8,131,262,double_path,0,False
11,pass,mixed,9,131,262,double_path,0,False
11,pass,mixed,10,131,262,double_path,0,False
11,pass,mixed,11,131,262,double_path,0,False
11,pass,mixed,12,131,262,double_path,0,False
11,pass,mixed,13,131,262,double_path,0,False
11,pass,mixed,14,131,262,double_path,0,False
11,pass,mixed,15,131,262,double_path,0,False
11,pass,mixed,16,131,262,double_path,0,False
11,pass,mixed,17,131,262,double_path,0,False
11,pass,mixed,18,131,262,double_path,0,False
11,pass,mixed,19,131,262,double_path,0,False
12,hiding,mixed,0,130,261,double_path,1,True
12,hiding,mixed,1,130,261,double_path,1,True
12,hiding,mixed,2,130,261,double_path,1,True
12,hiding,mixed,3,130,261,double_path,1,True
12,hiding,mixed,4,130,261,double_path,1,True
12,hiding,mixed,5,130,261,double_path,1,True
12,hiding,mixed,6,130,261,double_path,1,True
12,hiding,mixed,7,130,261,double_path,1,True
12,hiding,mixed,8,130,261,double_path,1,True
12,hiding,mixed,9,130,261,double_path,1,True
12,hiding,mixed,10,130,261,double_path,1,True
12,hiding,mixed,11,130,261,double_path,1,True
12,hiding,mixed,12,130,261,double_path,1,True
12,hiding,mixed,13,130,261,double_path,1,True
12,hiding,mixed,14,130,261,double_path,1,True
12,hiding,mixed,15,130,261,double_path,1,True
12,hiding,mixed,16,130,261,double_path,1,True
12,hiding,mixed,17,130,261,double_path,1,True
12,hiding,mixed,18,130,261,double_path,1,True
12,hiding,mixed,19,130,261,double_path,1,True
13,hiding,cpu,0,130,261,double_path,1,True
13,hiding,cpu,1,130,261,double_path,1,True
13,hiding,cpu,2,130,261,double_path,1,True
13,hiding,cpu,3,130,261,double_path,1,True
13,hiding,cpu,4,130,261,double_path,1,True
13,hiding,cpu,5,130,261,double_path,1,True
13,hiding,cpu,6,130,261,double_path,1,True
13,hiding,cpu,7,130,261,double_path,1,True
13,hiding,cpu,8,130,261,double_path,1,True
13,hiding,cpu,9,130,261,double_path,1,True
13,hiding,cpu,10,130,261,double_path,1,True
13,hiding,cpu,11,130,261,double_path,1,True
13,hiding,cpu,12,130,261,double_path,1,True
13,hiding,cpu,13,130,261,double_path,1,True
13,hiding,cpu,14,130,261,double_path,1,True
13,hiding,cpu,15,130,261,double_path,1,True
13,hiding,cpu,16,130,261,double_path,1,True
13,hiding,cpu,17,130,261,double_path,1,True
13,hiding,cpu,18,130,261,double_path,1,True
13,hiding,cpu,19,130,261,double_path,1,True
14,hiding,mixed,0,130,261,double_path,1,True
14,hiding,mixed,1,130,261,double_path,1,True
14,hiding,mixed,2,130,261,double_path,1,True
14,hiding,mixed,3,130,261,double_path,1,True
14,hiding,mixed,4,130,261,double_path,1,True
14,hiding,mixed,5,130,261,double_path,1,True
14,hiding,mixed,6,130,261,double_path,1,True
14,hiding,mixed,7,130,261,double_path,1,True
14,hiding,mixed,8,130,261,double_path,1,True
14,hiding,mixed,9,130,261,double_path,1,True
14,hiding,mixed,10,130,261,double_path,1,True
14,hiding,mixed,11,130,261,double_path,1,True
14,hiding,mixed,12,130,261,double_path,1,True
14,hiding,mixed,13,130,261,double_path,1,True
14,hiding,mixed,14,130,261,double_path,1,True
14,hiding,mixed,15,130,261,double_path,1,True
14,hiding,mixed,16,130,261,double_path,1,True
14,hiding,mixed,17,130,261,double_path,1,True
14,hiding,mixed,18,130,261,double_path,1,True
14,hiding,mixed,19,130,261,double_path,1,True
15,active,cpu,0,131,262,double_path,0,False
15,active,cpu,1,131,262,double_path,0,False
15,active,cpu,2,131,262,double_path,0,False
15,active,cpu,3,131,262,double_path,0,False
15,active,cpu,4,131,262,double_path,0,False
15,active,cpu,5,131,262,double_path,0,False
15,active,cpu,6,131,262,double_path,0,False
15,active,cpu,7,131,262,double_path,0,False
15,active,cpu,8,131,262,double_path,0,False
15,active,cpu,9,131,262,double_path,0,False
15,active,cpu,10,131,262,double_path,0,False
15,active,cpu,11,131,262,double_path,0,False
15,active,cpu,12,131,262,double_path,0,False
15,active,cpu,13,131,262,double_path,0,False
15,active,cpu,14,131,262,double_path,0,False
15,active,cpu,15,131,262,double_path,0,False
15,active,cpu,16,131,262,double_path,0,False
15,active,cpu,17,131,262,double_path,0,False
15,active,cpu,18,131,262,double_path,0,False
15,active,cpu,19,131,262,double_path,0,False
16,active,mixed,0,131,262,double_path,0,False
16,active,mixed,1,131,262,double_path,0,False
16,active,mixed,2,131,262,double_path,0,False
16,active,mixed,3,131,262,double_path,0,False
16,active,mixed,4,131,262,double_path,0,False
16,active,mixed,5,131,262,double_path,0,False
16,active,mixed,6,131,262,double_path,0,False
16,active,mixed,7,131,262,double_path,0,False
16,active,mixed,8,131,262,double_path,0,False
16,active,mixed,9,131,262,double_path,0,False
16,active,mixed,10,131,262,double_path,0,False
16,active,mixed,11,131,262,double_path,0,False
16,active,mixed,12,131,262,double_path,0,False
16,active,mixed,13,131,262,double_path,0,False
16,active,mixed,14,131,262,double_path,0,False
16,active,mixed,15,131,262,double_path,0,False
16,active,mixed,16,131,262,double_path,0,False
16,active,mixed,17,131,262,double_path,0,False
16,active,mixed,18,131,262,double_path,0,False
16,active,mixed,19,131,262,double_path,0,False
17,hiding,baseline,0,130,261,double_path,1,True
17,hiding,baseline,1,130,261,double_path,1,True
17,hiding,baseline,2,130,261,double_path,1,True
17,hiding,baseline,3,130,261,double_path,1,True
17,hiding,baseline,4,130,261,double_path,1,True
17,hiding,baseline,5,130,261,double_path,1,True
17,hiding,baseline,6,130,261,double_path,1,True
17,hiding,baseline,7,130,261,double_path,1,True
17,hiding,baseline,8,130,261,double_path,1,True
17,hiding,baseline,9,130,261,double_path,1,True
17,hiding,baseline,10,130,261,double_path,1,True
17,hiding,baseline,11,130,261,double_path,1,True
17,hiding,baseline,12,130,261,double_path,1,True
17,hiding,baseline,13,130,261,double_path,1,True
17,hiding,baseline,14,130,261,double_path,1,True
17,hiding,baseline,15,130,261,double_path,1,True
17,hiding,baseline,16,130,261,double_path,1,True
17,hiding,baseline,17,130,261,double_path,1,True
17,hiding,baseline,18,130,261,double_path,1,True
17,hiding,baseline,19,130,261,double_path,1,True
18,active,memory,0,131,262,double_path,0,False
18,active,memory,1,131,262,double_path,0,False
18,active,memory,2,131,262,double_path,0,False
18,active,memory,3,131,262,double_path,0,False
18,active,memory,4,131,262,double_path,0,False
18,active,memory,5,131,262,double_path,0,False
18,active,memory,6,131,262,double_path,0,False
18,active,memory,7,131,262,double_path,0,False
18,active,memory,8,131,262,double_path,0,False
18,active,memory,9,131,262,double_path,0,False
18,active,memory,10,131,262,double_path,0,False
18,active,memory,11,131,262,double_path,0,False
18,active,memory,12,131,262,double_path,0,False
18,active,memory,13,131,262,double_path,0,False
18,active,memory,14,131,262,double_path,0,False
18,active,memory,15,131,262,double_path,0,False
18,active,memory,16,131,262,double_path,0,False
18,active,memory,17,131,262,double_path,0,False
18,active,memory,18,131,262,double_path,0,False
18,active,memory,19,131,262,double_path,0,False
19,unloaded,cpu,0,131,131,unhooked,0,False
19,unloaded,cpu,1,131,131,unhooked,0,False
19,unloaded,cpu,2,131,131,unhooked,0,False
19,unloaded,cpu,3,131,131,unhooked,0,False
19,unloaded,cpu,4,131,131,unhooked,0,False
19,unloaded,cpu,5,131,131,unhooked,0,False
19,unloaded,cpu,6,131,131,unhooked,0,False
19,unloaded,cpu,7,131,131,unhooked,0,False
19,unloaded,cpu,8,131,131,unhooked,0,False
19,unloaded,cpu,9,131,131,unhooked,0,False
19,unloaded,cpu,10,131,131,unhooked,0,False
19,unloaded,cpu,11,131,131,unhooked,0,False
19,unloaded,cpu,12,131,131,unhooked,0,False
19,unloaded,cpu,13,131,131,unhooked,0,False
19,unloaded,cpu,14,131,131,unhooked,0,False
19,unloaded,cpu,15,131,131,unhooked,0,False
19,unloaded,cpu,16,131,131,unhooked,0,False
19,unloaded,cpu,17,131,131,unhooked,0,False
19,unloaded,cpu,18,131,131,unhooked,0,False
19,unloaded,cpu,19,131,131,unhooked,0,False
20,hiding,memory,0,130,261,double_path,1,True
20,hiding,memory,1,130,261,double_path,1,True
20,hiding,memory,2,130,261,double_path,1,True
20,hiding,memory,3,130,261,double_path,1,True
20,hiding,memory,4,130,261,double_path,1,True
20,hiding,memory,5,130,261,double_path,1,True
20,hiding,memory,6,130,261,double_path,1,True
20,hiding,memory,7,130,261,double_path,1,True
20,hiding,memory,8,130,261,double_path,1,True
20,hiding,memory,9,130,261,double_path,1,True
20,hiding,memory,10,130,261,double_path,1,True
20,hiding,memory,11,130,261,double_path,1,True
20,hiding,memory,12,130,261,double_path,1,True
20,hiding,memory,13,130,261,double_path,1,True
20,hiding,memory,14,130,261,double_path,1,True
20,hiding,memory,15,130,261,double_path,1,True
20,hiding,memory,16,130,261,double_path,1,True
20,hiding,memory,17,130,261,double_path,1,True
20,hiding,memory,18,130,261,double_path,1,True
20,hiding,memory,19,130,261,double_path,1,True
21,unloaded,cpu,0,131,131,unhooked,0,False
21,unloaded,cpu,1,131,131,unhooked,0,False
21,unloaded,cpu,2,131,131,unhooked,0,False
21,unloaded,cpu,3,131,131,unhooked,0,False
21,unloaded,cpu,4,131,131,unhooked,0,False
21,unloaded,cpu,5,131,131,unhooked,0,False
21,unloaded,cpu,6,131,131,unhooked,0,False
21,unloaded,cpu,7,131,131,unhooked,0,False
21,unloaded,cpu,8,131,131,unhooked,0,False
21,unloaded,cpu,9,131,131,unhooked,0,False
21,unloaded,cpu,10,131,131,unhooked,0,False
21,unloaded,cpu,11,131,131,unhooked,0,False
21,unloaded,cpu,12,131,131,unhooked,0,False
21,unloaded,cpu,13,131,131,unhooked,0,False
21,unloaded,cpu,14,131,131,unhooked,0,False
21,unloaded,cpu,15,131,131,unhooked,0,False
21,unloaded,cpu,16,131,131,unhooked,0,False
21,unloaded,cpu,17,131,131,unhooked,0,False
21,unloaded,cpu,18,131,131,unhooked,0,False
21,unloaded,cpu,19,131,131,unhooked,0,False
22,active,baseline,0,131,262,double_path,0,False
22,active,baseline,1,131,262,double_path,0,False
22,active,baseline,2,131,262,double_path,0,False
22,active,baseline,3,131,262,double_path,0,False
22,active,baseline,4,131,262,double_path,0,False
22,active,baseline,5,131,262,double_path,0,False
22,active,baseline,6,131,262,double_path,0,False
22,active,baseline,7,131,262,double_path,0,False
22,active,baseline,8,131,262,double_path,0,False
22,active,baseline,9,131,262,double_path,0,False
22,active,baseline,10,131,262,double_path,0,False
22,active,baseline,11,131,262,double_path,0,False
22,active,baseline,12,131,262,double_path,0,False
22,active,baseline,13,131,262,double_path,0,False
22,active,baseline,14,131,262,double_path,0,False
22,active,baseline,15,131,262,double_path,0,False
22,active,baseline,16,131,262,double_path,0,False
22,active,baseline,17,131,262,double_path,0,False
22,active,baseline,18,131,262,double_path,0,False
22,active,baseline,19,131,262,double_path,0,False
23,pass,baseline,0,131,262,double_path,0,False
23,pass,baseline,1,131,262,double_path,0,False
23,pass,baseline,2,131,262,double_path,0,False
23,pass,baseline,3,131,262,double_path,0,False
23,pass,baseline,4,131,262,double_path,0,False
23,pass,baseline,5,131,262,double_path,0,False
23,pass,baseline,6,131,262,double_path,0,False
23,pass,baseline,7,131,262,double_path,0,False
23,pass,baseline,8,131,262,double_path,0,False
23,pass,baseline,9,131,262,double_path,0,False
23,pass,baseline,10,131,262,double_path,0,False
23,pass,baseline,11,131,262,double_path,0,False
23,pass,baseline,12,131,262,double_path,0,False
23,pass,baseline,13,131,262,double_path,0,False
23,pass,baseline,14,131,262,double_path,0,False
23,pass,baseline,15,131,262,double_path,0,False
23,pass,baseline,16,131,262,double_path,0,False
23,pass,baseline,17,131,262,double_path,0,False
23,pass,baseline,18,131,262,double_path,0,False
23,pass,baseline,19,131,262,double_path,0,False
24,hiding,cpu,0,130,261,double_path,1,True
24,hiding,cpu,1,130,261,double_path,1,True
24,hiding,cpu,2,130,261,double_path,1,True
24,hiding,cpu,3,130,261,double_path,1,True
24,hiding,cpu,4,130,261,double_path,1,True
24,hiding,cpu,5,130,261,double_path,1,True
24,hiding,cpu,6,130,261,double_path,1,True
24,hiding,cpu,7,130,261,double_path,1,True
24,hiding,cpu,8,130,261,double_path,1,True
24,hiding,cpu,9,130,261,double_path,1,True
24,hiding,cpu,10,130,261,double_path,1,True
24,hiding,cpu,11,130,261,double_path,1,True
24,hiding,cpu,12,130,261,double_path,1,True
24,hiding,cpu,13,130,261,double_path,1,True
24,hiding,cpu,14,130,261,double_path,1,True
24,hiding,cpu,15,130,261,double_path,1,True
24,hiding,cpu,16,130,261,double_path,1,True
24,hiding,cpu,17,130,261,double_path,1,True
24,hiding,cpu,18,130,261,double_path,1,True
24,hiding,cpu,19,130,261,double_path,1,True
25,active,memory,0,131,262,double_path,0,False
25,active,memory,1,131,262,double_path,0,False
25,active,memory,2,131,262,double_path,0,False
25,active,memory,3,131,262,double_path,0,False
25,active,memory,4,131,262,double_path,0,False
25,active,memory,5,131,262,double_path,0,False
25,active,memory,6,131,262,double_path,0,False
25,active,memory,7,131,262,double_path,0,False
25,active,memory,8,131,262,double_path,0,False
25,active,memory,9,131,262,double_path,0,False
25,active,memory,10,131,262,double_path,0,False
25,active,memory,11,131,262,double_path,0,False
25,active,memory,12,131,262,double_path,0,False
25,active,memory,13,131,262,double_path,0,False
25,active,memory,14,131,262,double_path,0,False
25,active,memory,15,131,262,double_path,0,False
25,active,memory,16,131,262,double_path,0,False
25,active,memory,17,131,262,double_path,0,False
25,active,memory,18,131,262,double_path,0,False
25,active,memory,19,131,262,double_path,0,False
26,unloaded,mixed,0,131,131,unhooked,0,False
26,unloaded,mixed,1,131,131,unhooked,0,False
26,unloaded,mixed,2,131,131,unhooked,0,False
26,unloaded,mixed,3,131,131,unhooked,0,False
26,unloaded,mixed,4,131,131,unhooked,0,False
26,unloaded,mixed,5,131,131,unhooked,0,False
26,unloaded,mixed,6,131,131,unhooked,0,False
26,unloaded,mixed,7,131,131,unhooked,0,False
26,unloaded,mixed,8,131,131,unhooked,0,False
26,unloaded,mixed,9,131,131,unhooked,0,False
26,unloaded,mixed,10,131,131,unhooked,0,False
26,unloaded,mixed,11,131,131,unhooked,0,False
26,unloaded,mixed,12,131,131,unhooked,0,False
26,unloaded,mixed,13,131,131,unhooked,0,False
26,unloaded,mixed,14,131,131,unhooked,0,False
26,unloaded,mixed,15,131,131,unhooked,0,False
26,unloaded,mixed,16,131,131,unhooked,0,False
26,unloaded,mixed,17,131,131,unhooked,0,False
26,unloaded,mixed,18,131,131,unhooked,0,False
26,unloaded,mixed,19,131,131,unhooked,0,False
27,active,mixed,0,131,262,double_path,0,False
27,active,mixed,1,131,262,double_path,0,False
27,active,mixed,2,131,262,double_path,0,False
27,active,mixed,3,131,262,double_path,0,False
27,active,mixed,4,131,262,double_path,0,False
27,active,mixed,5,131,262,double_path,0,False
27,active,mixed,6,131,262,double_path,0,False
27,active,mixed,7,131,262,double_path,0,False
27,active,mixed,8,131,262,double_path,0,False
27,active,mixed,9,131,262,double_path,0,False
27,active,mixed,10,131,262,double_path,0,False
27,active,mixed,11,131,262,double_path,0,False
27,active,mixed,12,131,262,double_path,0,False
27,active,mixed,13,131,262,double_path,0,False
27,active,mixed,14,131,262,double_path,0,False
27,active,mixed,15,131,262,double_path,0,False
27,active,mixed,16,131,262,double_path,0,False
27,active,mixed,17,131,262,double_path,0,False
27,active,mixed,18,131,262,double_path,0,False
27,active,mixed,19,131,262,double_path,0,False
28,unloaded,memory,0,131,131,unhooked,0,False
28,unloaded,memory,1,131,131,unhooked,0,False
28,unloaded,memory,2,131,131,unhooked,0,False
28,unloaded,memory,3,131,131,unhooked,0,False
28,unloaded,memory,4,131,131,unhooked,0,False
28,unloaded,memory,5,131,131,unhooked,0,False
28,unloaded,memory,6,131,131,unhooked,0,False
28,unloaded,memory,7,131,131,unhooked,0,False
28,unloaded,memory,8,131,131,unhooked,0,False
28,unloaded,memory,9,131,131,unhooked,0,False
28,unloaded,memory,10,131,131,unhooked,0,False
28,unloaded,memory,11,131,131,unhooked,0,False
28,unloaded,memory,12,131,131,unhooked,0,False
28,unloaded,memory,13,131,131,unhooked,0,False
28,unloaded,memory,14,131,131,unhooked,0,False
28,unloaded,memory,15,131,131,unhooked,0,False
28,unloaded,memory,16,131,131,unhooked,0,False
28,unloaded,memory,17,131,131,unhooked,0,False
28,unloaded,memory,18,131,131,unhooked,0,False
28,unloaded,memory,19,131,131,unhooked,0,False
29,active,baseline,0,131,262,double_path,0,False
29,active,baseline,1,131,262,double_path,0,False
29,active,baseline,2,131,262,double_path,0,False
29,active,baseline,3,131,262,double_path,0,False
29,active,baseline,4,131,262,double_path,0,False
29,active,baseline,5,131,262,double_path,0,False
29,active,baseline,6,131,262,double_path,0,False
29,active,baseline,7,131,262,double_path,0,False
29,active,baseline,8,131,262,double_path,0,False
29,active,baseline,9,131,262,double_path,0,False
29,active,baseline,10,131,262,double_path,0,False
29,active,baseline,11,131,262,double_path,0,False
29,active,baseline,12,131,262,double_path,0,False
29,active,baseline,13,131,262,double_path,0,False
29,active,baseline,14,131,262,double_path,0,False
29,active,baseline,15,131,262,double_path,0,False
29,active,baseline,16,131,262,double_path,0,False
29,active,baseline,17,131,262,double_path,0,False
29,active,baseline,18,131,262,double_path,0,False
29,active,baseline,19,131,262,double_path,0,False
30,hiding,memory,0,130,261,double_path,1,True
30,hiding,memory,1,130,261,double_path,1,True
30,hiding,memory,2,130,261,double_path,1,True
30,hiding,memory,3,130,261,double_path,1,True
30,hiding,memory,4,130,261,double_path,1,True
30,hiding,memory,5,130,261,double_path,1,True
30,hiding,memory,6,130,261,double_path,1,True
30,hiding,memory,7,130,261,double_path,1,True
30,hiding,memory,8,130,261,double_path,1,True
30,hiding,memory,9,130,261,double_path,1,True
30,hiding,memory,10,130,261,double_path,1,True
30,hiding,memory,11,130,261,double_path,1,True
30,hiding,memory,12,130,261,double_path,1,True
30,hiding,memory,13,130,261,double_path,1,True
30,hiding,memory,14,130,261,double_path,1,True
30,hiding,memory,15,130,261,double_path,1,True
30,hiding,memory,16,130,261,double_path,1,True
30,hiding,memory,17,130,261,double_path,1,True
30,hiding,memory,18,130,261,double_path,1,True
30,hiding,memory,19,130,261,double_path,1,True
31,hiding,baseline,0,130,261,double_path,1,True
31,hiding,baseline,1,130,261,double_path,1,True
31,hiding,baseline,2,130,261,double_path,1,True
31,hiding,baseline,3,130,261,double_path,1,True
31,hiding,baseline,4,130,261,double_path,1,True
31,hiding,baseline,5,130,261,double_path,1,True
31,hiding,baseline,6,130,261,double_path,1,True
31,hiding,baseline,7,130,261,double_path,1,True
31,hiding,baseline,8,130,261,double_path,1,True
31,hiding,baseline,9,130,261,double_path,1,True
31,hiding,baseline,10,130,261,double_path,1,True
31,hiding,baseline,11,130,261,double_path,1,True
31,hiding,baseline,12,130,261,double_path,1,True
31,hiding,baseline,13,130,261,double_path,1,True
31,hiding,baseline,14,130,261,double_path,1,True
31,hiding,baseline,15,130,261,double_path,1,True
31,hiding,baseline,16,130,261,double_path,1,True
31,hiding,baseline,17,130,261,double_path,1,True
31,hiding,baseline,18,130,261,double_path,1,True
31,hiding,baseline,19,130,261,double_path,1,True
32,active,cpu,0,131,262,double_path,0,False
32,active,cpu,1,131,262,double_path,0,False
32,active,cpu,2,131,262,double_path,0,False
32,active,cpu,3,131,262,double_path,0,False
32,active,cpu,4,131,262,double_path,0,False
32,active,cpu,5,131,262,double_path,0,False
32,active,cpu,6,131,262,double_path,0,False
32,active,cpu,7,131,262,double_path,0,False
32,active,cpu,8,131,262,double_path,0,False
32,active,cpu,9,131,262,double_path,0,False
32,active,cpu,10,131,262,double_path,0,False
32,active,cpu,11,131,262,double_path,0,False
32,active,cpu,12,131,262,double_path,0,False
32,active,cpu,13,131,262,double_path,0,False
32,active,cpu,14,131,262,double_path,0,False
32,active,cpu,15,131,262,double_path,0,False
32,active,cpu,16,131,262,double_path,0,False
32,active,cpu,17,131,262,double_path,0,False
32,active,cpu,18,131,262,double_path,0,False
32,active,cpu,19,131,262,double_path,0,False
33,unloaded,mixed,0,131,131,unhooked,0,False
33,unloaded,mixed,1,131,131,unhooked,0,False
33,unloaded,mixed,2,131,131,unhooked,0,False
33,unloaded,mixed,3,131,131,unhooked,0,False
33,unloaded,mixed,4,131,131,unhooked,0,False
33,unloaded,mixed,5,131,131,unhooked,0,False
33,unloaded,mixed,6,131,131,unhooked,0,False
33,unloaded,mixed,7,131,131,unhooked,0,False
33,unloaded,mixed,8,131,131,unhooked,0,False
33,unloaded,mixed,9,131,131,unhooked,0,False
33,unloaded,mixed,10,131,131,unhooked,0,False
33,unloaded,mixed,11,131,131,unhooked,0,False
33,unloaded,mixed,12,131,131,unhooked,0,False
33,unloaded,mixed,13,131,131,unhooked,0,False
33,unloaded,mixed,14,131,131,unhooked,0,False
33,unloaded,mixed,15,131,131,unhooked,0,False
33,unloaded,mixed,16,131,131,unhooked,0,False
33,unloaded,mixed,17,131,131,unhooked,0,False
33,unloaded,mixed,18,131,131,unhooked,0,False
33,unloaded,mixed,19,131,131,unhooked,0,False
34,pass,baseline,0,131,262,double_path,0,False
34,pass,baseline,1,131,262,double_path,0,False
34,pass,baseline,2,131,262,double_path,0,False
34,pass,baseline,3,131,262,double_path,0,False
34,pass,baseline,4,131,262,double_path,0,False
34,pass,baseline,5,131,262,double_path,0,False
34,pass,baseline,6,131,262,double_path,0,False
34,pass,baseline,7,131,262,double_path,0,False
34,pass,baseline,8,131,262,double_path,0,False
34,pass,baseline,9,131,262,double_path,0,False
34,pass,baseline,10,131,262,double_path,0,False
34,pass,baseline,11,131,262,double_path,0,False
34,pass,baseline,12,131,262,double_path,0,False
34,pass,baseline,13,131,262,double_path,0,False
34,pass,baseline,14,131,262,double_path,0,False
34,pass,baseline,15,131,262,double_path,0,False
34,pass,baseline,16,131,262,double_path,0,False
34,pass,baseline,17,131,262,double_path,0,False
34,pass,baseline,18,131,262,double_path,0,False
34,pass,baseline,19,131,262,double_path,0,False
35,hiding,mixed,0,130,261,double_path,1,True
35,hiding,mixed,1,130,261,double_path,1,True
35,hiding,mixed,2,130,261,double_path,1,True
35,hiding,mixed,3,130,261,double_path,1,True
35,hiding,mixed,4,130,261,double_path,1,True
35,hiding,mixed,5,130,261,double_path,1,True
35,hiding,mixed,6,130,261,double_path,1,True
35,hiding,mixed,7,130,261,double_path,1,True
35,hiding,mixed,8,130,261,double_path,1,True
35,hiding,mixed,9,130,261,double_path,1,True
35,hiding,mixed,10,130,261,double_path,1,True
35,hiding,mixed,11,130,261,double_path,1,True
35,hiding,mixed,12,130,261,double_path,1,True
35,hiding,mixed,13,130,261,double_path,1,True
35,hiding,mixed,14,130,261,double_path,1,True
35,hiding,mixed,15,130,261,double_path,1,True
35,hiding,mixed,16,130,261,double_path,1,True
35,hiding,mixed,17,130,261,double_path,1,True
35,hiding,mixed,18,130,261,double_path,1,True
35,hiding,mixed,19,130,261,double_path,1,True
36,active,cpu,0,131,262,double_path,0,False
36,active,cpu,1,131,262,double_path,0,False
36,active,cpu,2,131,262,double_path,0,False
36,active,cpu,3,131,262,double_path,0,False
36,active,cpu,4,131,262,double_path,0,False
36,active,cpu,5,131,262,double_path,0,False
36,active,cpu,6,131,262,double_path,0,False
36,active,cpu,7,131,262,double_path,0,False
36,active,cpu,8,131,262,double_path,0,False
36,active,cpu,9,131,262,double_path,0,False
36,active,cpu,10,131,262,double_path,0,False
36,active,cpu,11,131,262,double_path,0,False
36,active,cpu,12,131,262,double_path,0,False
36,active,cpu,13,131,262,double_path,0,False
36,active,cpu,14,131,262,double_path,0,False
36,active,cpu,15,131,262,double_path,0,False
36,active,cpu,16,131,262,double_path,0,False
36,active,cpu,17,131,262,double_path,0,False
36,active,cpu,18,131,262,double_path,0,False
36,active,cpu,19,131,262,double_path,0,False
37,active,memory,0,131,262,double_path,0,False
37,active,memory,1,131,262,double_path,0,False
37,active,memory,2,131,262,double_path,0,False
37,active,memory,3,131,262,double_path,0,False
37,active,memory,4,131,262,double_path,0,False
37,active,memory,5,131,262,double_path,0,False
37,active,memory,6,131,262,double_path,0,False
37,active,memory,7,131,262,double_path,0,False
37,active,memory,8,131,262,double_path,0,False
37,active,memory,9,131,262,double_path,0,False
37,active,memory,10,131,262,double_path,0,False
37,active,memory,11,131,262,double_path,0,False
37,active,memory,12,131,262,double_path,0,False
37,active,memory,13,131,262,double_path,0,False
37,active,memory,14,131,262,double_path,0,False
37,active,memory,15,131,262,double_path,0,False
37,active,memory,16,131,262,double_path,0,False
37,active,memory,17,131,262,double_path,0,False
37,active,memory,18,131,262,double_path,0,False
37,active,memory,19,131,262,double_path,0,False
38,unloaded,memory,0,131,131,unhooked,0,False
38,unloaded,memory,1,131,131,unhooked,0,False
38,unloaded,memory,2,131,131,unhooked,0,False
38,unloaded,memory,3,131,131,unhooked,0,False
38,unloaded,memory,4,131,131,unhooked,0,False
38,unloaded,memory,5,131,131,unhooked,0,False
38,unloaded,memory,6,131,131,unhooked,0,False
38,unloaded,memory,7,131,131,unhooked,0,False
38,unloaded,memory,8,131,131,unhooked,0,False
38,unloaded,memory,9,131,131,unhooked,0,False
38,unloaded,memory,10,131,131,unhooked,0,False
38,unloaded,memory,11,131,131,unhooked,0,False
38,unloaded,memory,12,131,131,unhooked,0,False
38,unloaded,memory,13,131,131,unhooked,0,False
38,unloaded,memory,14,131,131,unhooked,0,False
38,unloaded,memory,15,131,131,unhooked,0,False
38,unloaded,memory,16,131,131,unhooked,0,False
38,unloaded,memory,17,131,131,unhooked,0,False
38,unloaded,memory,18,131,131,unhooked,0,False
38,unloaded,memory,19,131,131,unhooked,0,False
39,pass,baseline,0,131,262,double_path,0,False
39,pass,baseline,1,131,262,double_path,0,False
39,pass,baseline,2,131,262,double_path,0,False
39,pass,baseline,3,131,262,double_path,0,False
39,pass,baseline,4,131,262,double_path,0,False
39,pass,baseline,5,131,262,double_path,0,False
39,pass,baseline,6,131,262,double_path,0,False
39,pass,baseline,7,131,262,double_path,0,False
39,pass,baseline,8,131,262,double_path,0,False
39,pass,baseline,9,131,262,double_path,0,False
39,pass,baseline,10,131,262,double_path,0,False
39,pass,baseline,11,131,262,double_path,0,False
39,pass,baseline,12,131,262,double_path,0,False
39,pass,baseline,13,131,262,double_path,0,False
39,pass,baseline,14,131,262,double_path,0,False
39,pass,baseline,15,131,262,double_path,0,False
39,pass,baseline,16,131,262,double_path,0,False
39,pass,baseline,17,131,262,double_path,0,False
39,pass,baseline,18,131,262,double_path,0,False
39,pass,baseline,19,131,262,double_path,0,False
40,pass,mixed,0,131,262,double_path,0,False
40,pass,mixed,1,131,262,double_path,0,False
40,pass,mixed,2,131,262,double_path,0,False
40,pass,mixed,3,131,262,double_path,0,False
40,pass,mixed,4,131,262,double_path,0,False
40,pass,mixed,5,131,262,double_path,0,False
40,pass,mixed,6,131,262,double_path,0,False
40,pass,mixed,7,131,262,double_path,0,False
40,pass,mixed,8,131,262,double_path,0,False
40,pass,mixed,9,131,262,double_path,0,False
40,pass,mixed,10,131,262,double_path,0,False
40,pass,mixed,11,131,262,double_path,0,False
40,pass,mixed,12,131,262,double_path,0,False
40,pass,mixed,13,131,262,double_path,0,False
40,pass,mixed,14,131,262,double_path,0,False
40,pass,mixed,15,131,262,double_path,0,False
40,pass,mixed,16,131,262,double_path,0,False
40,pass,mixed,17,131,262,double_path,0,False
40,pass,mixed,18,131,262,double_path,0,False
40,pass,mixed,19,131,262,double_path,0,False
41,unloaded,memory,0,131,131,unhooked,0,False
41,unloaded,memory,1,131,131,unhooked,0,False
41,unloaded,memory,2,131,131,unhooked,0,False
41,unloaded,memory,3,131,131,unhooked,0,False
41,unloaded,memory,4,131,131,unhooked,0,False
41,unloaded,memory,5,131,131,unhooked,0,False
41,unloaded,memory,6,131,131,unhooked,0,False
41,unloaded,memory,7,131,131,unhooked,0,False
41,unloaded,memory,8,131,131,unhooked,0,False
41,unloaded,memory,9,131,131,unhooked,0,False
41,unloaded,memory,10,131,131,unhooked,0,False
41,unloaded,memory,11,131,131,unhooked,0,False
41,unloaded,memory,12,131,131,unhooked,0,False
41,unloaded,memory,13,131,131,unhooked,0,False
41,unloaded,memory,14,131,131,unhooked,0,False
41,unloaded,memory,15,131,131,unhooked,0,False
41,unloaded,memory,16,131,131,unhooked,0,False
41,unloaded,memory,17,131,131,unhooked,0,False
41,unloaded,memory,18,131,131,unhooked,0,False
41,unloaded,memory,19,131,131,unhooked,0,False
42,pass,memory,0,131,262,double_path,0,False
42,pass,memory,1,131,262,double_path,0,False
42,pass,memory,2,131,262,double_path,0,False
42,pass,memory,3,131,262,double_path,0,False
42,pass,memory,4,131,262,double_path,0,False
42,pass,memory,5,131,262,double_path,0,False
42,pass,memory,6,131,262,double_path,0,False
42,pass,memory,7,131,262,double_path,0,False
42,pass,memory,8,131,262,double_path,0,False
42,pass,memory,9,131,262,double_path,0,False
42,pass,memory,10,131,262,double_path,0,False
42,pass,memory,11,131,262,double_path,0,False
42,pass,memory,12,131,262,double_path,0,False
42,pass,memory,13,131,262,double_path,0,False
42,pass,memory,14,131,262,double_path,0,False
42,pass,memory,15,131,262,double_path,0,False
42,pass,memory,16,131,262,double_path,0,False
42,pass,memory,17,131,262,double_path,0,False
42,pass,memory,18,131,262,double_path,0,False
42,pass,memory,19,131,262,double_path,0,False
43,active,mixed,0,131,262,double_path,0,False
43,active,mixed,1,131,262,double_path,0,False
43,active,mixed,2,131,262,double_path,0,False
43,active,mixed,3,131,262,double_path,0,False
43,active,mixed,4,131,262,double_path,0,False
43,active,mixed,5,131,262,double_path,0,False
43,active,mixed,6,131,262,double_path,0,False
43,active,mixed,7,131,262,double_path,0,False
43,active,mixed,8,131,262,double_path,0,False
43,active,mixed,9,131,262,double_path,0,False
43,active,mixed,10,131,262,double_path,0,False
43,active,mixed,11,131,262,double_path,0,False
43,active,mixed,12,131,262,double_path,0,False
43,active,mixed,13,131,262,double_path,0,False
43,active,mixed,14,131,262,double_path,0,False
43,active,mixed,15,131,262,double_path,0,False
43,active,mixed,16,131,262,double_path,0,False
43,active,mixed,17,131,262,double_path,0,False
43,active,mixed,18,131,262,double_path,0,False
43,active,mixed,19,131,262,double_path,0,False
44,pass,mixed,0,131,262,double_path,0,False
44,pass,mixed,1,131,262,double_path,0,False
44,pass,mixed,2,131,262,double_path,0,False
44,pass,mixed,3,131,262,double_path,0,False
44,pass,mixed,4,131,262,double_path,0,False
44,pass,mixed,5,131,262,double_path,0,False
44,pass,mixed,6,131,262,double_path,0,False
44,pass,mixed,7,131,262,double_path,0,False
44,pass,mixed,8,131,262,double_path,0,False
44,pass,mixed,9,131,262,double_path,0,False
44,pass,mixed,10,131,262,double_path,0,False
44,pass,mixed,11,131,262,double_path,0,False
44,pass,mixed,12,131,262,double_path,0,False
44,pass,mixed,13,131,262,double_path,0,False
44,pass,mixed,14,131,262,double_path,0,False
44,pass,mixed,15,131,262,double_path,0,False
44,pass,mixed,16,131,262,double_path,0,False
44,pass,mixed,17,131,262,double_path,0,False
44,pass,mixed,18,131,262,double_path,0,False
44,pass,mixed,19,131,262,double_path,0,False
45,unloaded,cpu,0,131,131,unhooked,0,False
45,unloaded,cpu,1,131,131,unhooked,0,False
45,unloaded,cpu,2,131,131,unhooked,0,False
45,unloaded,cpu,3,131,131,unhooked,0,False
45,unloaded,cpu,4,131,131,unhooked,0,False
45,unloaded,cpu,5,131,131,unhooked,0,False
45,unloaded,cpu,6,131,131,unhooked,0,False
45,unloaded,cpu,7,131,131,unhooked,0,False
45,unloaded,cpu,8,131,131,unhooked,0,False
45,unloaded,cpu,9,131,131,unhooked,0,False
45,unloaded,cpu,10,131,131,unhooked,0,False
45,unloaded,cpu,11,131,131,unhooked,0,False
45,unloaded,cpu,12,131,131,unhooked,0,False
45,unloaded,cpu,13,131,131,unhooked,0,False
45,unloaded,cpu,14,131,131,unhooked,0,False
45,unloaded,cpu,15,131,131,unhooked,0,False
45,unloaded,cpu,16,131,131,unhooked,0,False
45,unloaded,cpu,17,131,131,unhooked,0,False
45,unloaded,cpu,18,131,131,unhooked,0,False
45,unloaded,cpu,19,131,131,unhooked,0,False
46,hiding,baseline,0,130,261,double_path,1,True
46,hiding,baseline,1,130,261,double_path,1,True
46,hiding,baseline,2,130,261,double_path,1,True
46,hiding,baseline,3,130,261,double_path,1,True
46,hiding,baseline,4,130,261,double_path,1,True
46,hiding,baseline,5,130,261,double_path,1,True
46,hiding,baseline,6,130,261,double_path,1,True
46,hiding,baseline,7,130,261,double_path,1,True
46,hiding,baseline,8,130,261,double_path,1,True
46,hiding,baseline,9,130,261,double_path,1,True
46,hiding,baseline,10,130,261,double_path,1,True
46,hiding,baseline,11,130,261,double_path,1,True
46,hiding,baseline,12,130,261,double_path,1,True
46,hiding,baseline,13,130,261,double_path,1,True
46,hiding,baseline,14,130,261,double_path,1,True
46,hiding,baseline,15,130,261,double_path,1,True
46,hiding,baseline,16,130,261,double_path,1,True
46,hiding,baseline,17,130,261,double_path,1,True
46,hiding,baseline,18,130,261,double_path,1,True
46,hiding,baseline,19,130,261,double_path,1,True
47,pass,memory,0,131,262,double_path,0,False
47,pass,memory,1,131,262,double_path,0,False
47,pass,memory,2,131,262,double_path,0,False
47,pass,memory,3,131,262,double_path,0,False
47,pass,memory,4,131,262,double_path,0,False
47,pass,memory,5,131,262,double_path,0,False
47,pass,memory,6,131,262,double_path,0,False
47,pass,memory,7,131,262,double_path,0,False
47,pass,memory,8,131,262,double_path,0,False
47,pass,memory,9,131,262,double_path,0,False
47,pass,memory,10,131,262,double_path,0,False
47,pass,memory,11,131,262,double_path,0,False
47,pass,memory,12,131,262,double_path,0,False
47,pass,memory,13,131,262,double_path,0,False
47,pass,memory,14,131,262,double_path,0,False
47,pass,memory,15,131,262,double_path,0,False
47,pass,memory,16,131,262,double_path,0,False
47,pass,memory,17,131,262,double_path,0,False
47,pass,memory,18,131,262,double_path,0,False
47,pass,memory,19,131,262,double_path,0,False
