feature,mode,batch_id,position,state,condition,score,threshold,alert
first_raw_q10,pooled,20260919T085522.118803Z_b0e4cf96,24,hiding,cpu,129458.2,88109.135,True
first_raw_q10,pooled,20260919T085530.764807Z_3edbbdcc,25,unloaded,cpu,86643.6,88109.135,False
first_raw_q10,pooled,20260919T085538.851008Z_05732494,26,sham,cpu,108184.1,88109.135,True
first_raw_q10,pooled,20260919T085547.007097Z_2b89001d,27,sham,cpu,107459.7,88109.135,True
first_raw_q10,pooled,20260919T085549.037884Z_ee564d83,28,hiding,baseline,126645.3,88109.135,True
first_raw_q10,pooled,20260919T085557.547983Z_6c6db3f6,29,unloaded,cpu,81512.2,88109.135,False
first_raw_q10,pooled,20260919T085559.493875Z_515a825f,30,unloaded,baseline,81344.3,88109.135,False
first_raw_q10,pooled,20260919T085601.506872Z_9edeed97,31,hiding,baseline,125839.4,88109.135,True
first_raw_q10,pooled,20260919T085604.004623Z_e135c575,32,sham,baseline,104492.8,88109.135,True
first_raw_q10,pooled,20260919T085612.158522Z_f984a789,33,sham,cpu,109129.7,88109.135,True
first_raw_q10,pooled,20260919T085620.254983Z_52179ca8,34,unloaded,cpu,86269.7,88109.135,False
first_raw_q10,pooled,20260919T085622.233747Z_3ff3d6a3,35,sham,baseline,103106.0,88109.135,True
first_raw_q10,pooled,20260919T085630.433477Z_4bfca33e,36,hiding,cpu,130151.3,88109.135,True
first_raw_q10,pooled,20260919T085639.029455Z_f5abde34,37,sham,cpu,103513.2,88109.135,True
first_raw_q10,pooled,20260919T085641.020600Z_781a0c1b,38,sham,baseline,103457.8,88109.135,True
first_raw_q10,pooled,20260919T085649.256846Z_960f39ad,39,hiding,cpu,185708.2,88109.135,True
first_raw_q10,pooled,20260919T085651.683788Z_b643252c,40,unloaded,baseline,79097.2,88109.135,False
first_raw_q10,pooled,20260919T085659.708416Z_70ea7096,41,unloaded,cpu,84291.6,88109.135,False
first_raw_q10,pooled,20260919T085707.761288Z_a8308dd3,42,unloaded,cpu,85403.5,88109.135,False
first_raw_q10,pooled,20260919T085709.665280Z_e1d59aae,43,unloaded,baseline,81843.0,88109.135,False
first_raw_q10,pooled,20260919T085711.581808Z_4e89ee22,44,unloaded,baseline,78449.5,88109.135,False
first_raw_q10,pooled,20260919T085719.675726Z_28866431,45,sham,cpu,104364.7,88109.135,True
first_raw_q10,pooled,20260919T085721.724769Z_4773750c,46,hiding,baseline,129484.0,88109.135,True
first_raw_q10,pooled,20260919T085724.125160Z_da597bfb,47,unloaded,baseline,78024.5,88109.135,False
first_raw_q10,pooled,20260919T085726.064797Z_3afb9bbd,48,unloaded,baseline,81306.5,88109.135,False
first_raw_q10,pooled,20260919T085728.071589Z_07b2f1ba,49,hiding,baseline,126766.0,88109.135,True
first_raw_q10,pooled,20260919T085730.621170Z_0dfc2fa4,50,hiding,baseline,126856.3,88109.135,True
first_raw_q10,pooled,20260919T085733.167671Z_0d82375e,51,hiding,baseline,126213.2,88109.135,True
first_raw_q10,pooled,20260919T085741.837071Z_d64daf59,52,sham,cpu,108216.4,88109.135,True
first_raw_q10,pooled,20260919T085750.063763Z_b064fc31,53,hiding,cpu,127375.4,88109.135,True
first_raw_q10,pooled,20260919T085758.717626Z_c85d03e4,54,hiding,cpu,129918.7,88109.135,True
first_raw_q10,pooled,20260919T085801.218589Z_7a57d597,55,sham,baseline,103745.0,88109.135,True
first_raw_q10,pooled,20260919T085803.236617Z_91a71f65,56,sham,baseline,103876.9,88109.135,True
first_raw_q10,pooled,20260919T085811.349579Z_42da554b,57,unloaded,cpu,85008.4,88109.135,False
first_raw_q10,pooled,20260919T085813.346064Z_3e60e574,58,sham,baseline,104277.4,88109.135,True
first_raw_q10,pooled,20260919T085821.555591Z_e06e28f3,59,hiding,cpu,133280.9,88109.135,True
first_raw_q10,condition_oracle,20260919T085522.118803Z_b0e4cf96,24,hiding,cpu,129458.2,88512.38,True
first_raw_q10,condition_oracle,20260919T085530.764807Z_3edbbdcc,25,unloaded,cpu,86643.6,88512.38,False
first_raw_q10,condition_oracle,20260919T085538.851008Z_05732494,26,sham,cpu,108184.1,88512.38,True
first_raw_q10,condition_oracle,20260919T085547.007097Z_2b89001d,27,sham,cpu,107459.7,88512.38,True
first_raw_q10,condition_oracle,20260919T085549.037884Z_ee564d83,28,hiding,baseline,126645.3,83519.315,True
first_raw_q10,condition_oracle,20260919T085557.547983Z_6c6db3f6,29,unloaded,cpu,81512.2,88512.38,False
first_raw_q10,condition_oracle,20260919T085559.493875Z_515a825f,30,unloaded,baseline,81344.3,83519.315,False
first_raw_q10,condition_oracle,20260919T085601.506872Z_9edeed97,31,hiding,baseline,125839.4,83519.315,True
first_raw_q10,condition_oracle,20260919T085604.004623Z_e135c575,32,sham,baseline,104492.8,83519.315,True
first_raw_q10,condition_oracle,20260919T085612.158522Z_f984a789,33,sham,cpu,109129.7,88512.38,True
first_raw_q10,condition_oracle,20260919T085620.254983Z_52179ca8,34,unloaded,cpu,86269.7,88512.38,False
first_raw_q10,condition_oracle,20260919T085622.233747Z_3ff3d6a3,35,sham,baseline,103106.0,83519.315,True
first_raw_q10,condition_oracle,20260919T085630.433477Z_4bfca33e,36,hiding,cpu,130151.3,88512.38,True
first_raw_q10,condition_oracle,20260919T085639.029455Z_f5abde34,37,sham,cpu,103513.2,88512.38,True
first_raw_q10,condition_oracle,20260919T085641.020600Z_781a0c1b,38,sham,baseline,103457.8,83519.315,True
first_raw_q10,condition_oracle,20260919T085649.256846Z_960f39ad,39,hiding,cpu,185708.2,88512.38,True
first_raw_q10,condition_oracle,20260919T085651.683788Z_b643252c,40,unloaded,baseline,79097.2,83519.315,False
first_raw_q10,condition_oracle,20260919T085659.708416Z_70ea7096,41,unloaded,cpu,84291.6,88512.38,False
first_raw_q10,condition_oracle,20260919T085707.761288Z_a8308dd3,42,unloaded,cpu,85403.5,88512.38,False
first_raw_q10,condition_oracle,20260919T085709.665280Z_e1d59aae,43,unloaded,baseline,81843.0,83519.315,False
first_raw_q10,condition_oracle,20260919T085711.581808Z_4e89ee22,44,unloaded,baseline,78449.5,83519.315,False
first_raw_q10,condition_oracle,20260919T085719.675726Z_28866431,45,sham,cpu,104364.7,88512.38,True
first_raw_q10,condition_oracle,20260919T085721.724769Z_4773750c,46,hiding,baseline,129484.0,83519.315,True
first_raw_q10,condition_oracle,20260919T085724.125160Z_da597bfb,47,unloaded,baseline,78024.5,83519.315,False
first_raw_q10,condition_oracle,20260919T085726.064797Z_3afb9bbd,48,unloaded,baseline,81306.5,83519.315,False
first_raw_q10,condition_oracle,20260919T085728.071589Z_07b2f1ba,49,hiding,baseline,126766.0,83519.315,True
first_raw_q10,condition_oracle,20260919T085730.621170Z_0dfc2fa4,50,hiding,baseline,126856.3,83519.315,True
first_raw_q10,condition_oracle,20260919T085733.167671Z_0d82375e,51,hiding,baseline,126213.2,83519.315,True
first_raw_q10,condition_oracle,20260919T085741.837071Z_d64daf59,52,sham,cpu,108216.4,88512.38,True
first_raw_q10,condition_oracle,20260919T085750.063763Z_b064fc31,53,hiding,cpu,127375.4,88512.38,True
first_raw_q10,condition_oracle,20260919T085758.717626Z_c85d03e4,54,hiding,cpu,129918.7,88512.38,True
first_raw_q10,condition_oracle,20260919T085801.218589Z_7a57d597,55,sham,baseline,103745.0,83519.315,True
first_raw_q10,condition_oracle,20260919T085803.236617Z_91a71f65,56,sham,baseline,103876.9,83519.315,True
first_raw_q10,condition_oracle,20260919T085811.349579Z_42da554b,57,unloaded,cpu,85008.4,88512.38,False
first_raw_q10,condition_oracle,20260919T085813.346064Z_3e60e574,58,sham,baseline,104277.4,83519.315,True
first_raw_q10,condition_oracle,20260919T085821.555591Z_e06e28f3,59,hiding,cpu,133280.9,88512.38,True
first_raw_median,pooled,20260919T085522.118803Z_b0e4cf96,24,hiding,cpu,149674.0,121680.525,True
first_raw_median,pooled,20260919T085530.764807Z_3edbbdcc,25,unloaded,cpu,117881.0,121680.525,False
first_raw_median,pooled,20260919T085538.851008Z_05732494,26,sham,cpu,146489.5,121680.525,True
first_raw_median,pooled,20260919T085547.007097Z_2b89001d,27,sham,cpu,148302.0,121680.525,True
first_raw_median,pooled,20260919T085549.037884Z_ee564d83,28,hiding,baseline,131638.5,121680.525,True
first_raw_median,pooled,20260919T085557.547983Z_6c6db3f6,29,unloaded,cpu,85395.5,121680.525,False
first_raw_median,pooled,20260919T085559.493875Z_515a825f,30,unloaded,baseline,83691.5,121680.525,False
first_raw_median,pooled,20260919T085601.506872Z_9edeed97,31,hiding,baseline,132044.0,121680.525,True
first_raw_median,pooled,20260919T085604.004623Z_e135c575,32,sham,baseline,107220.5,121680.525,False
first_raw_median,pooled,20260919T085612.158522Z_f984a789,33,sham,cpu,151085.0,121680.525,True
first_raw_median,pooled,20260919T085620.254983Z_52179ca8,34,unloaded,cpu,116721.5,121680.525,False
first_raw_median,pooled,20260919T085622.233747Z_3ff3d6a3,35,sham,baseline,108452.0,121680.525,False
first_raw_median,pooled,20260919T085630.433477Z_4bfca33e,36,hiding,cpu,177862.5,121680.525,True
first_raw_median,pooled,20260919T085639.029455Z_f5abde34,37,sham,cpu,111086.0,121680.525,False
first_raw_median,pooled,20260919T085641.020600Z_781a0c1b,38,sham,baseline,105983.5,121680.525,False
first_raw_median,pooled,20260919T085649.256846Z_960f39ad,39,hiding,cpu,202386.0,121680.525,True
first_raw_median,pooled,20260919T085651.683788Z_b643252c,40,unloaded,baseline,82280.5,121680.525,False
first_raw_median,pooled,20260919T085659.708416Z_70ea7096,41,unloaded,cpu,100669.0,121680.525,False
first_raw_median,pooled,20260919T085707.761288Z_a8308dd3,42,unloaded,cpu,117419.0,121680.525,False
first_raw_median,pooled,20260919T085709.665280Z_e1d59aae,43,unloaded,baseline,83506.5,121680.525,False
first_raw_median,pooled,20260919T085711.581808Z_4e89ee22,44,unloaded,baseline,82106.5,121680.525,False
first_raw_median,pooled,20260919T085719.675726Z_28866431,45,sham,cpu,151670.5,121680.525,True
first_raw_median,pooled,20260919T085721.724769Z_4773750c,46,hiding,baseline,131664.0,121680.525,True
first_raw_median,pooled,20260919T085724.125160Z_da597bfb,47,unloaded,baseline,85301.0,121680.525,False
first_raw_median,pooled,20260919T085726.064797Z_3afb9bbd,48,unloaded,baseline,85685.5,121680.525,False
first_raw_median,pooled,20260919T085728.071589Z_07b2f1ba,49,hiding,baseline,130458.0,121680.525,True
first_raw_median,pooled,20260919T085730.621170Z_0dfc2fa4,50,hiding,baseline,129158.5,121680.525,True
first_raw_median,pooled,20260919T085733.167671Z_0d82375e,51,hiding,baseline,131329.0,121680.525,True
first_raw_median,pooled,20260919T085741.837071Z_d64daf59,52,sham,cpu,155649.0,121680.525,True
first_raw_median,pooled,20260919T085750.063763Z_b064fc31,53,hiding,cpu,174388.0,121680.525,True
first_raw_median,pooled,20260919T085758.717626Z_c85d03e4,54,hiding,cpu,176821.0,121680.525,True
first_raw_median,pooled,20260919T085801.218589Z_7a57d597,55,sham,baseline,106613.0,121680.525,False
first_raw_median,pooled,20260919T085803.236617Z_91a71f65,56,sham,baseline,107156.0,121680.525,False
first_raw_median,pooled,20260919T085811.349579Z_42da554b,57,unloaded,cpu,108635.5,121680.525,False
first_raw_median,pooled,20260919T085813.346064Z_3e60e574,58,sham,baseline,106886.0,121680.525,False
first_raw_median,pooled,20260919T085821.555591Z_e06e28f3,59,hiding,cpu,177087.5,121680.525,True
first_raw_median,condition_oracle,20260919T085522.118803Z_b0e4cf96,24,hiding,cpu,149674.0,123074.55,True
first_raw_median,condition_oracle,20260919T085530.764807Z_3edbbdcc,25,unloaded,cpu,117881.0,123074.55,False
first_raw_median,condition_oracle,20260919T085538.851008Z_05732494,26,sham,cpu,146489.5,123074.55,True
first_raw_median,condition_oracle,20260919T085547.007097Z_2b89001d,27,sham,cpu,148302.0,123074.55,True
first_raw_median,condition_oracle,20260919T085549.037884Z_ee564d83,28,hiding,baseline,131638.5,87518.675,True
first_raw_median,condition_oracle,20260919T085557.547983Z_6c6db3f6,29,unloaded,cpu,85395.5,123074.55,False
first_raw_median,condition_oracle,20260919T085559.493875Z_515a825f,30,unloaded,baseline,83691.5,87518.675,False
first_raw_median,condition_oracle,20260919T085601.506872Z_9edeed97,31,hiding,baseline,132044.0,87518.675,True
first_raw_median,condition_oracle,20260919T085604.004623Z_e135c575,32,sham,baseline,107220.5,87518.675,True
first_raw_median,condition_oracle,20260919T085612.158522Z_f984a789,33,sham,cpu,151085.0,123074.55,True
first_raw_median,condition_oracle,20260919T085620.254983Z_52179ca8,34,unloaded,cpu,116721.5,123074.55,False
first_raw_median,condition_oracle,20260919T085622.233747Z_3ff3d6a3,35,sham,baseline,108452.0,87518.675,True
first_raw_median,condition_oracle,20260919T085630.433477Z_4bfca33e,36,hiding,cpu,177862.5,123074.55,True
first_raw_median,condition_oracle,20260919T085639.029455Z_f5abde34,37,sham,cpu,111086.0,123074.55,False
first_raw_median,condition_oracle,20260919T085641.020600Z_781a0c1b,38,sham,baseline,105983.5,87518.675,True
first_raw_median,condition_oracle,20260919T085649.256846Z_960f39ad,39,hiding,cpu,202386.0,123074.55,True
first_raw_median,condition_oracle,20260919T085651.683788Z_b643252c,40,unloaded,baseline,82280.5,87518.675,False
first_raw_median,condition_oracle,20260919T085659.708416Z_70ea7096,41,unloaded,cpu,100669.0,123074.55,False
first_raw_median,condition_oracle,20260919T085707.761288Z_a8308dd3,42,unloaded,cpu,117419.0,123074.55,False
first_raw_median,condition_oracle,20260919T085709.665280Z_e1d59aae,43,unloaded,baseline,83506.5,87518.675,False
first_raw_median,condition_oracle,20260919T085711.581808Z_4e89ee22,44,unloaded,baseline,82106.5,87518.675,False
first_raw_median,condition_oracle,20260919T085719.675726Z_28866431,45,sham,cpu,151670.5,123074.55,True
first_raw_median,condition_oracle,20260919T085721.724769Z_4773750c,46,hiding,baseline,131664.0,87518.675,True
first_raw_median,condition_oracle,20260919T085724.125160Z_da597bfb,47,unloaded,baseline,85301.0,87518.675,False
first_raw_median,condition_oracle,20260919T085726.064797Z_3afb9bbd,48,unloaded,baseline,85685.5,87518.675,False
first_raw_median,condition_oracle,20260919T085728.071589Z_07b2f1ba,49,hiding,baseline,130458.0,87518.675,True
first_raw_median,condition_oracle,20260919T085730.621170Z_0dfc2fa4,50,hiding,baseline,129158.5,87518.675,True
first_raw_median,condition_oracle,20260919T085733.167671Z_0d82375e,51,hiding,baseline,131329.0,87518.675,True
first_raw_median,condition_oracle,20260919T085741.837071Z_d64daf59,52,sham,cpu,155649.0,123074.55,True
first_raw_median,condition_oracle,20260919T085750.063763Z_b064fc31,53,hiding,cpu,174388.0,123074.55,True
first_raw_median,condition_oracle,20260919T085758.717626Z_c85d03e4,54,hiding,cpu,176821.0,123074.55,True
first_raw_median,condition_oracle,20260919T085801.218589Z_7a57d597,55,sham,baseline,106613.0,87518.675,True
first_raw_median,condition_oracle,20260919T085803.236617Z_91a71f65,56,sham,baseline,107156.0,87518.675,True
first_raw_median,condition_oracle,20260919T085811.349579Z_42da554b,57,unloaded,cpu,108635.5,123074.55,False
first_raw_median,condition_oracle,20260919T085813.346064Z_3e60e574,58,sham,baseline,106886.0,87518.675,True
first_raw_median,condition_oracle,20260919T085821.555591Z_e06e28f3,59,hiding,cpu,177087.5,123074.55,True
