feature,mode,state,condition,n,alerts,alert_rate
first_raw_q10,pooled,unloaded,baseline,6,0,0.0
first_raw_q10,pooled,unloaded,cpu,6,0,0.0
first_raw_q10,pooled,unloaded,all,12,0,0.0
first_raw_q10,pooled,sham,baseline,6,6,1.0
first_raw_q10,pooled,sham,cpu,6,6,1.0
first_raw_q10,pooled,sham,all,12,12,1.0
first_raw_q10,pooled,hiding,baseline,6,6,1.0
first_raw_q10,pooled,hiding,cpu,6,6,1.0
first_raw_q10,pooled,hiding,all,12,12,1.0
first_raw_q10,condition_oracle,unloaded,baseline,6,0,0.0
first_raw_q10,condition_oracle,unloaded,cpu,6,0,0.0
first_raw_q10,condition_oracle,unloaded,all,12,0,0.0
first_raw_q10,condition_oracle,sham,baseline,6,6,1.0
first_raw_q10,condition_oracle,sham,cpu,6,6,1.0
first_raw_q10,condition_oracle,sham,all,12,12,1.0
first_raw_q10,condition_oracle,hiding,baseline,6,6,1.0
first_raw_q10,condition_oracle,hiding,cpu,6,6,1.0
first_raw_q10,condition_oracle,hiding,all,12,12,1.0
first_raw_median,pooled,unloaded,baseline,6,0,0.0
first_raw_median,pooled,unloaded,cpu,6,0,0.0
first_raw_median,pooled,unloaded,all,12,0,0.0
first_raw_median,pooled,sham,baseline,6,0,0.0
first_raw_median,pooled,sham,cpu,6,5,0.8333333333333334
first_raw_median,pooled,sham,all,12,5,0.4166666666666667
first_raw_median,pooled,hiding,baseline,6,6,1.0
first_raw_median,pooled,hiding,cpu,6,6,1.0
first_raw_median,pooled,hiding,all,12,12,1.0
first_raw_median,condition_oracle,unloaded,baseline,6,0,0.0
first_raw_median,condition_oracle,unloaded,cpu,6,0,0.0
first_raw_median,condition_oracle,unloaded,all,12,0,0.0
first_raw_median,condition_oracle,sham,baseline,6,6,1.0
first_raw_median,condition_oracle,sham,cpu,6,5,0.8333333333333334
first_raw_median,condition_oracle,sham,all,12,11,0.9166666666666666
first_raw_median,condition_oracle,hiding,baseline,6,6,1.0
first_raw_median,condition_oracle,hiding,cpu,6,6,1.0
first_raw_median,condition_oracle,hiding,all,12,12,1.0
