window,method,normal_batches,normal_fpr,attack_batches,attack_recall,attack_updates,normal_updates,max_window_attack_fraction
20,fixed,250,0.716,180,0.9888888888888889,0,0,0.0
20,blind,250,0.068,180,0.15555555555555556,180,250,1.0
20,guarded,250,0.104,180,0.9888888888888889,9,249,0.3
50,fixed,250,0.716,180,0.9888888888888889,0,0,0.0
50,blind,250,0.104,180,0.35555555555555557,180,250,1.0
50,guarded,250,0.244,180,0.9888888888888889,9,249,0.18
100,fixed,250,0.716,180,0.9888888888888889,0,0,0.0
100,blind,250,0.148,180,0.4722222222222222,180,250,1.0
100,guarded,250,0.3,180,0.9833333333333333,9,249,0.09
