boot_id,visible_cardinality,filename_length,condition,feature,unloaded,sham,hiding,sham_over_unloaded,hiding_over_sham,hiding_higher_than_sham
1427f41c-8aa4-4a4e-8fd2-31f30cdcd65e,8,32,baseline,first_raw_q10,15818.9,19955.5,20162.6,1.2614973228226996,1.010378091253038,True
1427f41c-8aa4-4a4e-8fd2-31f30cdcd65e,8,32,baseline,first_raw_median,17667.0,22543.0,22680.0,1.275994792551084,1.0060772745419864,True
1427f41c-8aa4-4a4e-8fd2-31f30cdcd65e,8,32,cpu,first_raw_q10,16504.9,19698.8,23152.1,1.1935122297014824,1.1753050947265824,True
1427f41c-8aa4-4a4e-8fd2-31f30cdcd65e,8,32,cpu,first_raw_median,20427.0,30598.0,29308.0,1.497919420374994,0.9578403817242958,False
1427f41c-8aa4-4a4e-8fd2-31f30cdcd65e,8,160,baseline,first_raw_q10,23926.5,27430.0,37875.9,1.1464276011953274,1.3808202697776157,True
1427f41c-8aa4-4a4e-8fd2-31f30cdcd65e,8,160,baseline,first_raw_median,27670.5,29532.0,41449.0,1.067273811459858,1.4035283759989163,True
1427f41c-8aa4-4a4e-8fd2-31f30cdcd65e,8,160,cpu,first_raw_q10,26915.3,29716.4,33072.8,1.104070918771108,1.1129477325651829,True
1427f41c-8aa4-4a4e-8fd2-31f30cdcd65e,8,160,cpu,first_raw_median,32579.0,36541.5,43396.5,1.121627428711747,1.1875949263166536,True
1427f41c-8aa4-4a4e-8fd2-31f30cdcd65e,128,32,baseline,first_raw_q10,85191.6,105718.8,127806.7,1.2409533334272393,1.2089306726901932,True
1427f41c-8aa4-4a4e-8fd2-31f30cdcd65e,128,32,baseline,first_raw_median,89353.5,110524.0,134162.0,1.236929722954333,1.2138721001773372,True
1427f41c-8aa4-4a4e-8fd2-31f30cdcd65e,128,32,cpu,first_raw_q10,84510.6,109280.9,133439.7,1.2931028770355433,1.2210706537006926,True
1427f41c-8aa4-4a4e-8fd2-31f30cdcd65e,128,32,cpu,first_raw_median,95034.5,134200.5,157507.0,1.4121240181197354,1.17366924862426,True
1427f41c-8aa4-4a4e-8fd2-31f30cdcd65e,128,160,baseline,first_raw_q10,187136.4,207784.0,290374.5,1.1103344939840674,1.3974824818080314,True
1427f41c-8aa4-4a4e-8fd2-31f30cdcd65e,128,160,baseline,first_raw_median,192606.0,224376.0,316708.0,1.1649481324569328,1.4115056868827325,True
1427f41c-8aa4-4a4e-8fd2-31f30cdcd65e,128,160,cpu,first_raw_q10,183271.0,222597.0,301025.1,1.2145784112052644,1.352332241674416,True
1427f41c-8aa4-4a4e-8fd2-31f30cdcd65e,128,160,cpu,first_raw_median,270033.5,298076.5,484902.0,1.1038500778607099,1.6267703089643095,True
1427f41c-8aa4-4a4e-8fd2-31f30cdcd65e,1024,32,baseline,first_raw_q10,338785.4,443490.1,546362.0,1.3090590680708198,1.2319598566010832,True
1427f41c-8aa4-4a4e-8fd2-31f30cdcd65e,1024,32,baseline,first_raw_median,371941.5,495852.0,621099.0,1.333145131694097,1.2525894823455386,True
1427f41c-8aa4-4a4e-8fd2-31f30cdcd65e,1024,32,cpu,first_raw_q10,337218.5,462365.4,600143.9,1.3711151671690611,1.2979861814919542,True
1427f41c-8aa4-4a4e-8fd2-31f30cdcd65e,1024,32,cpu,first_raw_median,376886.5,700034.5,821953.0,1.8574146327873247,1.1741607020796831,True
1427f41c-8aa4-4a4e-8fd2-31f30cdcd65e,1024,160,baseline,first_raw_q10,275480.8,296626.6,419583.5,1.0767596144631495,1.4145174438165695,True
1427f41c-8aa4-4a4e-8fd2-31f30cdcd65e,1024,160,baseline,first_raw_median,332508.5,325086.5,475822.0,0.9776787661067311,1.4636781287441958,True
1427f41c-8aa4-4a4e-8fd2-31f30cdcd65e,1024,160,cpu,first_raw_q10,271147.9,301512.4,431300.2,1.1119850089194863,1.4304559281807314,True
1427f41c-8aa4-4a4e-8fd2-31f30cdcd65e,1024,160,cpu,first_raw_median,369009.5,440816.0,628591.0,1.1945925511402824,1.4259713803491707,True
48c03e11-137a-4048-98c3-210b601631e0,8,32,baseline,first_raw_q10,16018.1,19228.6,21403.4,1.2004295141121606,1.1131023579459765,True
48c03e11-137a-4048-98c3-210b601631e0,8,32,baseline,first_raw_median,18534.5,21235.5,24644.5,1.145728236531873,1.1605330696239786,True
48c03e11-137a-4048-98c3-210b601631e0,8,32,cpu,first_raw_q10,19216.4,22445.9,26005.1,1.1680595741137778,1.1585679344557356,True
48c03e11-137a-4048-98c3-210b601631e0,8,32,cpu,first_raw_median,22593.0,27626.0,32380.5,1.222768114017616,1.1721023673351192,True
48c03e11-137a-4048-98c3-210b601631e0,8,160,baseline,first_raw_q10,24677.7,26288.7,34583.9,1.0652816105228606,1.315542419366496,True
48c03e11-137a-4048-98c3-210b601631e0,8,160,baseline,first_raw_median,28066.5,30238.0,37179.0,1.0773698181105589,1.2295456048680469,True
48c03e11-137a-4048-98c3-210b601631e0,8,160,cpu,first_raw_q10,29066.4,33425.2,35028.7,1.149960091376985,1.0479727869990307,True
48c03e11-137a-4048-98c3-210b601631e0,8,160,cpu,first_raw_median,34914.0,38994.5,39236.0,1.1168728876668386,1.006193181089641,True
48c03e11-137a-4048-98c3-210b601631e0,128,32,baseline,first_raw_q10,81680.0,107360.5,127760.8,1.3144037708129286,1.190016812514845,True
48c03e11-137a-4048-98c3-210b601631e0,128,32,baseline,first_raw_median,86765.0,118840.0,132422.0,1.3696767129602951,1.1142881184786266,True
48c03e11-137a-4048-98c3-210b601631e0,128,32,cpu,first_raw_q10,83105.4,106745.0,128539.2,1.2844532364924544,1.204170687151623,True
48c03e11-137a-4048-98c3-210b601631e0,128,32,cpu,first_raw_median,87439.0,133628.5,175410.0,1.5282482645043973,1.3126690788267472,True
48c03e11-137a-4048-98c3-210b601631e0,128,160,baseline,first_raw_q10,181228.3,210704.8,291488.7,1.162648438461322,1.383398479768852,True
48c03e11-137a-4048-98c3-210b601631e0,128,160,baseline,first_raw_median,198791.0,219787.0,318615.5,1.1056184636125377,1.4496558031184739,True
48c03e11-137a-4048-98c3-210b601631e0,128,160,cpu,first_raw_q10,187523.7,210969.4,296868.5,1.1250279298030061,1.4071637877341454,True
48c03e11-137a-4048-98c3-210b601631e0,128,160,cpu,first_raw_median,258593.5,293261.0,427089.5,1.1340617610264758,1.456346053515469,True
48c03e11-137a-4048-98c3-210b601631e0,1024,32,baseline,first_raw_q10,340004.1,442610.8,569309.1,1.3017807726436241,1.2862521655594485,True
48c03e11-137a-4048-98c3-210b601631e0,1024,32,baseline,first_raw_median,394002.5,490146.0,595990.0,1.2440174871986853,1.2159438208207352,True
48c03e11-137a-4048-98c3-210b601631e0,1024,32,cpu,first_raw_q10,345927.9,647295.1,570022.6,1.8711850070491567,0.8806224548895859,False
48c03e11-137a-4048-98c3-210b601631e0,1024,32,cpu,first_raw_median,470794.0,717100.5,759878.5,1.523172555300195,1.0596541210053543,True
48c03e11-137a-4048-98c3-210b601631e0,1024,160,baseline,first_raw_q10,265283.2,298341.6,411882.4,1.1246155052411912,1.3805731416604323,True
48c03e11-137a-4048-98c3-210b601631e0,1024,160,baseline,first_raw_median,272862.0,304677.5,453998.0,1.116599233312077,1.4900936235855946,True
48c03e11-137a-4048-98c3-210b601631e0,1024,160,cpu,first_raw_q10,271535.4,300009.3,414091.7,1.1048625704051847,1.3802628785174327,True
48c03e11-137a-4048-98c3-210b601631e0,1024,160,cpu,first_raw_median,389587.0,414150.0,533063.0,1.0630488183640625,1.2871254376433658,True
7d9cd8f6-f1b9-4a3a-a784-7b3453a4210d,8,32,baseline,first_raw_q10,16274.6,18759.2,21258.5,1.152667346662898,1.133230628171777,True
7d9cd8f6-f1b9-4a3a-a784-7b3453a4210d,8,32,baseline,first_raw_median,18672.0,21734.0,23546.0,1.1639888603256212,1.0833716757154688,True
7d9cd8f6-f1b9-4a3a-a784-7b3453a4210d,8,32,cpu,first_raw_q10,17161.0,21316.6,24424.5,1.2421537206456499,1.1457971721569107,True
7d9cd8f6-f1b9-4a3a-a784-7b3453a4210d,8,32,cpu,first_raw_median,22060.5,25875.5,27673.5,1.172933523718864,1.0694865799694693,True
7d9cd8f6-f1b9-4a3a-a784-7b3453a4210d,8,160,baseline,first_raw_q10,24260.7,27823.0,33183.0,1.1468341803822644,1.1926463717068612,True
7d9cd8f6-f1b9-4a3a-a784-7b3453a4210d,8,160,baseline,first_raw_median,27117.0,32177.5,36293.5,1.1866172511708521,1.1279154688835367,True
7d9cd8f6-f1b9-4a3a-a784-7b3453a4210d,8,160,cpu,first_raw_q10,29475.8,30348.4,38323.4,1.0296039462881414,1.262781563443213,True
7d9cd8f6-f1b9-4a3a-a784-7b3453a4210d,8,160,cpu,first_raw_median,38667.0,41417.5,51011.0,1.0711330074740735,1.2316291422707792,True
7d9cd8f6-f1b9-4a3a-a784-7b3453a4210d,128,32,baseline,first_raw_q10,82505.5,104214.7,129758.7,1.2631242765633806,1.245109375164924,True
7d9cd8f6-f1b9-4a3a-a784-7b3453a4210d,128,32,baseline,first_raw_median,88961.0,110681.5,135425.5,1.2441575521857893,1.2235603962721864,True
7d9cd8f6-f1b9-4a3a-a784-7b3453a4210d,128,32,cpu,first_raw_q10,85691.3,109655.5,134056.9,1.2796573281068206,1.2225278257816525,True
7d9cd8f6-f1b9-4a3a-a784-7b3453a4210d,128,32,cpu,first_raw_median,120110.5,150134.5,177298.5,1.2499698194579159,1.1809310984483912,True
7d9cd8f6-f1b9-4a3a-a784-7b3453a4210d,128,160,baseline,first_raw_q10,183092.2,208165.3,286153.0,1.1369424803459676,1.3746431321646788,True
7d9cd8f6-f1b9-4a3a-a784-7b3453a4210d,128,160,baseline,first_raw_median,186435.5,220266.5,292340.5,1.1814622215189703,1.3272127173219714,True
7d9cd8f6-f1b9-4a3a-a784-7b3453a4210d,128,160,cpu,first_raw_q10,186593.0,211069.5,291248.2,1.1311758747648626,1.3798687162285408,True
7d9cd8f6-f1b9-4a3a-a784-7b3453a4210d,128,160,cpu,first_raw_median,257233.0,291561.5,429773.0,1.1334529395528568,1.474038924892347,True
7d9cd8f6-f1b9-4a3a-a784-7b3453a4210d,1024,32,baseline,first_raw_q10,338377.5,445481.4,560303.9,1.3165219318660373,1.257749257320283,True
7d9cd8f6-f1b9-4a3a-a784-7b3453a4210d,1024,32,baseline,first_raw_median,349712.5,510259.0,622164.5,1.4590813882832327,1.219311173345301,True
7d9cd8f6-f1b9-4a3a-a784-7b3453a4210d,1024,32,cpu,first_raw_q10,341005.2,441990.8,582553.9,1.2961409386132527,1.3180226828250725,True
7d9cd8f6-f1b9-4a3a-a784-7b3453a4210d,1024,32,cpu,first_raw_median,447620.5,594934.0,676586.5,1.3291035598235559,1.1372463163981215,True
7d9cd8f6-f1b9-4a3a-a784-7b3453a4210d,1024,160,baseline,first_raw_q10,270119.1,298145.9,415610.0,1.1037571945116063,1.3939819397147504,True
7d9cd8f6-f1b9-4a3a-a784-7b3453a4210d,1024,160,baseline,first_raw_median,295201.5,332307.0,448017.0,1.1256954995147381,1.3482021143099603,True
7d9cd8f6-f1b9-4a3a-a784-7b3453a4210d,1024,160,cpu,first_raw_q10,278715.6,298114.7,421794.4,1.0696017732771328,1.4148728660478669,True
7d9cd8f6-f1b9-4a3a-a784-7b3453a4210d,1024,160,cpu,first_raw_median,370483.0,340984.5,665203.0,0.9203782629702307,1.9508306096024892,True
